/*
 Navicat Premium Data Transfer

 Source Server         : mysql
 Source Server Type    : MySQL
 Source Server Version : 80033
 Source Host           : localhost:3306
 Source Schema         : joolun_mall

 Target Server Type    : MySQL
 Target Server Version : 80033
 File Encoding         : 65001

 Date: 12/08/2023 17:24:27
*/
DROP DATABASE IF EXISTS joolun_mall;
CREATE DATABASE joolun_mall;
USE joolun_mall;

SET NAMES utf8mb4;
SET FOREIGN_KEY_CHECKS = 0;

-- ----------------------------
-- Table structure for article_category
-- ----------------------------
DROP TABLE IF EXISTS `article_category`;
CREATE TABLE `article_category` (
  `id` varchar(32) CHARACTER SET utf8mb4 COLLATE utf8mb4_0900_ai_ci NOT NULL COMMENT 'PK',
  `tenant_id` varchar(32) CHARACTER SET utf8mb4 COLLATE utf8mb4_0900_ai_ci NOT NULL COMMENT '所属租户',
  `del_flag` char(2) CHARACTER SET utf8mb4 COLLATE utf8mb4_0900_ai_ci NOT NULL DEFAULT '0' COMMENT '逻辑删除标记（0：显示；1：隐藏）',
  `create_time` datetime NOT NULL DEFAULT CURRENT_TIMESTAMP COMMENT '创建时间',
  `update_time` timestamp NOT NULL DEFAULT CURRENT_TIMESTAMP ON UPDATE CURRENT_TIMESTAMP COMMENT '最后更新时间',
  `enable` char(2) NOT NULL COMMENT '（1：开启；0：关闭）',
  `sort` smallint DEFAULT NULL COMMENT '排序',
  `name` varchar(100) CHARACTER SET utf8mb4 COLLATE utf8mb4_0900_ai_ci NOT NULL COMMENT '分类名',
  PRIMARY KEY (`id`),
  KEY `ids_tenant_id` (`tenant_id`) USING BTREE
) ENGINE=InnoDB DEFAULT CHARSET=utf8mb4 COLLATE=utf8mb4_0900_ai_ci ROW_FORMAT=DYNAMIC COMMENT='文章分类表';

-- ----------------------------
-- Records of article_category
-- ----------------------------
BEGIN;
INSERT INTO `article_category` (`id`, `tenant_id`, `del_flag`, `create_time`, `update_time`, `enable`, `sort`, `name`) VALUES ('1331125950240268290', '1', '0', '2020-11-24 14:42:12', '2020-11-24 14:42:21', '1', 0, '榜单');
INSERT INTO `article_category` (`id`, `tenant_id`, `del_flag`, `create_time`, `update_time`, `enable`, `sort`, `name`) VALUES ('1331126094415273986', '1', '0', '2020-11-24 14:42:46', '2020-11-24 14:42:46', '1', 2, '娱乐');
COMMIT;

-- ----------------------------
-- Table structure for article_info
-- ----------------------------
DROP TABLE IF EXISTS `article_info`;
CREATE TABLE `article_info` (
  `id` varchar(32) CHARACTER SET utf8mb4 COLLATE utf8mb4_0900_ai_ci NOT NULL COMMENT 'PK',
  `tenant_id` varchar(32) CHARACTER SET utf8mb4 COLLATE utf8mb4_0900_ai_ci NOT NULL COMMENT '所属租户',
  `del_flag` char(2) CHARACTER SET utf8mb4 COLLATE utf8mb4_0900_ai_ci NOT NULL DEFAULT '0' COMMENT '逻辑删除标记（0：显示；1：隐藏）',
  `create_time` datetime NOT NULL DEFAULT CURRENT_TIMESTAMP COMMENT '创建时间',
  `update_time` timestamp NOT NULL DEFAULT CURRENT_TIMESTAMP ON UPDATE CURRENT_TIMESTAMP COMMENT '最后更新时间',
  `enable` char(2) NOT NULL COMMENT '（1：开启；0：关闭）',
  `pic_url` varchar(500) CHARACTER SET utf8mb4 COLLATE utf8mb4_0900_ai_ci NOT NULL COMMENT '文章图片',
  `category_id` varchar(32) CHARACTER SET utf8mb4 COLLATE utf8mb4_0900_ai_ci NOT NULL COMMENT '文章分类ID',
  `author_name` varchar(64) CHARACTER SET utf8mb4 COLLATE utf8mb4_0900_ai_ci NOT NULL COMMENT '作者',
  `article_title` varchar(100) CHARACTER SET utf8mb4 COLLATE utf8mb4_0900_ai_ci NOT NULL COMMENT '文章标题',
  `article_introduction` varchar(500) CHARACTER SET utf8mb4 COLLATE utf8mb4_0900_ai_ci NOT NULL COMMENT '文章简介',
  `article_content` text COMMENT '文章内容',
  `original_url` varchar(1024) DEFAULT NULL COMMENT '原文地址',
  `is_banner` char(2) NOT NULL DEFAULT '0' COMMENT '是否banner显示（1：是；0：否）',
  `is_hot` char(2) NOT NULL DEFAULT '0' COMMENT '是否热门文章（1：是；0：否）',
  PRIMARY KEY (`id`),
  KEY `ids_tenant_id` (`tenant_id`) USING BTREE
) ENGINE=InnoDB DEFAULT CHARSET=utf8mb4 COLLATE=utf8mb4_0900_ai_ci ROW_FORMAT=DYNAMIC COMMENT='文章表';

-- ----------------------------
-- Records of article_info
-- ----------------------------
BEGIN;
INSERT INTO `article_info` (`id`, `tenant_id`, `del_flag`, `create_time`, `update_time`, `enable`, `pic_url`, `category_id`, `author_name`, `article_title`, `article_introduction`, `article_content`, `original_url`, `is_banner`, `is_hot`) VALUES ('1331144740353101826', '1', '0', '2020-11-24 15:56:52', '2020-11-24 16:07:39', '1', 'http://minio.joolun.com/joolun/1/material/d770b0b5-0117-4b1d-8eea-92ded66fbf7e.jpg', '1331125950240268290', 'wetwet', 'qwtqwe', 'tqwetwqt', '<p><a href=\"https://img13.360buyimg.com/cms/jfs/t1/99692/26/15472/282293/5e7368acE954980e6/df3f71d9dd06bd0e.jpg\" rel=\"noopener noreferrer\" target=\"_blank\" style=\"color: rgb(102, 102, 102);\"><img src=\"https://img13.360buyimg.com/cms/jfs/t1/99692/26/15472/282293/5e7368acE954980e6/df3f71d9dd06bd0e.jpg\" width=\"100%\"></a></p><p><a href=\"https://itunes.apple.com/subscribe?cc=cn&amp;app=music&amp;at=1010lSmM&amp;ct=danpin&amp;itscg=30997\" rel=\"noopener noreferrer\" target=\"_blank\" style=\"color: rgb(102, 102, 102);\"><img src=\"https://img11.360buyimg.com/cms/jfs/t1/99080/2/10057/108103/5e155097Ebbd1aae0/2644ee2c4fd945a2.jpg\" width=\"100%\"></a></p><p><br></p><p><img src=\"https://img10.360buyimg.com/cms/jfs/t1/86568/20/12008/188587/5e42800cEe266e4cc/290ae5f806775d49.png\">&nbsp;<a href=\"https://pro.jd.com/mall/active/zWkKvbSZFLfS1BKeCLmzQ3otsuT/index.html\" rel=\"noopener noreferrer\" target=\"_blank\" style=\"color: rgb(102, 102, 102);\"><img src=\"https://img10.360buyimg.com/cms/jfs/t1/98196/25/1566/38754/5dc19c96E02e79d8d/39359930dc678038.png\"></a></p><p><br></p><p><img src=\"https://img10.360buyimg.com/cms/jfs/t1/65549/8/10108/60203/5d791babEa7fe0161/feb5c02138b57dfe.jpg\">&nbsp;<img src=\"https://img11.360buyimg.com/cms/jfs/t1/43665/32/14756/2824061/5d77f8b8E3e335a82/af0a3a0ac16b6bb2.png\"></p>', '', '0', '0');
COMMIT;

-- ----------------------------
-- Table structure for bargain_cut
-- ----------------------------
DROP TABLE IF EXISTS `bargain_cut`;
CREATE TABLE `bargain_cut` (
  `id` varchar(32) CHARACTER SET utf8mb4 COLLATE utf8mb4_0900_ai_ci NOT NULL COMMENT 'PK',
  `tenant_id` varchar(32) CHARACTER SET utf8mb4 COLLATE utf8mb4_0900_ai_ci NOT NULL COMMENT '所属租户',
  `shop_id` varchar(32) NOT NULL COMMENT '店铺Id',
  `del_flag` char(2) CHARACTER SET utf8mb4 COLLATE utf8mb4_0900_ai_ci NOT NULL DEFAULT '0' COMMENT '逻辑删除标记（0：显示；1：隐藏）',
  `create_time` datetime NOT NULL DEFAULT CURRENT_TIMESTAMP COMMENT '创建时间',
  `update_time` timestamp NOT NULL DEFAULT CURRENT_TIMESTAMP ON UPDATE CURRENT_TIMESTAMP COMMENT '最后更新时间',
  `create_id` varchar(32) CHARACTER SET utf8mb3 COLLATE utf8mb3_general_ci DEFAULT NULL COMMENT '创建者ID',
  `bargain_id` varchar(32) CHARACTER SET utf8mb4 COLLATE utf8mb4_0900_ai_ci NOT NULL COMMENT '砍价ID',
  `bargain_user_id` varchar(32) DEFAULT NULL COMMENT '砍价用户ID',
  `user_id` varchar(32) CHARACTER SET utf8mb4 COLLATE utf8mb4_0900_ai_ci NOT NULL COMMENT '用户ID',
  `cut_price` decimal(10,2) NOT NULL COMMENT '砍价金额',
  `nick_name` varchar(100) DEFAULT NULL COMMENT '昵称',
  `headimg_url` varchar(1000) DEFAULT NULL COMMENT '头像',
  PRIMARY KEY (`id`) USING BTREE,
  KEY `ids_tenant_id` (`tenant_id`) USING BTREE
) ENGINE=InnoDB DEFAULT CHARSET=utf8mb4 COLLATE=utf8mb4_0900_ai_ci ROW_FORMAT=DYNAMIC COMMENT='砍价帮砍记录';

-- ----------------------------
-- Records of bargain_cut
-- ----------------------------
BEGIN;
INSERT INTO `bargain_cut` (`id`, `tenant_id`, `shop_id`, `del_flag`, `create_time`, `update_time`, `create_id`, `bargain_id`, `bargain_user_id`, `user_id`, `cut_price`, `nick_name`, `headimg_url`) VALUES ('1417334769094561794', '1', '1261176336950480898', '0', '2021-07-20 12:05:16', '2021-07-20 12:05:16', NULL, '1417334727617097729', '1417334768876457985', '1385064426583863297', 206.00, '摇遥望', 'http://minio.joolun.com/joolun/1/headimg/6b2698d8-cc37-4c78-ba28-5bcb9ba16f7e.jpg');
INSERT INTO `bargain_cut` (`id`, `tenant_id`, `shop_id`, `del_flag`, `create_time`, `update_time`, `create_id`, `bargain_id`, `bargain_user_id`, `user_id`, `cut_price`, `nick_name`, `headimg_url`) VALUES ('1417335317734690818', '1', '1261176336950480898', '0', '2021-07-20 12:07:27', '2021-07-20 12:07:27', NULL, '1417335275934265345', '1417335317558530050', '1385064426583863297', 499.00, '摇遥望', 'http://minio.joolun.com/joolun/1/headimg/6b2698d8-cc37-4c78-ba28-5bcb9ba16f7e.jpg');
COMMIT;

-- ----------------------------
-- Table structure for bargain_info
-- ----------------------------
DROP TABLE IF EXISTS `bargain_info`;
CREATE TABLE `bargain_info` (
  `id` varchar(32) CHARACTER SET utf8mb4 COLLATE utf8mb4_0900_ai_ci NOT NULL COMMENT 'PK',
  `tenant_id` varchar(32) CHARACTER SET utf8mb4 COLLATE utf8mb4_0900_ai_ci NOT NULL COMMENT '所属租户',
  `shop_id` varchar(32) NOT NULL COMMENT '店铺Id',
  `del_flag` char(2) CHARACTER SET utf8mb4 COLLATE utf8mb4_0900_ai_ci NOT NULL DEFAULT '0' COMMENT '逻辑删除标记（0：显示；1：隐藏）',
  `create_time` datetime NOT NULL DEFAULT CURRENT_TIMESTAMP COMMENT '创建时间',
  `update_time` timestamp NOT NULL DEFAULT CURRENT_TIMESTAMP ON UPDATE CURRENT_TIMESTAMP COMMENT '最后更新时间',
  `create_id` varchar(32) CHARACTER SET utf8mb3 COLLATE utf8mb3_general_ci DEFAULT NULL COMMENT '创建者ID',
  `sort` int NOT NULL DEFAULT '0' COMMENT '排序字段',
  `enable` char(2) CHARACTER SET utf8mb4 COLLATE utf8mb4_0900_ai_ci NOT NULL COMMENT '（1：开启；0：关闭）',
  `spu_id` varchar(32) CHARACTER SET utf8mb4 COLLATE utf8mb4_0900_ai_ci NOT NULL COMMENT '商品Id',
  `sku_id` varchar(32) CHARACTER SET utf8mb4 COLLATE utf8mb4_0900_ai_ci NOT NULL COMMENT 'skuId',
  `name` varchar(100) DEFAULT NULL COMMENT '砍价名称',
  `valid_begin_time` datetime NOT NULL COMMENT '开始时间',
  `valid_end_time` datetime NOT NULL COMMENT '结束时间',
  `bargain_price` decimal(10,2) NOT NULL COMMENT '砍价底价',
  `self_cut` char(2) CHARACTER SET utf8mb4 COLLATE utf8mb4_0900_ai_ci NOT NULL COMMENT '自砍一刀（1：开启；0：关闭）',
  `floor_buy` char(2) CHARACTER SET utf8mb4 COLLATE utf8mb4_0900_ai_ci NOT NULL COMMENT '必须底价购买（1：是；0：否）',
  `launch_num` int DEFAULT '0' COMMENT '发起人数',
  `cut_max` decimal(10,2) NOT NULL COMMENT '单次可砍最高金额',
  `cut_min` decimal(10,2) NOT NULL COMMENT '单次可砍最低金额',
  `pic_url` varchar(500) DEFAULT NULL COMMENT '图片',
  `cut_rule` text COMMENT '砍价规则',
  `share_title` varchar(30) CHARACTER SET utf8mb4 COLLATE utf8mb4_0900_ai_ci NOT NULL COMMENT '分享标题 ',
  PRIMARY KEY (`id`) USING BTREE,
  KEY `ids_tenant_id` (`tenant_id`) USING BTREE
) ENGINE=InnoDB DEFAULT CHARSET=utf8mb4 COLLATE=utf8mb4_0900_ai_ci ROW_FORMAT=DYNAMIC COMMENT='砍价';

-- ----------------------------
-- Records of bargain_info
-- ----------------------------
BEGIN;
INSERT INTO `bargain_info` (`id`, `tenant_id`, `shop_id`, `del_flag`, `create_time`, `update_time`, `create_id`, `sort`, `enable`, `spu_id`, `sku_id`, `name`, `valid_begin_time`, `valid_end_time`, `bargain_price`, `self_cut`, `floor_buy`, `launch_num`, `cut_max`, `cut_min`, `pic_url`, `cut_rule`, `share_title`) VALUES ('1417334727617097729', '1', '1261176336950480898', '0', '2021-07-20 12:05:06', '2021-10-26 10:11:45', NULL, 0, '1', '1273187904351694850', '1273187904368472066', '杨艳玲脸有舱脸请接受诉', '2021-07-19 00:00:00', '2021-07-31 00:00:00', 500.00, '1', '0', 2, 500.00, 100.00, 'https://minio.joolun.com/joolun/1/material/2bc1a1ea-d0a5-476e-97ba-b6fec8ade055.jpg', '杨艳玲脸有舱脸请接受诉', '杨艳玲脸有舱脸请接受诉');
INSERT INTO `bargain_info` (`id`, `tenant_id`, `shop_id`, `del_flag`, `create_time`, `update_time`, `create_id`, `sort`, `enable`, `spu_id`, `sku_id`, `name`, `valid_begin_time`, `valid_end_time`, `bargain_price`, `self_cut`, `floor_buy`, `launch_num`, `cut_max`, `cut_min`, `pic_url`, `cut_rule`, `share_title`) VALUES ('1417335275934265345', '1', '1261176336950480898', '0', '2021-07-20 12:07:17', '2021-10-26 10:11:46', NULL, 5, '1', '1273187904351694850', '1273187904360083458', '二位预热主衣', '2021-07-19 00:00:00', '2021-07-29 00:00:00', 4000.00, '1', '1', 8, 800.00, 490.00, 'https://minio.joolun.com/joolun/1/material/4e209339-40e6-4999-bef9-16660eda6e3a.jpg', '二位预热主衣', '二位预热主衣');
COMMIT;

-- ----------------------------
-- Table structure for bargain_user
-- ----------------------------
DROP TABLE IF EXISTS `bargain_user`;
CREATE TABLE `bargain_user` (
  `id` varchar(32) CHARACTER SET utf8mb4 COLLATE utf8mb4_0900_ai_ci NOT NULL COMMENT 'PK',
  `tenant_id` varchar(32) CHARACTER SET utf8mb4 COLLATE utf8mb4_0900_ai_ci NOT NULL COMMENT '所属租户',
  `shop_id` varchar(32) NOT NULL COMMENT '店铺Id',
  `del_flag` char(2) CHARACTER SET utf8mb4 COLLATE utf8mb4_0900_ai_ci NOT NULL DEFAULT '0' COMMENT '逻辑删除标记（0：显示；1：隐藏）',
  `create_time` datetime NOT NULL DEFAULT CURRENT_TIMESTAMP COMMENT '创建时间',
  `update_time` timestamp NOT NULL DEFAULT CURRENT_TIMESTAMP ON UPDATE CURRENT_TIMESTAMP COMMENT '最后更新时间',
  `create_id` varchar(32) CHARACTER SET utf8mb3 COLLATE utf8mb3_general_ci DEFAULT NULL COMMENT '创建者ID',
  `bargain_id` varchar(32) CHARACTER SET utf8mb4 COLLATE utf8mb4_0900_ai_ci NOT NULL COMMENT '砍价ID',
  `user_id` varchar(32) CHARACTER SET utf8mb4 COLLATE utf8mb4_0900_ai_ci NOT NULL COMMENT '用户ID',
  `spu_id` varchar(32) CHARACTER SET utf8mb4 COLLATE utf8mb4_0900_ai_ci NOT NULL COMMENT '商品Id',
  `sku_id` varchar(32) CHARACTER SET utf8mb4 COLLATE utf8mb4_0900_ai_ci NOT NULL COMMENT 'skuId',
  `valid_begin_time` datetime NOT NULL COMMENT '开始时间',
  `valid_end_time` datetime NOT NULL COMMENT '结束时间',
  `bargain_price` decimal(10,2) NOT NULL COMMENT '砍价底价',
  `floor_buy` char(2) CHARACTER SET utf8mb4 COLLATE utf8mb4_0900_ai_ci NOT NULL COMMENT '必须底价购买（1：是；0：否）',
  `status` char(2) CHARACTER SET utf8mb4 COLLATE utf8mb4_0900_ai_ci NOT NULL DEFAULT '0' COMMENT '状态（0：砍价中；1：完成砍价）',
  `is_buy` char(2) CHARACTER SET utf8mb4 COLLATE utf8mb4_0900_ai_ci NOT NULL DEFAULT '0' COMMENT '是否购买（1：是；0：否）',
  `order_id` varchar(32) DEFAULT NULL COMMENT '订单Id',
  PRIMARY KEY (`id`) USING BTREE,
  UNIQUE KEY `uk_user_bargain` (`bargain_id`,`user_id`),
  KEY `ids_tenant_id` (`tenant_id`) USING BTREE
) ENGINE=InnoDB DEFAULT CHARSET=utf8mb4 COLLATE=utf8mb4_0900_ai_ci ROW_FORMAT=DYNAMIC COMMENT='砍价记录';

-- ----------------------------
-- Records of bargain_user
-- ----------------------------
BEGIN;
INSERT INTO `bargain_user` (`id`, `tenant_id`, `shop_id`, `del_flag`, `create_time`, `update_time`, `create_id`, `bargain_id`, `user_id`, `spu_id`, `sku_id`, `valid_begin_time`, `valid_end_time`, `bargain_price`, `floor_buy`, `status`, `is_buy`, `order_id`) VALUES ('1417334768876457985', '1', '1261176336950480898', '0', '2021-07-20 12:05:16', '2021-07-20 12:05:16', NULL, '1417334727617097729', '1385064426583863297', '1273187904351694850', '1273187904368472066', '2021-07-19 00:00:00', '2021-07-31 00:00:00', 500.00, '0', '0', '0', NULL);
INSERT INTO `bargain_user` (`id`, `tenant_id`, `shop_id`, `del_flag`, `create_time`, `update_time`, `create_id`, `bargain_id`, `user_id`, `spu_id`, `sku_id`, `valid_begin_time`, `valid_end_time`, `bargain_price`, `floor_buy`, `status`, `is_buy`, `order_id`) VALUES ('1417335317558530050', '1', '1261176336950480898', '0', '2021-07-20 12:07:27', '2021-07-20 12:07:27', NULL, '1417335275934265345', '1385064426583863297', '1273187904351694850', '1273187904360083458', '2021-07-19 00:00:00', '2021-07-29 00:00:00', 4000.00, '1', '1', '0', NULL);
COMMIT;

-- ----------------------------
-- Table structure for coupon_goods
-- ----------------------------
DROP TABLE IF EXISTS `coupon_goods`;
CREATE TABLE `coupon_goods` (
  `id` varchar(32) CHARACTER SET utf8mb4 COLLATE utf8mb4_0900_ai_ci NOT NULL COMMENT 'PK',
  `tenant_id` varchar(32) CHARACTER SET utf8mb4 COLLATE utf8mb4_0900_ai_ci NOT NULL COMMENT '所属租户',
  `shop_id` varchar(32) NOT NULL COMMENT '店铺Id',
  `del_flag` char(2) CHARACTER SET utf8mb4 COLLATE utf8mb4_0900_ai_ci NOT NULL DEFAULT '0' COMMENT '逻辑删除标记（0：显示；1：隐藏）',
  `create_time` datetime NOT NULL DEFAULT CURRENT_TIMESTAMP COMMENT '创建时间',
  `update_time` timestamp NOT NULL DEFAULT CURRENT_TIMESTAMP ON UPDATE CURRENT_TIMESTAMP COMMENT '最后更新时间',
  `create_id` varchar(32) CHARACTER SET utf8mb3 COLLATE utf8mb3_general_ci DEFAULT NULL COMMENT '创建者ID',
  `coupon_id` varchar(32) CHARACTER SET utf8mb3 COLLATE utf8mb3_general_ci NOT NULL COMMENT '电子券ID',
  `spu_id` varchar(32) CHARACTER SET utf8mb3 COLLATE utf8mb3_general_ci NOT NULL COMMENT '商品Id',
  PRIMARY KEY (`id`) USING BTREE,
  KEY `ids_tenant_id` (`tenant_id`),
  KEY `ids_spu_coupon_id` (`tenant_id`,`coupon_id`,`spu_id`)
) ENGINE=InnoDB DEFAULT CHARSET=utf8mb4 COLLATE=utf8mb4_0900_ai_ci ROW_FORMAT=DYNAMIC COMMENT='电子券商品关联';

-- ----------------------------
-- Records of coupon_goods
-- ----------------------------
BEGIN;
INSERT INTO `coupon_goods` (`id`, `tenant_id`, `shop_id`, `del_flag`, `create_time`, `update_time`, `create_id`, `coupon_id`, `spu_id`) VALUES ('1264837819261485058', '1', '1261193346845495297', '0', '2020-05-25 16:36:50', '2020-05-25 16:36:50', NULL, '1264834477625933826', '2b48a2f35352a4d87d51d6dd03bb874e');
INSERT INTO `coupon_goods` (`id`, `tenant_id`, `shop_id`, `del_flag`, `create_time`, `update_time`, `create_id`, `coupon_id`, `spu_id`) VALUES ('1264837819278262274', '1', '1261193346845495297', '0', '2020-05-25 16:36:50', '2020-05-25 16:36:50', NULL, '1264834477625933826', '1262322806084739073');
INSERT INTO `coupon_goods` (`id`, `tenant_id`, `shop_id`, `del_flag`, `create_time`, `update_time`, `create_id`, `coupon_id`, `spu_id`) VALUES ('1264837872898244609', '1', '1261193631538073602', '0', '2020-05-25 16:37:03', '2020-05-25 16:37:03', NULL, '1264834932280098818', '87ec583e2883cbd2fd259f47ece0fe15');
INSERT INTO `coupon_goods` (`id`, `tenant_id`, `shop_id`, `del_flag`, `create_time`, `update_time`, `create_id`, `coupon_id`, `spu_id`) VALUES ('1264911205195030529', '1', '1261176336950480898', '0', '2020-05-25 21:28:26', '2020-05-25 21:28:26', NULL, '1264908369681948673', '2835671ff031c18cb181b1a199f86b01');
INSERT INTO `coupon_goods` (`id`, `tenant_id`, `shop_id`, `del_flag`, `create_time`, `update_time`, `create_id`, `coupon_id`, `spu_id`) VALUES ('1463727358476869634', '1', '1261176336950480898', '0', '2021-11-25 12:32:51', '2021-11-25 12:32:51', NULL, '1261997476094619649', '1273186784766128130');
INSERT INTO `coupon_goods` (`id`, `tenant_id`, `shop_id`, `del_flag`, `create_time`, `update_time`, `create_id`, `coupon_id`, `spu_id`) VALUES ('1463727358476869635', '1', '1261176336950480898', '0', '2021-11-25 12:32:51', '2021-11-25 12:32:51', NULL, '1261997476094619649', '1273187904351694850');
COMMIT;

-- ----------------------------
-- Table structure for coupon_info
-- ----------------------------
DROP TABLE IF EXISTS `coupon_info`;
CREATE TABLE `coupon_info` (
  `id` varchar(32) CHARACTER SET utf8mb4 COLLATE utf8mb4_0900_ai_ci NOT NULL COMMENT 'PK',
  `tenant_id` varchar(32) CHARACTER SET utf8mb4 COLLATE utf8mb4_0900_ai_ci NOT NULL COMMENT '所属租户',
  `shop_id` varchar(32) NOT NULL COMMENT '店铺Id',
  `del_flag` char(2) CHARACTER SET utf8mb4 COLLATE utf8mb4_0900_ai_ci NOT NULL DEFAULT '0' COMMENT '逻辑删除标记（0：显示；1：隐藏）',
  `create_time` datetime NOT NULL DEFAULT CURRENT_TIMESTAMP COMMENT '创建时间',
  `update_time` timestamp NOT NULL DEFAULT CURRENT_TIMESTAMP ON UPDATE CURRENT_TIMESTAMP COMMENT '最后更新时间',
  `create_id` varchar(32) CHARACTER SET utf8mb3 COLLATE utf8mb3_general_ci DEFAULT NULL COMMENT '创建者ID',
  `sort` int NOT NULL DEFAULT '0' COMMENT '排序字段',
  `name` varchar(30) CHARACTER SET utf8mb4 COLLATE utf8mb4_0900_ai_ci NOT NULL COMMENT '名称',
  `type` char(2) CHARACTER SET utf8mb4 COLLATE utf8mb4_0900_ai_ci NOT NULL COMMENT '类型1、代金券；2：折扣券',
  `premise_amount` decimal(10,2) DEFAULT NULL COMMENT '订单金额满多少可使用',
  `expire_type` char(2) CHARACTER SET utf8mb4 COLLATE utf8mb4_0900_ai_ci NOT NULL COMMENT '到期类型1、领券后生效；2：固定时间段',
  `stock` int NOT NULL DEFAULT '0' COMMENT '库存',
  `reduce_amount` decimal(10,2) DEFAULT NULL COMMENT '减免金额（代金券特有）',
  `discount` decimal(10,1) DEFAULT NULL COMMENT '折扣率（折扣券特有）',
  `valid_days` int DEFAULT NULL COMMENT '有效天数（领券后生效特有）',
  `valid_begin_time` datetime DEFAULT NULL COMMENT '有效开始时间（固定时间段特有）',
  `valid_end_time` datetime DEFAULT NULL COMMENT '有效结束时间（固定时间段特有）',
  `suit_type` char(2) CHARACTER SET utf8mb4 COLLATE utf8mb4_0900_ai_ci DEFAULT NULL COMMENT '适用类型1、全部商品；2、指定商品可用',
  `remarks` varchar(100) CHARACTER SET utf8mb4 COLLATE utf8mb4_0900_ai_ci DEFAULT NULL COMMENT '备注',
  `enable` char(2) CHARACTER SET utf8mb4 COLLATE utf8mb4_0900_ai_ci NOT NULL COMMENT '（1：开启；0：关闭）',
  `version` int DEFAULT '0' COMMENT '版本号',
  PRIMARY KEY (`id`) USING BTREE,
  KEY `ids_tenant_id` (`tenant_id`) USING BTREE
) ENGINE=InnoDB DEFAULT CHARSET=utf8mb4 COLLATE=utf8mb4_0900_ai_ci ROW_FORMAT=DYNAMIC COMMENT='电子券';

-- ----------------------------
-- Records of coupon_info
-- ----------------------------
BEGIN;
INSERT INTO `coupon_info` (`id`, `tenant_id`, `shop_id`, `del_flag`, `create_time`, `update_time`, `create_id`, `sort`, `name`, `type`, `premise_amount`, `expire_type`, `stock`, `reduce_amount`, `discount`, `valid_days`, `valid_begin_time`, `valid_end_time`, `suit_type`, `remarks`, `enable`, `version`) VALUES ('1261997476094619649', '1', '1261176336950480898', '0', '2020-05-17 20:30:19', '2021-10-13 15:27:05', NULL, 4, '34元代金券', '1', 100.00, '1', 25, 34.00, NULL, 6, '2020-05-21 00:00:00', '2020-06-30 00:00:00', '2', NULL, '1', 25);
INSERT INTO `coupon_info` (`id`, `tenant_id`, `shop_id`, `del_flag`, `create_time`, `update_time`, `create_id`, `sort`, `name`, `type`, `premise_amount`, `expire_type`, `stock`, `reduce_amount`, `discount`, `valid_days`, `valid_begin_time`, `valid_end_time`, `suit_type`, `remarks`, `enable`, `version`) VALUES ('1262198814564888578', '1', '1261193346845495297', '0', '2020-05-18 09:50:22', '2020-05-18 09:50:22', NULL, 2, '5折优惠券', '2', 32.00, '1', 6, NULL, 5.0, 3, NULL, NULL, '1', NULL, '1', 21);
INSERT INTO `coupon_info` (`id`, `tenant_id`, `shop_id`, `del_flag`, `create_time`, `update_time`, `create_id`, `sort`, `name`, `type`, `premise_amount`, `expire_type`, `stock`, `reduce_amount`, `discount`, `valid_days`, `valid_begin_time`, `valid_end_time`, `suit_type`, `remarks`, `enable`, `version`) VALUES ('1264825605175607297', '1', '1261176336950480898', '0', '2020-05-25 15:48:18', '2020-05-25 15:48:18', NULL, 4, '8折优惠券', '2', 100.00, '1', 41, NULL, 8.0, 15, NULL, NULL, '1', NULL, '1', 15);
INSERT INTO `coupon_info` (`id`, `tenant_id`, `shop_id`, `del_flag`, `create_time`, `update_time`, `create_id`, `sort`, `name`, `type`, `premise_amount`, `expire_type`, `stock`, `reduce_amount`, `discount`, `valid_days`, `valid_begin_time`, `valid_end_time`, `suit_type`, `remarks`, `enable`, `version`) VALUES ('1264827016298856450', '1', '1261193631538073602', '0', '2020-05-25 15:53:54', '2020-05-25 15:53:54', NULL, 6, '85折优惠券', '2', 200.00, '1', 26, NULL, 8.5, 3, NULL, NULL, '1', NULL, '1', 7);
INSERT INTO `coupon_info` (`id`, `tenant_id`, `shop_id`, `del_flag`, `create_time`, `update_time`, `create_id`, `sort`, `name`, `type`, `premise_amount`, `expire_type`, `stock`, `reduce_amount`, `discount`, `valid_days`, `valid_begin_time`, `valid_end_time`, `suit_type`, `remarks`, `enable`, `version`) VALUES ('1264834477625933826', '1', '1261193346845495297', '0', '2020-05-25 16:23:33', '2020-05-25 16:23:33', NULL, 5, '100元代金券', '1', 1000.00, '1', 95, 100.00, NULL, 15, NULL, NULL, '2', NULL, '1', 4);
INSERT INTO `coupon_info` (`id`, `tenant_id`, `shop_id`, `del_flag`, `create_time`, `update_time`, `create_id`, `sort`, `name`, `type`, `premise_amount`, `expire_type`, `stock`, `reduce_amount`, `discount`, `valid_days`, `valid_begin_time`, `valid_end_time`, `suit_type`, `remarks`, `enable`, `version`) VALUES ('1264834932280098818', '1', '1261193631538073602', '0', '2020-05-25 16:25:22', '2020-05-25 16:25:22', NULL, 6, '80元代金券', '1', 200.00, '1', 53, 80.00, NULL, 1, NULL, NULL, '2', NULL, '1', 4);
INSERT INTO `coupon_info` (`id`, `tenant_id`, `shop_id`, `del_flag`, `create_time`, `update_time`, `create_id`, `sort`, `name`, `type`, `premise_amount`, `expire_type`, `stock`, `reduce_amount`, `discount`, `valid_days`, `valid_begin_time`, `valid_end_time`, `suit_type`, `remarks`, `enable`, `version`) VALUES ('1264908369681948673', '1', '1261176336950480898', '0', '2020-05-25 21:17:10', '2020-05-25 21:17:10', NULL, 1, '特定券', '1', 100.00, '1', 0, 100.00, NULL, 5, NULL, NULL, '2', NULL, '1', 5);
INSERT INTO `coupon_info` (`id`, `tenant_id`, `shop_id`, `del_flag`, `create_time`, `update_time`, `create_id`, `sort`, `name`, `type`, `premise_amount`, `expire_type`, `stock`, `reduce_amount`, `discount`, `valid_days`, `valid_begin_time`, `valid_end_time`, `suit_type`, `remarks`, `enable`, `version`) VALUES ('1267390248196644866', '1', '1261193346845495297', '0', '2020-06-01 17:39:16', '2020-06-01 17:39:16', NULL, 9, '2折优惠券', '2', 100.00, '1', 28, NULL, 2.0, 15, NULL, NULL, '1', NULL, '1', 6);
COMMIT;

-- ----------------------------
-- Table structure for coupon_user
-- ----------------------------
DROP TABLE IF EXISTS `coupon_user`;
CREATE TABLE `coupon_user` (
  `id` varchar(32) CHARACTER SET utf8mb4 COLLATE utf8mb4_0900_ai_ci NOT NULL COMMENT 'PK',
  `tenant_id` varchar(32) CHARACTER SET utf8mb4 COLLATE utf8mb4_0900_ai_ci NOT NULL COMMENT '所属租户',
  `shop_id` varchar(32) NOT NULL COMMENT '店铺Id',
  `del_flag` char(2) CHARACTER SET utf8mb4 COLLATE utf8mb4_0900_ai_ci NOT NULL DEFAULT '0' COMMENT '逻辑删除标记（0：显示；1：隐藏）',
  `create_time` datetime NOT NULL DEFAULT CURRENT_TIMESTAMP COMMENT '创建时间',
  `update_time` timestamp NOT NULL DEFAULT CURRENT_TIMESTAMP ON UPDATE CURRENT_TIMESTAMP COMMENT '最后更新时间',
  `create_id` varchar(32) CHARACTER SET utf8mb3 COLLATE utf8mb3_general_ci DEFAULT NULL COMMENT '创建者ID',
  `coupon_id` varchar(32) CHARACTER SET utf8mb3 COLLATE utf8mb3_general_ci NOT NULL COMMENT '电子券ID',
  `user_id` varchar(32) CHARACTER SET utf8mb4 COLLATE utf8mb4_0900_ai_ci NOT NULL COMMENT '用户id',
  `coupon_code` int NOT NULL AUTO_INCREMENT COMMENT '电子券码',
  `valid_begin_time` datetime DEFAULT NULL COMMENT '有效开始时间',
  `valid_end_time` datetime DEFAULT NULL COMMENT '有效结束时间',
  `status` char(2) CHARACTER SET utf8mb4 COLLATE utf8mb4_0900_ai_ci DEFAULT '0' COMMENT '状态0、未使用；1、已使用',
  `used_time` datetime DEFAULT NULL COMMENT '使用时间',
  `name` varchar(30) NOT NULL COMMENT '名称',
  `type` char(2) DEFAULT NULL COMMENT '类型1、代金券；2：折扣券',
  `premise_amount` decimal(10,2) DEFAULT NULL COMMENT '订单金额满多少可使用',
  `reduce_amount` decimal(10,2) DEFAULT NULL COMMENT '减免金额（代金券特有）',
  `discount` decimal(10,1) DEFAULT NULL COMMENT '折扣率（折扣券特有）',
  `suit_type` char(2) DEFAULT NULL COMMENT '适用类型1、全部商品；2、指定商品可用',
  PRIMARY KEY (`id`),
  UNIQUE KEY `uk_coupon_code` (`coupon_code`),
  KEY `ids_tenant_id` (`tenant_id`) USING BTREE,
  KEY `ids_user` (`user_id`),
  KEY `coupon_code` (`coupon_code`)
) ENGINE=InnoDB AUTO_INCREMENT=184 DEFAULT CHARSET=utf8mb4 COLLATE=utf8mb4_0900_ai_ci ROW_FORMAT=DYNAMIC COMMENT='电子券用户记录';

-- ----------------------------
-- Records of coupon_user
-- ----------------------------
BEGIN;
INSERT INTO `coupon_user` (`id`, `tenant_id`, `shop_id`, `del_flag`, `create_time`, `update_time`, `create_id`, `coupon_id`, `user_id`, `coupon_code`, `valid_begin_time`, `valid_end_time`, `status`, `used_time`, `name`, `type`, `premise_amount`, `reduce_amount`, `discount`, `suit_type`) VALUES ('1390490747231338497', '1', '1261193346845495297', '0', '2021-05-07 10:16:42', '2021-05-07 10:16:42', NULL, '1262198814564888578', '1385064426583863297', 172, '2021-05-07 10:16:43', '2021-05-10 10:16:43', '0', NULL, '5折优惠券', '2', 32.00, NULL, 5.0, '1');
INSERT INTO `coupon_user` (`id`, `tenant_id`, `shop_id`, `del_flag`, `create_time`, `update_time`, `create_id`, `coupon_id`, `user_id`, `coupon_code`, `valid_begin_time`, `valid_end_time`, `status`, `used_time`, `name`, `type`, `premise_amount`, `reduce_amount`, `discount`, `suit_type`) VALUES ('1417313241778962434', '1', '1261193346845495297', '0', '2021-07-20 10:39:43', '2021-07-20 10:39:43', NULL, '1262198814564888578', '1385064426583863297', 173, '2021-07-20 10:39:44', '2021-07-23 10:39:44', '0', NULL, '5折优惠券', '2', 32.00, NULL, 5.0, '1');
INSERT INTO `coupon_user` (`id`, `tenant_id`, `shop_id`, `del_flag`, `create_time`, `update_time`, `create_id`, `coupon_id`, `user_id`, `coupon_code`, `valid_begin_time`, `valid_end_time`, `status`, `used_time`, `name`, `type`, `premise_amount`, `reduce_amount`, `discount`, `suit_type`) VALUES ('1417313312591396866', '1', '1261193631538073602', '0', '2021-07-20 10:40:00', '2021-07-20 10:40:00', NULL, '1264827016298856450', '1385064426583863297', 174, '2021-07-20 10:40:01', '2021-07-23 10:40:01', '1', '2021-07-20 10:40:13', '85折优惠券', '2', 200.00, NULL, 8.5, '1');
INSERT INTO `coupon_user` (`id`, `tenant_id`, `shop_id`, `del_flag`, `create_time`, `update_time`, `create_id`, `coupon_id`, `user_id`, `coupon_code`, `valid_begin_time`, `valid_end_time`, `status`, `used_time`, `name`, `type`, `premise_amount`, `reduce_amount`, `discount`, `suit_type`) VALUES ('1417319530072436737', '1', '1261176336950480898', '0', '2021-07-20 11:04:43', '2021-07-20 11:04:43', NULL, '1264825605175607297', '1385064426583863297', 175, '2021-07-20 11:04:43', '2021-08-04 11:04:43', '1', '2021-07-20 11:05:03', '8折优惠券', '2', 100.00, NULL, 8.0, '1');
INSERT INTO `coupon_user` (`id`, `tenant_id`, `shop_id`, `del_flag`, `create_time`, `update_time`, `create_id`, `coupon_id`, `user_id`, `coupon_code`, `valid_begin_time`, `valid_end_time`, `status`, `used_time`, `name`, `type`, `premise_amount`, `reduce_amount`, `discount`, `suit_type`) VALUES ('1417319768120160257', '1', '1261193631538073602', '0', '2021-07-20 11:05:39', '2021-07-20 11:05:39', NULL, '1264827016298856450', '1385064426583863297', 176, '2021-07-20 11:05:40', '2021-07-23 11:05:40', '1', '2021-07-20 11:08:05', '85折优惠券', '2', 200.00, NULL, 8.5, '1');
INSERT INTO `coupon_user` (`id`, `tenant_id`, `shop_id`, `del_flag`, `create_time`, `update_time`, `create_id`, `coupon_id`, `user_id`, `coupon_code`, `valid_begin_time`, `valid_end_time`, `status`, `used_time`, `name`, `type`, `premise_amount`, `reduce_amount`, `discount`, `suit_type`) VALUES ('1417320686089768962', '1', '1261176336950480898', '0', '2021-07-20 11:09:18', '2021-07-20 11:09:18', NULL, '1264825605175607297', '1385064426583863297', 177, '2021-07-20 11:09:19', '2021-08-04 11:09:19', '1', '2021-07-20 11:09:32', '8折优惠券', '2', 100.00, NULL, 8.0, '1');
INSERT INTO `coupon_user` (`id`, `tenant_id`, `shop_id`, `del_flag`, `create_time`, `update_time`, `create_id`, `coupon_id`, `user_id`, `coupon_code`, `valid_begin_time`, `valid_end_time`, `status`, `used_time`, `name`, `type`, `premise_amount`, `reduce_amount`, `discount`, `suit_type`) VALUES ('1417320812451565570', '1', '1261176336950480898', '0', '2021-07-20 11:09:48', '2021-07-20 11:09:48', NULL, '1264825605175607297', '1385064426583863297', 178, '2021-07-20 11:09:49', '2021-08-04 11:09:49', '1', '2021-07-20 11:10:00', '8折优惠券', '2', 100.00, NULL, 8.0, '1');
INSERT INTO `coupon_user` (`id`, `tenant_id`, `shop_id`, `del_flag`, `create_time`, `update_time`, `create_id`, `coupon_id`, `user_id`, `coupon_code`, `valid_begin_time`, `valid_end_time`, `status`, `used_time`, `name`, `type`, `premise_amount`, `reduce_amount`, `discount`, `suit_type`) VALUES ('1417320963014496258', '1', '1261193631538073602', '0', '2021-07-20 11:10:24', '2021-07-20 11:10:24', NULL, '1264827016298856450', '1385064426583863297', 179, '2021-07-20 11:10:25', '2021-07-23 11:10:25', '1', '2021-07-20 11:11:13', '85折优惠券', '2', 200.00, NULL, 8.5, '1');
INSERT INTO `coupon_user` (`id`, `tenant_id`, `shop_id`, `del_flag`, `create_time`, `update_time`, `create_id`, `coupon_id`, `user_id`, `coupon_code`, `valid_begin_time`, `valid_end_time`, `status`, `used_time`, `name`, `type`, `premise_amount`, `reduce_amount`, `discount`, `suit_type`) VALUES ('1417320982987771905', '1', '1261176336950480898', '0', '2021-07-20 11:10:29', '2021-07-20 11:10:29', NULL, '1264825605175607297', '1385064426583863297', 180, '2021-07-20 11:10:30', '2021-08-04 11:10:30', '1', '2021-07-20 11:11:14', '8折优惠券', '2', 100.00, NULL, 8.0, '1');
INSERT INTO `coupon_user` (`id`, `tenant_id`, `shop_id`, `del_flag`, `create_time`, `update_time`, `create_id`, `coupon_id`, `user_id`, `coupon_code`, `valid_begin_time`, `valid_end_time`, `status`, `used_time`, `name`, `type`, `premise_amount`, `reduce_amount`, `discount`, `suit_type`) VALUES ('1417323404653072385', '1', '1261176336950480898', '0', '2021-07-20 11:20:06', '2021-07-20 11:20:06', NULL, '1264825605175607297', '1385064426583863297', 181, '2021-07-20 11:20:07', '2021-08-04 11:20:07', '1', '2021-07-20 11:20:28', '8折优惠券', '2', 100.00, NULL, 8.0, '1');
INSERT INTO `coupon_user` (`id`, `tenant_id`, `shop_id`, `del_flag`, `create_time`, `update_time`, `create_id`, `coupon_id`, `user_id`, `coupon_code`, `valid_begin_time`, `valid_end_time`, `status`, `used_time`, `name`, `type`, `premise_amount`, `reduce_amount`, `discount`, `suit_type`) VALUES ('1422405376999989249', '1', '1261193346845495297', '0', '2021-08-03 11:54:03', '2021-08-03 11:54:03', NULL, '1262198814564888578', '1385064426583863297', 182, '2021-08-03 11:54:04', '2021-08-06 11:54:04', '0', NULL, '5折优惠券', '2', 32.00, NULL, 5.0, '1');
INSERT INTO `coupon_user` (`id`, `tenant_id`, `shop_id`, `del_flag`, `create_time`, `update_time`, `create_id`, `coupon_id`, `user_id`, `coupon_code`, `valid_begin_time`, `valid_end_time`, `status`, `used_time`, `name`, `type`, `premise_amount`, `reduce_amount`, `discount`, `suit_type`) VALUES ('1422441344771620865', '1', '1261176336950480898', '0', '2021-08-03 14:16:58', '2021-08-03 14:16:58', NULL, '1264825605175607297', '1385064426583863297', 183, '2021-08-03 14:16:59', '2021-08-18 14:16:59', '0', NULL, '8折优惠券', '2', 100.00, NULL, 8.0, '1');
COMMIT;

-- ----------------------------
-- Table structure for delivery_place
-- ----------------------------
DROP TABLE IF EXISTS `delivery_place`;
CREATE TABLE `delivery_place` (
  `id` varchar(32) CHARACTER SET utf8mb4 COLLATE utf8mb4_0900_ai_ci NOT NULL COMMENT 'PK',
  `tenant_id` varchar(32) CHARACTER SET utf8mb4 COLLATE utf8mb4_0900_ai_ci NOT NULL COMMENT '所属租户',
  `del_flag` char(2) CHARACTER SET utf8mb4 COLLATE utf8mb4_0900_ai_ci NOT NULL DEFAULT '0' COMMENT '逻辑删除标记（0：显示；1：隐藏）',
  `create_time` datetime NOT NULL DEFAULT CURRENT_TIMESTAMP COMMENT '创建时间',
  `update_time` timestamp NOT NULL DEFAULT CURRENT_TIMESTAMP ON UPDATE CURRENT_TIMESTAMP COMMENT '最后更新时间',
  `create_id` varchar(32) CHARACTER SET utf8mb3 COLLATE utf8mb3_general_ci DEFAULT NULL COMMENT '创建者ID',
  `place` varchar(50) CHARACTER SET utf8mb4 COLLATE utf8mb4_0900_ai_ci NOT NULL COMMENT '地方',
  `address` varchar(255) CHARACTER SET utf8mb4 COLLATE utf8mb4_0900_ai_ci NOT NULL COMMENT '详细地址',
  `tel_num` varchar(50) CHARACTER SET utf8mb4 COLLATE utf8mb4_0900_ai_ci NOT NULL COMMENT '电话号码',
  PRIMARY KEY (`id`) USING BTREE,
  KEY `ids_tenant_id` (`tenant_id`) USING BTREE
) ENGINE=InnoDB DEFAULT CHARSET=utf8mb4 COLLATE=utf8mb4_0900_ai_ci ROW_FORMAT=DYNAMIC COMMENT='发货地';

-- ----------------------------
-- Records of delivery_place
-- ----------------------------
BEGIN;
INSERT INTO `delivery_place` (`id`, `tenant_id`, `del_flag`, `create_time`, `update_time`, `create_id`, `place`, `address`, `tel_num`) VALUES ('1226515772106289154', '1', '0', '2020-02-09 22:38:42', '2020-02-09 22:38:42', NULL, '广东深圳', '杰奎琳啊各位作你你 仍', '18653658264');
INSERT INTO `delivery_place` (`id`, `tenant_id`, `del_flag`, `create_time`, `update_time`, `create_id`, `place`, `address`, `tel_num`) VALUES ('1226515817257971713', '1', '0', '2020-02-09 22:38:53', '2020-02-09 22:38:53', NULL, '湖南长沙', '梦工厂仍和我自然人仍', '18653625621');
INSERT INTO `delivery_place` (`id`, `tenant_id`, `del_flag`, `create_time`, `update_time`, `create_id`, `place`, `address`, `tel_num`) VALUES ('1226515909281001473', '1', '0', '2020-02-09 22:39:14', '2020-02-09 22:39:14', NULL, '江苏南京', '仍签名签名 你', '18542561581');
COMMIT;

-- ----------------------------
-- Table structure for distribution_config
-- ----------------------------
DROP TABLE IF EXISTS `distribution_config`;
CREATE TABLE `distribution_config` (
  `id` varchar(32) CHARACTER SET utf8mb4 COLLATE utf8mb4_0900_ai_ci NOT NULL COMMENT 'PK',
  `tenant_id` varchar(32) CHARACTER SET utf8mb4 COLLATE utf8mb4_0900_ai_ci NOT NULL COMMENT '所属租户',
  `del_flag` char(2) CHARACTER SET utf8mb4 COLLATE utf8mb4_0900_ai_ci NOT NULL DEFAULT '0' COMMENT '逻辑删除标记（0：显示；1：隐藏）',
  `create_time` datetime NOT NULL DEFAULT CURRENT_TIMESTAMP COMMENT '创建时间',
  `update_time` timestamp NOT NULL DEFAULT CURRENT_TIMESTAMP ON UPDATE CURRENT_TIMESTAMP COMMENT '最后更新时间',
  `enable` char(2) NOT NULL COMMENT '（1：开启；0：关闭）',
  `bind_type` char(2) CHARACTER SET utf8mb4 COLLATE utf8mb4_0900_ai_ci DEFAULT NULL COMMENT '分销关系绑定1：所有用户；2：新用户',
  `distribution_model` char(2) CHARACTER SET utf8mb4 COLLATE utf8mb4_0900_ai_ci DEFAULT NULL COMMENT '分销模式1：指定分销；2：人人分销；3：满额分销',
  `first_rebate` int DEFAULT '0' COMMENT '一级返佣比例',
  `second_rebate` int DEFAULT '0' COMMENT '二级返佣比例',
  `frozen_time` int DEFAULT '0' COMMENT '冻结时间（小时）',
  `withdraw_min` decimal(10,2) DEFAULT NULL COMMENT '提现最低金额',
  `withdraw_bank` varchar(200) CHARACTER SET utf8mb4 COLLATE utf8mb4_0900_ai_ci DEFAULT NULL COMMENT '提现银行',
  `pic_urls` varchar(1024) CHARACTER SET utf8mb4 COLLATE utf8mb4_0900_ai_ci DEFAULT '' COMMENT '分销图片',
  `full_amount` decimal(10,2) DEFAULT NULL COMMENT '分销模式为满额分销时的指定额度',
  PRIMARY KEY (`id`),
  UNIQUE KEY `uk_tenant_id` (`tenant_id`),
  KEY `ids_tenant_id` (`tenant_id`) USING BTREE
) ENGINE=InnoDB DEFAULT CHARSET=utf8mb4 COLLATE=utf8mb4_0900_ai_ci COMMENT='分销设置';

-- ----------------------------
-- Records of distribution_config
-- ----------------------------
BEGIN;
INSERT INTO `distribution_config` (`id`, `tenant_id`, `del_flag`, `create_time`, `update_time`, `enable`, `bind_type`, `distribution_model`, `first_rebate`, `second_rebate`, `frozen_time`, `withdraw_min`, `withdraw_bank`, `pic_urls`, `full_amount`) VALUES ('1382168374077870081', '1', '0', '2021-04-14 11:06:34', '2021-04-14 11:06:34', '1', '1', '2', 50, 13, 1, 600.00, '中国银行,长沙银行', '[\"http://minio.joolun.com/joolun/1/material/10952adc-cad0-4c53-8762-9906d1dde220.jpg\",\"http://minio.joolun.com/joolun/1/material/52152ce2-84fc-4f5b-ac35-92a9f067e1eb.jpg\"]', 100.00);
COMMIT;

-- ----------------------------
-- Table structure for distribution_order
-- ----------------------------
DROP TABLE IF EXISTS `distribution_order`;
CREATE TABLE `distribution_order` (
  `id` varchar(32) CHARACTER SET utf8mb4 COLLATE utf8mb4_0900_ai_ci NOT NULL COMMENT 'PK',
  `tenant_id` varchar(32) CHARACTER SET utf8mb4 COLLATE utf8mb4_0900_ai_ci NOT NULL COMMENT '所属租户',
  `del_flag` char(2) CHARACTER SET utf8mb4 COLLATE utf8mb4_0900_ai_ci NOT NULL DEFAULT '0' COMMENT '逻辑删除标记（0：显示；1：隐藏）',
  `create_time` datetime NOT NULL DEFAULT CURRENT_TIMESTAMP COMMENT '创建时间',
  `update_time` timestamp NOT NULL DEFAULT CURRENT_TIMESTAMP ON UPDATE CURRENT_TIMESTAMP COMMENT '最后更新时间',
  `distribution_level` char(2) CHARACTER SET utf8mb4 COLLATE utf8mb4_0900_ai_ci NOT NULL COMMENT '分销级别（1：一级分销；2：二级分销）',
  `distribution_user_id` varchar(32) CHARACTER SET utf8mb4 COLLATE utf8mb4_0900_ai_ci NOT NULL COMMENT '分销员ID',
  `order_id` varchar(32) CHARACTER SET utf8mb4 COLLATE utf8mb4_0900_ai_ci NOT NULL COMMENT '订单id',
  `shop_id` varchar(32) CHARACTER SET utf8mb4 COLLATE utf8mb4_0900_ai_ci NOT NULL COMMENT '店铺id',
  `user_id` varchar(32) CHARACTER SET utf8mb4 COLLATE utf8mb4_0900_ai_ci NOT NULL COMMENT '用户id',
  `commission` decimal(10,2) NOT NULL DEFAULT '0.00' COMMENT '返佣金额',
  `commission_status` char(2) NOT NULL COMMENT '佣金状态（1：冻结；2：解冻）',
  PRIMARY KEY (`id`) USING BTREE,
  UNIQUE KEY `uk_user_order` (`distribution_user_id`,`order_id`),
  KEY `ids_tenant_id` (`tenant_id`) USING BTREE
) ENGINE=InnoDB DEFAULT CHARSET=utf8mb4 COLLATE=utf8mb4_0900_ai_ci COMMENT='分销订单';

-- ----------------------------
-- Records of distribution_order
-- ----------------------------
BEGIN;
INSERT INTO `distribution_order` (`id`, `tenant_id`, `del_flag`, `create_time`, `update_time`, `distribution_level`, `distribution_user_id`, `order_id`, `shop_id`, `user_id`, `commission`, `commission_status`) VALUES ('1400278522352664577', '1', '0', '2021-06-03 10:29:50', '2021-06-03 10:29:50', '1', '1387751568009359361', '1400278150959628290', '1261193346845495297', '1385064426583863297', 0.00, '2');
INSERT INTO `distribution_order` (`id`, `tenant_id`, `del_flag`, `create_time`, `update_time`, `distribution_level`, `distribution_user_id`, `order_id`, `shop_id`, `user_id`, `commission`, `commission_status`) VALUES ('1400278522474299394', '1', '0', '2021-06-03 10:29:50', '2021-06-03 10:29:50', '2', '1387779975556374529', '1400278150959628290', '1261193346845495297', '1385064426583863297', 0.00, '2');
COMMIT;

-- ----------------------------
-- Table structure for distribution_order_item
-- ----------------------------
DROP TABLE IF EXISTS `distribution_order_item`;
CREATE TABLE `distribution_order_item` (
  `id` varchar(32) CHARACTER SET utf8mb4 COLLATE utf8mb4_0900_ai_ci NOT NULL COMMENT 'PK',
  `tenant_id` varchar(32) CHARACTER SET utf8mb4 COLLATE utf8mb4_0900_ai_ci NOT NULL COMMENT '所属租户',
  `del_flag` char(2) CHARACTER SET utf8mb4 COLLATE utf8mb4_0900_ai_ci NOT NULL DEFAULT '0' COMMENT '逻辑删除标记（0：显示；1：隐藏）',
  `create_time` datetime NOT NULL DEFAULT CURRENT_TIMESTAMP COMMENT '创建时间',
  `update_time` timestamp NOT NULL DEFAULT CURRENT_TIMESTAMP ON UPDATE CURRENT_TIMESTAMP COMMENT '最后更新时间',
  `distribution_order_id` varchar(32) CHARACTER SET utf8mb4 COLLATE utf8mb4_0900_ai_ci NOT NULL COMMENT '分销订单id',
  `order_id` varchar(32) NOT NULL COMMENT '订单id',
  `order_item_id` varchar(32) NOT NULL COMMENT '订单明细id',
  `commission` decimal(10,2) NOT NULL COMMENT '返佣金额',
  PRIMARY KEY (`id`) USING BTREE,
  UNIQUE KEY `uk_order` (`distribution_order_id`,`order_id`,`order_item_id`),
  KEY `ids_tenant_id` (`tenant_id`) USING BTREE
) ENGINE=InnoDB DEFAULT CHARSET=utf8mb4 COLLATE=utf8mb4_0900_ai_ci COMMENT='分销订单明细';

-- ----------------------------
-- Records of distribution_order_item
-- ----------------------------
BEGIN;
INSERT INTO `distribution_order_item` (`id`, `tenant_id`, `del_flag`, `create_time`, `update_time`, `distribution_order_id`, `order_id`, `order_item_id`, `commission`) VALUES ('1400278522411384833', '1', '0', '2021-06-03 10:29:50', '2021-06-03 10:29:50', '1400278522352664577', '1400278150959628290', '1400278150968016898', 0.00);
INSERT INTO `distribution_order_item` (`id`, `tenant_id`, `del_flag`, `create_time`, `update_time`, `distribution_order_id`, `order_id`, `order_item_id`, `commission`) VALUES ('1400278522528825346', '1', '0', '2021-06-03 10:29:50', '2021-06-03 10:29:50', '1400278522474299394', '1400278150959628290', '1400278150968016898', 0.00);
COMMIT;

-- ----------------------------
-- Table structure for distribution_user
-- ----------------------------
DROP TABLE IF EXISTS `distribution_user`;
CREATE TABLE `distribution_user` (
  `user_id` varchar(32) CHARACTER SET utf8mb4 COLLATE utf8mb4_0900_ai_ci NOT NULL COMMENT 'PK/商城用户ID',
  `tenant_id` varchar(32) CHARACTER SET utf8mb4 COLLATE utf8mb4_0900_ai_ci NOT NULL COMMENT '所属租户',
  `del_flag` char(2) CHARACTER SET utf8mb4 COLLATE utf8mb4_0900_ai_ci NOT NULL DEFAULT '0' COMMENT '逻辑删除标记（0：显示；1：隐藏）',
  `create_time` datetime NOT NULL DEFAULT CURRENT_TIMESTAMP COMMENT '创建时间',
  `update_time` timestamp NOT NULL DEFAULT CURRENT_TIMESTAMP ON UPDATE CURRENT_TIMESTAMP COMMENT '最后更新时间',
  `commission_total` decimal(10,2) NOT NULL DEFAULT '0.00' COMMENT '累计佣金金额',
  `commission_withdrawal` decimal(10,2) NOT NULL DEFAULT '0.00' COMMENT '已提现佣金金额',
  PRIMARY KEY (`user_id`) USING BTREE,
  KEY `ids_tenant_id` (`tenant_id`) USING BTREE
) ENGINE=InnoDB DEFAULT CHARSET=utf8mb4 COLLATE=utf8mb4_0900_ai_ci COMMENT='分销员';

-- ----------------------------
-- Records of distribution_user
-- ----------------------------
BEGIN;
INSERT INTO `distribution_user` (`user_id`, `tenant_id`, `del_flag`, `create_time`, `update_time`, `commission_total`, `commission_withdrawal`) VALUES ('1385064426583863297', '1', '0', '2021-05-11 14:47:35', '2021-05-11 14:47:35', 0.00, 0.00);
INSERT INTO `distribution_user` (`user_id`, `tenant_id`, `del_flag`, `create_time`, `update_time`, `commission_total`, `commission_withdrawal`) VALUES ('1387751568009359361', '1', '0', '2021-05-07 10:24:01', '2021-05-11 18:09:52', 22.50, 9.40);
INSERT INTO `distribution_user` (`user_id`, `tenant_id`, `del_flag`, `create_time`, `update_time`, `commission_total`, `commission_withdrawal`) VALUES ('1387779975556374529', '1', '0', '2021-05-07 10:19:15', '2021-05-11 18:09:52', 14.43, 0.00);
COMMIT;

-- ----------------------------
-- Table structure for ensure
-- ----------------------------
DROP TABLE IF EXISTS `ensure`;
CREATE TABLE `ensure` (
  `id` varchar(32) CHARACTER SET utf8mb4 COLLATE utf8mb4_0900_ai_ci NOT NULL COMMENT 'PK',
  `tenant_id` varchar(32) CHARACTER SET utf8mb4 COLLATE utf8mb4_0900_ai_ci NOT NULL COMMENT '所属租户',
  `del_flag` char(2) CHARACTER SET utf8mb4 COLLATE utf8mb4_0900_ai_ci NOT NULL DEFAULT '0' COMMENT '逻辑删除标记（0：显示；1：隐藏）',
  `create_time` datetime NOT NULL DEFAULT CURRENT_TIMESTAMP COMMENT '创建时间',
  `update_time` timestamp NOT NULL DEFAULT CURRENT_TIMESTAMP ON UPDATE CURRENT_TIMESTAMP COMMENT '最后更新时间',
  `create_id` varchar(32) CHARACTER SET utf8mb3 COLLATE utf8mb3_general_ci DEFAULT NULL COMMENT '创建者ID',
  `name` varchar(50) CHARACTER SET utf8mb4 COLLATE utf8mb4_0900_ai_ci NOT NULL COMMENT '保障名',
  `detail` varchar(200) CHARACTER SET utf8mb4 COLLATE utf8mb4_0900_ai_ci NOT NULL COMMENT '保障详情',
  PRIMARY KEY (`id`) USING BTREE,
  KEY `ids_tenant_id` (`tenant_id`) USING BTREE
) ENGINE=InnoDB DEFAULT CHARSET=utf8mb4 COLLATE=utf8mb4_0900_ai_ci ROW_FORMAT=DYNAMIC COMMENT='保障服务';

-- ----------------------------
-- Records of ensure
-- ----------------------------
BEGIN;
INSERT INTO `ensure` (`id`, `tenant_id`, `del_flag`, `create_time`, `update_time`, `create_id`, `name`, `detail`) VALUES ('1226531618484621314', '1', '0', '2020-02-09 23:41:40', '2020-02-09 23:41:40', NULL, '假一赔十', '正品保障，假一赔十');
INSERT INTO `ensure` (`id`, `tenant_id`, `del_flag`, `create_time`, `update_time`, `create_id`, `name`, `detail`) VALUES ('1226531861997522946', '1', '0', '2020-02-09 23:42:38', '2020-02-09 23:42:38', NULL, '七天无理由退换', '满足相应条件时，消费者可申请 “七天无理由退换”');
INSERT INTO `ensure` (`id`, `tenant_id`, `del_flag`, `create_time`, `update_time`, `create_id`, `name`, `detail`) VALUES ('1226532182597537793', '1', '0', '2020-02-09 23:43:54', '2020-02-09 23:43:54', NULL, '24小时内发货', '');
INSERT INTO `ensure` (`id`, `tenant_id`, `del_flag`, `create_time`, `update_time`, `create_id`, `name`, `detail`) VALUES ('1226532495656194050', '1', '0', '2020-02-09 23:45:09', '2020-02-09 23:45:09', NULL, '5年质量保证', '');
COMMIT;

-- ----------------------------
-- Table structure for ensure_goods
-- ----------------------------
DROP TABLE IF EXISTS `ensure_goods`;
CREATE TABLE `ensure_goods` (
  `id` varchar(32) CHARACTER SET utf8mb4 COLLATE utf8mb4_0900_ai_ci NOT NULL COMMENT 'PK',
  `tenant_id` varchar(32) CHARACTER SET utf8mb4 COLLATE utf8mb4_0900_ai_ci NOT NULL COMMENT '所属租户',
  `del_flag` char(2) CHARACTER SET utf8mb4 COLLATE utf8mb4_0900_ai_ci NOT NULL DEFAULT '0' COMMENT '逻辑删除标记（0：显示；1：隐藏）',
  `create_time` datetime NOT NULL DEFAULT CURRENT_TIMESTAMP COMMENT '创建时间',
  `update_time` timestamp NOT NULL DEFAULT CURRENT_TIMESTAMP ON UPDATE CURRENT_TIMESTAMP COMMENT '最后更新时间',
  `create_id` varchar(32) CHARACTER SET utf8mb3 COLLATE utf8mb3_general_ci DEFAULT NULL COMMENT '创建者ID',
  `ensure_id` varchar(32) CHARACTER SET utf8mb4 COLLATE utf8mb4_0900_ai_ci NOT NULL COMMENT '保障ID',
  `spu_id` varchar(32) CHARACTER SET utf8mb4 COLLATE utf8mb4_0900_ai_ci NOT NULL COMMENT '商品spuID',
  PRIMARY KEY (`id`) USING BTREE,
  KEY `ids_tenant_id` (`tenant_id`) USING BTREE
) ENGINE=InnoDB DEFAULT CHARSET=utf8mb4 COLLATE=utf8mb4_0900_ai_ci ROW_FORMAT=DYNAMIC COMMENT='商品保障';

-- ----------------------------
-- Records of ensure_goods
-- ----------------------------
BEGIN;
INSERT INTO `ensure_goods` (`id`, `tenant_id`, `del_flag`, `create_time`, `update_time`, `create_id`, `ensure_id`, `spu_id`) VALUES ('1273185516844806145', '1', '0', '2020-06-17 17:27:36', '2020-06-17 17:27:36', NULL, '1226531861997522946', '2b48a2f35352a4d87d51d6dd03bb874e');
INSERT INTO `ensure_goods` (`id`, `tenant_id`, `del_flag`, `create_time`, `update_time`, `create_id`, `ensure_id`, `spu_id`) VALUES ('1273190776988561409', '1', '0', '2020-06-17 17:48:30', '2020-06-17 17:48:30', NULL, '1226531618484621314', '1273190776913063938');
INSERT INTO `ensure_goods` (`id`, `tenant_id`, `del_flag`, `create_time`, `update_time`, `create_id`, `ensure_id`, `spu_id`) VALUES ('1273190776992755713', '1', '0', '2020-06-17 17:48:30', '2020-06-17 17:48:30', NULL, '1226531861997522946', '1273190776913063938');
INSERT INTO `ensure_goods` (`id`, `tenant_id`, `del_flag`, `create_time`, `update_time`, `create_id`, `ensure_id`, `spu_id`) VALUES ('1273190776992755714', '1', '0', '2020-06-17 17:48:30', '2020-06-17 17:48:30', NULL, '1226532182597537793', '1273190776913063938');
INSERT INTO `ensure_goods` (`id`, `tenant_id`, `del_flag`, `create_time`, `update_time`, `create_id`, `ensure_id`, `spu_id`) VALUES ('1273190776996950017', '1', '0', '2020-06-17 17:48:30', '2020-06-17 17:48:30', NULL, '1226532495656194050', '1273190776913063938');
INSERT INTO `ensure_goods` (`id`, `tenant_id`, `del_flag`, `create_time`, `update_time`, `create_id`, `ensure_id`, `spu_id`) VALUES ('1273190828947599362', '1', '0', '2020-06-17 17:48:43', '2020-06-17 17:48:43', NULL, '1226531618484621314', '1273189745068142593');
INSERT INTO `ensure_goods` (`id`, `tenant_id`, `del_flag`, `create_time`, `update_time`, `create_id`, `ensure_id`, `spu_id`) VALUES ('1273190828951793665', '1', '0', '2020-06-17 17:48:43', '2020-06-17 17:48:43', NULL, '1226531861997522946', '1273189745068142593');
INSERT INTO `ensure_goods` (`id`, `tenant_id`, `del_flag`, `create_time`, `update_time`, `create_id`, `ensure_id`, `spu_id`) VALUES ('1273190828951793666', '1', '0', '2020-06-17 17:48:43', '2020-06-17 17:48:43', NULL, '1226532182597537793', '1273189745068142593');
INSERT INTO `ensure_goods` (`id`, `tenant_id`, `del_flag`, `create_time`, `update_time`, `create_id`, `ensure_id`, `spu_id`) VALUES ('1273190828951793667', '1', '0', '2020-06-17 17:48:43', '2020-06-17 17:48:43', NULL, '1226532495656194050', '1273189745068142593');
INSERT INTO `ensure_goods` (`id`, `tenant_id`, `del_flag`, `create_time`, `update_time`, `create_id`, `ensure_id`, `spu_id`) VALUES ('1273190866658586625', '1', '0', '2020-06-17 17:48:52', '2020-06-17 17:48:52', NULL, '1226531618484621314', '1273189184264531969');
INSERT INTO `ensure_goods` (`id`, `tenant_id`, `del_flag`, `create_time`, `update_time`, `create_id`, `ensure_id`, `spu_id`) VALUES ('1273190866662780930', '1', '0', '2020-06-17 17:48:52', '2020-06-17 17:48:52', NULL, '1226531861997522946', '1273189184264531969');
INSERT INTO `ensure_goods` (`id`, `tenant_id`, `del_flag`, `create_time`, `update_time`, `create_id`, `ensure_id`, `spu_id`) VALUES ('1273190866666975233', '1', '0', '2020-06-17 17:48:52', '2020-06-17 17:48:52', NULL, '1226532495656194050', '1273189184264531969');
INSERT INTO `ensure_goods` (`id`, `tenant_id`, `del_flag`, `create_time`, `update_time`, `create_id`, `ensure_id`, `spu_id`) VALUES ('1273190866666975234', '1', '0', '2020-06-17 17:48:52', '2020-06-17 17:48:52', NULL, '1226532182597537793', '1273189184264531969');
INSERT INTO `ensure_goods` (`id`, `tenant_id`, `del_flag`, `create_time`, `update_time`, `create_id`, `ensure_id`, `spu_id`) VALUES ('1323801159447633922', '1', '0', '2020-11-04 09:36:06', '2020-11-04 09:36:06', NULL, '1226532182597537793', '1255379800819601410');
INSERT INTO `ensure_goods` (`id`, `tenant_id`, `del_flag`, `create_time`, `update_time`, `create_id`, `ensure_id`, `spu_id`) VALUES ('1390494282517868546', '1', '0', '2021-05-07 10:30:45', '2021-05-07 10:30:45', NULL, '1226531861997522946', '4d06c5157cce971b89166e509cdf63e8');
INSERT INTO `ensure_goods` (`id`, `tenant_id`, `del_flag`, `create_time`, `update_time`, `create_id`, `ensure_id`, `spu_id`) VALUES ('1390494282517868547', '1', '0', '2021-05-07 10:30:45', '2021-05-07 10:30:45', NULL, '1226531618484621314', '4d06c5157cce971b89166e509cdf63e8');
INSERT INTO `ensure_goods` (`id`, `tenant_id`, `del_flag`, `create_time`, `update_time`, `create_id`, `ensure_id`, `spu_id`) VALUES ('1463513032201687041', '1', '0', '2021-11-24 22:21:12', '2021-11-24 22:21:12', NULL, '1226531861997522946', '1463447554313768961');
INSERT INTO `ensure_goods` (`id`, `tenant_id`, `del_flag`, `create_time`, `update_time`, `create_id`, `ensure_id`, `spu_id`) VALUES ('1463513732025503745', '1', '0', '2021-11-24 22:23:59', '2021-11-24 22:23:59', NULL, '1226531618484621314', '1273192146906968065');
INSERT INTO `ensure_goods` (`id`, `tenant_id`, `del_flag`, `create_time`, `update_time`, `create_id`, `ensure_id`, `spu_id`) VALUES ('1463513732025503746', '1', '0', '2021-11-24 22:23:59', '2021-11-24 22:23:59', NULL, '1226531861997522946', '1273192146906968065');
INSERT INTO `ensure_goods` (`id`, `tenant_id`, `del_flag`, `create_time`, `update_time`, `create_id`, `ensure_id`, `spu_id`) VALUES ('1463513732025503747', '1', '0', '2021-11-24 22:23:59', '2021-11-24 22:23:59', NULL, '1226532182597537793', '1273192146906968065');
INSERT INTO `ensure_goods` (`id`, `tenant_id`, `del_flag`, `create_time`, `update_time`, `create_id`, `ensure_id`, `spu_id`) VALUES ('1463513732025503748', '1', '0', '2021-11-24 22:23:59', '2021-11-24 22:23:59', NULL, '1226532495656194050', '1273192146906968065');
COMMIT;

-- ----------------------------
-- Table structure for freight_templat
-- ----------------------------
DROP TABLE IF EXISTS `freight_templat`;
CREATE TABLE `freight_templat` (
  `id` varchar(32) CHARACTER SET utf8mb4 COLLATE utf8mb4_0900_ai_ci NOT NULL COMMENT 'PK',
  `tenant_id` varchar(32) CHARACTER SET utf8mb4 COLLATE utf8mb4_0900_ai_ci NOT NULL COMMENT '所属租户',
  `shop_id` varchar(32) NOT NULL COMMENT '店铺Id',
  `del_flag` char(2) CHARACTER SET utf8mb4 COLLATE utf8mb4_0900_ai_ci NOT NULL DEFAULT '0' COMMENT '逻辑删除标记（0：显示；1：隐藏）',
  `create_time` datetime NOT NULL DEFAULT CURRENT_TIMESTAMP COMMENT '创建时间',
  `update_time` timestamp NOT NULL DEFAULT CURRENT_TIMESTAMP ON UPDATE CURRENT_TIMESTAMP COMMENT '最后更新时间',
  `sort` int NOT NULL COMMENT '排序字段',
  `name` varchar(100) CHARACTER SET utf8mb4 COLLATE utf8mb4_0900_ai_ci NOT NULL COMMENT '名称',
  `type` char(2) NOT NULL COMMENT '模板类型1、买家承担运费；2、卖家包邮',
  `charge_type` char(2) NOT NULL COMMENT '计费方式1、按件数；2、按重量；3、按体积',
  `first_num` decimal(10,2) DEFAULT '0.00' COMMENT '首件、首体积、首重量',
  `first_freight` decimal(10,2) DEFAULT '0.00' COMMENT '首运费',
  `continue_num` decimal(10,2) DEFAULT '0.00' COMMENT '续件、续体积、续重量',
  `continue_freight` decimal(10,2) DEFAULT '0.00' COMMENT '续运费',
  PRIMARY KEY (`id`),
  KEY `ids_tenant_id` (`tenant_id`) USING BTREE
) ENGINE=InnoDB DEFAULT CHARSET=utf8mb4 COLLATE=utf8mb4_0900_ai_ci ROW_FORMAT=DYNAMIC COMMENT='运费模板';

-- ----------------------------
-- Records of freight_templat
-- ----------------------------
BEGIN;
INSERT INTO `freight_templat` (`id`, `tenant_id`, `shop_id`, `del_flag`, `create_time`, `update_time`, `sort`, `name`, `type`, `charge_type`, `first_num`, `first_freight`, `continue_num`, `continue_freight`) VALUES ('1262305528488382466', '1', '1261193346845495297', '0', '2020-05-18 16:54:25', '2020-05-18 16:54:25', 1, '全国包邮（Apple）', '2', '', 0.00, 0.00, 0.00, 0.00);
INSERT INTO `freight_templat` (`id`, `tenant_id`, `shop_id`, `del_flag`, `create_time`, `update_time`, `sort`, `name`, `type`, `charge_type`, `first_num`, `first_freight`, `continue_num`, `continue_freight`) VALUES ('1262360528119889921', '1', '1261193631538073602', '0', '2020-05-18 20:32:58', '2020-05-18 20:32:58', 2, '全国包邮（小米）', '2', '', 0.00, 0.00, 0.00, 0.00);
INSERT INTO `freight_templat` (`id`, `tenant_id`, `shop_id`, `del_flag`, `create_time`, `update_time`, `sort`, `name`, `type`, `charge_type`, `first_num`, `first_freight`, `continue_num`, `continue_freight`) VALUES ('1417329046902091778', '1', '1261193346845495297', '0', '2021-07-20 11:42:32', '2021-07-20 11:42:32', 2, '按重量计费', '1', '2', 5.00, 10.00, 10.00, 5.00);
INSERT INTO `freight_templat` (`id`, `tenant_id`, `shop_id`, `del_flag`, `create_time`, `update_time`, `sort`, `name`, `type`, `charge_type`, `first_num`, `first_freight`, `continue_num`, `continue_freight`) VALUES ('556760ba464981b71de368b7d5627746', '1', '1261176336950480898', '0', '2019-12-24 18:30:36', '2020-05-18 16:35:31', 3, '全国统一按重量收费', '2', '2', 6.00, 5.00, 5.00, 5.00);
INSERT INTO `freight_templat` (`id`, `tenant_id`, `shop_id`, `del_flag`, `create_time`, `update_time`, `sort`, `name`, `type`, `charge_type`, `first_num`, `first_freight`, `continue_num`, `continue_freight`) VALUES ('a73cf89f7a5a0dcd8c45b9cf2b7be681', '1', '1261176336950480898', '0', '2019-12-24 18:23:59', '2020-05-18 16:35:32', 2, '全国统一按件收费', '1', '1', 2.00, 5.00, 2.00, 3.00);
INSERT INTO `freight_templat` (`id`, `tenant_id`, `shop_id`, `del_flag`, `create_time`, `update_time`, `sort`, `name`, `type`, `charge_type`, `first_num`, `first_freight`, `continue_num`, `continue_freight`) VALUES ('b850d39b204f3be8654d8358b91aff3f', '1', '1261176336950480898', '0', '2019-12-24 18:31:08', '2020-05-18 16:35:33', 5, '全国统一按体积收费', '1', '3', 6.00, 5.00, 5.00, 5.00);
INSERT INTO `freight_templat` (`id`, `tenant_id`, `shop_id`, `del_flag`, `create_time`, `update_time`, `sort`, `name`, `type`, `charge_type`, `first_num`, `first_freight`, `continue_num`, `continue_freight`) VALUES ('e2daad9554fc3206bab0ab4788840b42', '1', '1261176336950480898', '0', '2019-12-24 18:07:17', '2020-05-18 16:35:34', 1, '全国包邮（华为）', '2', '1', 0.00, 0.00, 0.00, 0.00);
COMMIT;

-- ----------------------------
-- Table structure for goods_appraises
-- ----------------------------
DROP TABLE IF EXISTS `goods_appraises`;
CREATE TABLE `goods_appraises` (
  `id` varchar(32) CHARACTER SET utf8mb4 COLLATE utf8mb4_0900_ai_ci NOT NULL COMMENT 'PK',
  `tenant_id` varchar(32) CHARACTER SET utf8mb4 COLLATE utf8mb4_0900_ai_ci NOT NULL COMMENT '所属租户',
  `shop_id` varchar(32) NOT NULL COMMENT '店铺Id',
  `create_time` datetime NOT NULL DEFAULT CURRENT_TIMESTAMP COMMENT '创建时间',
  `update_time` timestamp NOT NULL DEFAULT CURRENT_TIMESTAMP ON UPDATE CURRENT_TIMESTAMP COMMENT '最后更新时间',
  `del_flag` char(2) CHARACTER SET utf8mb4 COLLATE utf8mb4_0900_ai_ci NOT NULL DEFAULT '0' COMMENT '逻辑删除标记（0：显示；1：隐藏）',
  `order_id` varchar(32) DEFAULT NULL COMMENT '订单ID',
  `order_item_id` varchar(32) DEFAULT NULL COMMENT '订单详情ID',
  `user_id` varchar(32) CHARACTER SET utf8mb4 COLLATE utf8mb4_0900_ai_ci DEFAULT NULL COMMENT '用户编号',
  `nick_name` varchar(200) DEFAULT NULL COMMENT '用户昵称',
  `headimg_url` varchar(1000) DEFAULT NULL COMMENT '用户头像',
  `spu_id` varchar(32) DEFAULT NULL COMMENT '商品Id',
  `sku_id` varchar(32) DEFAULT NULL COMMENT 'sku_id',
  `pic_urls` varchar(1024) CHARACTER SET utf8mb4 COLLATE utf8mb4_0900_ai_ci DEFAULT NULL COMMENT '图片',
  `spec_info` varchar(500) DEFAULT NULL COMMENT '规格信息',
  `goods_score` smallint DEFAULT NULL COMMENT '商品评分',
  `service_score` smallint DEFAULT NULL COMMENT '服务评分',
  `logistics_score` smallint DEFAULT NULL COMMENT '物流评分',
  `content` varchar(500) DEFAULT NULL COMMENT '评论内容',
  `seller_reply` varchar(500) DEFAULT NULL COMMENT '卖家回复',
  `reply_time` datetime DEFAULT NULL COMMENT '回复时间',
  `parent_id` varchar(32) NOT NULL DEFAULT '-1' COMMENT '父ID（-1：主评论；其他：追评）',
  PRIMARY KEY (`id`) USING BTREE,
  KEY `ids_tenant_id` (`tenant_id`) USING BTREE
) ENGINE=InnoDB DEFAULT CHARSET=utf8mb4 COLLATE=utf8mb4_0900_ai_ci ROW_FORMAT=DYNAMIC COMMENT='商品评价表';

-- ----------------------------
-- Records of goods_appraises
-- ----------------------------
BEGIN;
INSERT INTO `goods_appraises` (`id`, `tenant_id`, `shop_id`, `create_time`, `update_time`, `del_flag`, `order_id`, `order_item_id`, `user_id`, `nick_name`, `headimg_url`, `spu_id`, `sku_id`, `pic_urls`, `spec_info`, `goods_score`, `service_score`, `logistics_score`, `content`, `seller_reply`, `reply_time`, `parent_id`) VALUES ('1400297739873452034', '1', '1261176336950480898', '2021-06-03 11:46:12', '2021-06-03 11:46:12', '0', '1390293139036635138', '1390293139116326914', '1385064426583863297', '摇遥望', 'http://minio.joolun.com/joolun/1/headimg/c0842d0d-98d3-4d36-b0af-4663d98a700d.jpg', '2835671ff031c18cb181b1a199f86b01', '5a61a7876305b760efa8abe04b912a8b', '[\"http://minio.joolun.com/joolun/1/goods/appraises/c3fb6933-4d5a-4702-9e07-0cc462fd6830.jpg\",\"http://minio.joolun.com/joolun/1/goods/appraises/7d527404-a1bd-482f-88a1-f2a0b525c4b4.jpg\"]', '移动，白色，64G', 4, 5, 4, 'qwtqwetwt', NULL, NULL, '-1');
INSERT INTO `goods_appraises` (`id`, `tenant_id`, `shop_id`, `create_time`, `update_time`, `del_flag`, `order_id`, `order_item_id`, `user_id`, `nick_name`, `headimg_url`, `spu_id`, `sku_id`, `pic_urls`, `spec_info`, `goods_score`, `service_score`, `logistics_score`, `content`, `seller_reply`, `reply_time`, `parent_id`) VALUES ('1400299710697209857', '1', '1261193346845495297', '2021-06-03 11:54:02', '2021-06-03 11:54:02', '0', '1400278150959628290', '1400278150968016897', '1385064426583863297', '摇遥望', 'http://minio.joolun.com/joolun/1/headimg/c0842d0d-98d3-4d36-b0af-4663d98a700d.jpg', '1273191752084549634', '1281935486727823361', '[\"http://minio.joolun.com/joolun/1/goods/appraises/568598fb-a438-41dc-b9c2-50e100db5af6.jpg\",\"http://minio.joolun.com/joolun/1/goods/appraises/c17ac2a2-2b8f-4020-b2a0-8ad0c5aeae84.jpg\"]', '256G，仲夏紫，4g全网通', 5, 4, 4, 'sdgerywy', NULL, NULL, '-1');
INSERT INTO `goods_appraises` (`id`, `tenant_id`, `shop_id`, `create_time`, `update_time`, `del_flag`, `order_id`, `order_item_id`, `user_id`, `nick_name`, `headimg_url`, `spu_id`, `sku_id`, `pic_urls`, `spec_info`, `goods_score`, `service_score`, `logistics_score`, `content`, `seller_reply`, `reply_time`, `parent_id`) VALUES ('1400299710697209858', '1', '1261193346845495297', '2021-06-03 11:54:02', '2021-06-03 11:54:02', '0', '1400278150959628290', '1400278150968016898', '1385064426583863297', '摇遥望', 'http://minio.joolun.com/joolun/1/headimg/c0842d0d-98d3-4d36-b0af-4663d98a700d.jpg', '1273192146906968065', '1273192146915356674', '[\"http://minio.joolun.com/joolun/1/goods/appraises/eec379f1-e8a8-4072-9338-34b101c23385.jpg\",\"http://minio.joolun.com/joolun/1/goods/appraises/592939c3-30a7-4fb2-b082-599a9b3599dd.jpg\",\"http://minio.joolun.com/joolun/1/goods/appraises/7e39f9c9-69a3-4233-9487-e97499cf0777.jpg\"]', NULL, 5, 5, 5, 'd问题委屈', NULL, NULL, '-1');
INSERT INTO `goods_appraises` (`id`, `tenant_id`, `shop_id`, `create_time`, `update_time`, `del_flag`, `order_id`, `order_item_id`, `user_id`, `nick_name`, `headimg_url`, `spu_id`, `sku_id`, `pic_urls`, `spec_info`, `goods_score`, `service_score`, `logistics_score`, `content`, `seller_reply`, `reply_time`, `parent_id`) VALUES ('1400303932696199169', '1', '1261176336950480898', '2021-06-03 12:10:48', '2021-06-03 12:10:48', '0', '1390292848685940738', '1390292848685940739', '1385064426583863297', '摇遥望', 'http://minio.joolun.com/joolun/1/headimg/c0842d0d-98d3-4d36-b0af-4663d98a700d.jpg', '2835671ff031c18cb181b1a199f86b01', '5a61a7876305b760efa8abe04b912a8b', '[\"http://minio.joolun.com/joolun/1/goods/appraises/fc06c159-15fd-4d5a-97b7-cfa3f41bbf4e.jpg\",\"http://minio.joolun.com/joolun/1/goods/appraises/a93dd20f-d0ff-49bc-881a-f404f2e06708.png\",\"http://minio.joolun.com/joolun/1/goods/appraises/aff57430-c2b3-4d9d-aefc-dfed8a9d81d1.png\"]', '移动，白色，64G', 5, 4, 5, '亲13模糊', '恋爱的味道', '2021-06-03 12:24:53', '-1');
INSERT INTO `goods_appraises` (`id`, `tenant_id`, `shop_id`, `create_time`, `update_time`, `del_flag`, `order_id`, `order_item_id`, `user_id`, `nick_name`, `headimg_url`, `spu_id`, `sku_id`, `pic_urls`, `spec_info`, `goods_score`, `service_score`, `logistics_score`, `content`, `seller_reply`, `reply_time`, `parent_id`) VALUES ('1453641830930960386', '1', '1261176336950480898', '2021-10-28 16:36:34', '2021-10-28 16:36:34', '0', '1453283910611419137', '1453283910674333698', '1387751568009359361', '问问下', 'http://minio.joolun.com/joolun/1/material/32f19366-3c43-4002-9a82-c984a2d20bbf.png', '1273186784766128130', '1273186784774516738', '[]', '亮黑色', 5, 5, 5, '同意同意', '杰奎琳董事会人', '2021-10-28 11:24:47', '-1');
INSERT INTO `goods_appraises` (`id`, `tenant_id`, `shop_id`, `create_time`, `update_time`, `del_flag`, `order_id`, `order_item_id`, `user_id`, `nick_name`, `headimg_url`, `spu_id`, `sku_id`, `pic_urls`, `spec_info`, `goods_score`, `service_score`, `logistics_score`, `content`, `seller_reply`, `reply_time`, `parent_id`) VALUES ('1453942156191883266', '1', '1261176336950480898', '2021-10-29 12:29:57', '2021-10-29 12:29:57', '0', '1453269782542970882', '1453269782584913921', '1387751568009359361', '问问下', 'http://minio.joolun.com/joolun/1/material/32f19366-3c43-4002-9a82-c984a2d20bbf.png', '1273186784766128130', '1273186784774516738', NULL, '亮黑色', 4, 5, 4, '作用解答我和仍w', NULL, NULL, '-1');
INSERT INTO `goods_appraises` (`id`, `tenant_id`, `shop_id`, `create_time`, `update_time`, `del_flag`, `order_id`, `order_item_id`, `user_id`, `nick_name`, `headimg_url`, `spu_id`, `sku_id`, `pic_urls`, `spec_info`, `goods_score`, `service_score`, `logistics_score`, `content`, `seller_reply`, `reply_time`, `parent_id`) VALUES ('1453945190724689922', '1', '1261176336950480898', '2021-10-29 12:42:01', '2021-10-29 12:42:01', '0', '1453266144475082753', '1453266144475082754', '1387751568009359361', '问问下', 'http://minio.joolun.com/joolun/1/material/32f19366-3c43-4002-9a82-c984a2d20bbf.png', '1273186784766128130', '1273186784774516738', '[\"http://minio.joolun.com/joolun/1/goods/appraises/a7edfaf0-64c6-41db-97c2-51c15d3695c1.jpg\",\"http://minio.joolun.com/joolun/1/goods/appraises/776d7ccf-83d1-4e82-ab7f-4aaac897bdc2.png\"]', '亮黑色', 4, 5, 5, '任凭人人你你欠你有', 'erwywery4363246er人的和人遥诊脉仍因为人弯腰捡方面3 㐱认二恶英我仍爱的代价受保护仍敲敲爱上你', '2021-10-29 12:58:32', '-1');
INSERT INTO `goods_appraises` (`id`, `tenant_id`, `shop_id`, `create_time`, `update_time`, `del_flag`, `order_id`, `order_item_id`, `user_id`, `nick_name`, `headimg_url`, `spu_id`, `sku_id`, `pic_urls`, `spec_info`, `goods_score`, `service_score`, `logistics_score`, `content`, `seller_reply`, `reply_time`, `parent_id`) VALUES ('1453958691916636161', '1', '1261176336950480898', '2021-10-29 13:35:40', '2021-10-29 13:35:40', '0', '1453266144475082753', '1453266144475082754', '1387751568009359361', '问问下', 'http://minio.joolun.com/joolun/1/material/32f19366-3c43-4002-9a82-c984a2d20bbf.png', '1273186784766128130', '1273186784774516738', '[\"http://minio.joolun.com/joolun/1/goods/appraises/4cf1d705-5d5f-4d33-b712-e32d7c66e5aa.jpg\",\"http://minio.joolun.com/joolun/1/goods/appraises/cb4e5d97-c599-45de-9c89-cf92a22669a6.png\"]', '亮黑色', 0, 0, 0, '肥西县嗯我抬起头为称你你', 'eryewywey436', '2021-10-29 01:53:27', '1453945190724689922');
INSERT INTO `goods_appraises` (`id`, `tenant_id`, `shop_id`, `create_time`, `update_time`, `del_flag`, `order_id`, `order_item_id`, `user_id`, `nick_name`, `headimg_url`, `spu_id`, `sku_id`, `pic_urls`, `spec_info`, `goods_score`, `service_score`, `logistics_score`, `content`, `seller_reply`, `reply_time`, `parent_id`) VALUES ('1453959793957429250', '1', '1261176336950480898', '2021-10-29 13:40:02', '2021-10-29 13:40:02', '0', '1453269782542970882', '1453269782584913921', '1387751568009359361', '问问下', 'http://minio.joolun.com/joolun/1/material/32f19366-3c43-4002-9a82-c984a2d20bbf.png', '1273186784766128130', '1273186784774516738', NULL, '亮黑色', 0, 0, 0, '顶天李巧玲厄特沃掐头去尾', NULL, NULL, '1453942156191883266');
INSERT INTO `goods_appraises` (`id`, `tenant_id`, `shop_id`, `create_time`, `update_time`, `del_flag`, `order_id`, `order_item_id`, `user_id`, `nick_name`, `headimg_url`, `spu_id`, `sku_id`, `pic_urls`, `spec_info`, `goods_score`, `service_score`, `logistics_score`, `content`, `seller_reply`, `reply_time`, `parent_id`) VALUES ('1453960495085674498', '1', '1261176336950480898', '2021-10-29 13:42:49', '2021-10-29 13:42:49', '0', '1453263433167880194', '1453263433167880195', '1387751568009359361', '问问下', 'http://minio.joolun.com/joolun/1/material/32f19366-3c43-4002-9a82-c984a2d20bbf.png', '1273186784766128130', '1273186784774516738', NULL, '亮黑色', 5, 4, 5, '繁体输入台湾人台湾人', NULL, NULL, '-1');
INSERT INTO `goods_appraises` (`id`, `tenant_id`, `shop_id`, `create_time`, `update_time`, `del_flag`, `order_id`, `order_item_id`, `user_id`, `nick_name`, `headimg_url`, `spu_id`, `sku_id`, `pic_urls`, `spec_info`, `goods_score`, `service_score`, `logistics_score`, `content`, `seller_reply`, `reply_time`, `parent_id`) VALUES ('1453960556943269890', '1', '1261176336950480898', '2021-10-29 13:43:04', '2021-10-29 13:43:04', '0', '1453263433167880194', '1453263433167880195', '1387751568009359361', '问问下', 'http://minio.joolun.com/joolun/1/material/32f19366-3c43-4002-9a82-c984a2d20bbf.png', '1273186784766128130', '1273186784774516738', NULL, '亮黑色', 0, 0, 0, '儿45 542 ', NULL, NULL, '1453960495085674498');
INSERT INTO `goods_appraises` (`id`, `tenant_id`, `shop_id`, `create_time`, `update_time`, `del_flag`, `order_id`, `order_item_id`, `user_id`, `nick_name`, `headimg_url`, `spu_id`, `sku_id`, `pic_urls`, `spec_info`, `goods_score`, `service_score`, `logistics_score`, `content`, `seller_reply`, `reply_time`, `parent_id`) VALUES ('1453966004308254722', '1', '1261176336950480898', '2021-10-29 14:04:43', '2021-10-29 14:04:43', '0', '1453253045848195074', '1453253045894332418', '1387751568009359361', '问问下', 'http://minio.joolun.com/joolun/1/material/32f19366-3c43-4002-9a82-c984a2d20bbf.png', '1273186784766128130', '1273186784774516738', NULL, '亮黑色', 4, 4, 5, 'wetwet35132523', NULL, NULL, '-1');
INSERT INTO `goods_appraises` (`id`, `tenant_id`, `shop_id`, `create_time`, `update_time`, `del_flag`, `order_id`, `order_item_id`, `user_id`, `nick_name`, `headimg_url`, `spu_id`, `sku_id`, `pic_urls`, `spec_info`, `goods_score`, `service_score`, `logistics_score`, `content`, `seller_reply`, `reply_time`, `parent_id`) VALUES ('1453966089632980994', '1', '1261176336950480898', '2021-10-29 14:05:03', '2021-10-29 14:05:03', '0', '1453253045848195074', '1453253045894332418', '1387751568009359361', '问问下', 'http://minio.joolun.com/joolun/1/material/32f19366-3c43-4002-9a82-c984a2d20bbf.png', '1273186784766128130', '1273186784774516738', NULL, '亮黑色', 0, 0, 0, 'erewyewy', NULL, NULL, '1453966004308254722');
INSERT INTO `goods_appraises` (`id`, `tenant_id`, `shop_id`, `create_time`, `update_time`, `del_flag`, `order_id`, `order_item_id`, `user_id`, `nick_name`, `headimg_url`, `spu_id`, `sku_id`, `pic_urls`, `spec_info`, `goods_score`, `service_score`, `logistics_score`, `content`, `seller_reply`, `reply_time`, `parent_id`) VALUES ('1453969867392262145', '1', '1261176336950480898', '2021-10-29 14:20:04', '2021-10-29 14:20:04', '0', '1453259376105701377', '1453259376105701378', '1387751568009359361', '问问下', 'http://minio.joolun.com/joolun/1/material/32f19366-3c43-4002-9a82-c984a2d20bbf.png', '1273186784766128130', '1273186784774516738', NULL, '亮黑色', 4, 4, 5, 'r', NULL, NULL, '-1');
INSERT INTO `goods_appraises` (`id`, `tenant_id`, `shop_id`, `create_time`, `update_time`, `del_flag`, `order_id`, `order_item_id`, `user_id`, `nick_name`, `headimg_url`, `spu_id`, `sku_id`, `pic_urls`, `spec_info`, `goods_score`, `service_score`, `logistics_score`, `content`, `seller_reply`, `reply_time`, `parent_id`) VALUES ('1453969903052234754', '1', '1261176336950480898', '2021-10-29 14:20:13', '2021-10-29 14:20:13', '0', '1453249609488502785', '1453249609496891393', '1387751568009359361', '问问下', 'http://minio.joolun.com/joolun/1/material/32f19366-3c43-4002-9a82-c984a2d20bbf.png', '1273186784766128130', '1273186784774516738', NULL, '亮黑色', 5, 3, 5, NULL, NULL, NULL, '-1');
INSERT INTO `goods_appraises` (`id`, `tenant_id`, `shop_id`, `create_time`, `update_time`, `del_flag`, `order_id`, `order_item_id`, `user_id`, `nick_name`, `headimg_url`, `spu_id`, `sku_id`, `pic_urls`, `spec_info`, `goods_score`, `service_score`, `logistics_score`, `content`, `seller_reply`, `reply_time`, `parent_id`) VALUES ('1453972755808014338', '1', '1261176336950480898', '2021-10-29 14:31:33', '2021-10-29 14:31:33', '0', '1453259376105701377', '1453259376105701378', '1387751568009359361', '问问下', 'http://minio.joolun.com/joolun/1/material/32f19366-3c43-4002-9a82-c984a2d20bbf.png', '1273186784766128130', '1273186784774516738', NULL, '亮黑色', 0, 0, 0, '57437435737', NULL, NULL, '1453969867392262145');
INSERT INTO `goods_appraises` (`id`, `tenant_id`, `shop_id`, `create_time`, `update_time`, `del_flag`, `order_id`, `order_item_id`, `user_id`, `nick_name`, `headimg_url`, `spu_id`, `sku_id`, `pic_urls`, `spec_info`, `goods_score`, `service_score`, `logistics_score`, `content`, `seller_reply`, `reply_time`, `parent_id`) VALUES ('1453972788204818433', '1', '1261176336950480898', '2021-10-29 14:31:40', '2021-10-29 14:31:40', '0', '1453259376105701377', '1453259376105701378', '1387751568009359361', '问问下', 'http://minio.joolun.com/joolun/1/material/32f19366-3c43-4002-9a82-c984a2d20bbf.png', '1273186784766128130', '1273186784774516738', NULL, '亮黑色', 0, 0, 0, '47437437', NULL, NULL, '1453969867392262145');
INSERT INTO `goods_appraises` (`id`, `tenant_id`, `shop_id`, `create_time`, `update_time`, `del_flag`, `order_id`, `order_item_id`, `user_id`, `nick_name`, `headimg_url`, `spu_id`, `sku_id`, `pic_urls`, `spec_info`, `goods_score`, `service_score`, `logistics_score`, `content`, `seller_reply`, `reply_time`, `parent_id`) VALUES ('1453973321128992769', '1', '1261176336950480898', '2021-10-29 14:33:47', '2021-10-29 14:33:47', '0', '1453249609488502785', '1453249609496891393', '1387751568009359361', '问问下', 'http://minio.joolun.com/joolun/1/material/32f19366-3c43-4002-9a82-c984a2d20bbf.png', '1273186784766128130', '1273186784774516738', '[]', '亮黑色', 0, 0, 0, '34626246', '及时4436346', '2021-10-29 04:11:23', '1453969903052234754');
INSERT INTO `goods_appraises` (`id`, `tenant_id`, `shop_id`, `create_time`, `update_time`, `del_flag`, `order_id`, `order_item_id`, `user_id`, `nick_name`, `headimg_url`, `spu_id`, `sku_id`, `pic_urls`, `spec_info`, `goods_score`, `service_score`, `logistics_score`, `content`, `seller_reply`, `reply_time`, `parent_id`) VALUES ('2342355', '1', '1261176336950480898', '2021-10-28 22:34:26', '2021-10-28 23:12:28', '0', NULL, NULL, NULL, NULL, NULL, NULL, NULL, '[]', NULL, 3, 4, 5, '爱的就是你主持人', '丁苯珍仍欠', '2021-10-28 11:25:00', '1453641830930960386');
COMMIT;

-- ----------------------------
-- Table structure for goods_category
-- ----------------------------
DROP TABLE IF EXISTS `goods_category`;
CREATE TABLE `goods_category` (
  `id` varchar(32) CHARACTER SET utf8mb4 COLLATE utf8mb4_0900_ai_ci NOT NULL COMMENT 'PK',
  `tenant_id` varchar(32) CHARACTER SET utf8mb4 COLLATE utf8mb4_0900_ai_ci NOT NULL COMMENT '所属租户',
  `enable` char(2) NOT NULL COMMENT '（1：开启；0：关闭）',
  `parent_id` varchar(32) CHARACTER SET utf8mb4 COLLATE utf8mb4_0900_ai_ci DEFAULT NULL COMMENT '父分类编号',
  `name` varchar(16) CHARACTER SET utf8mb4 COLLATE utf8mb4_0900_ai_ci DEFAULT NULL COMMENT '名称',
  `description` varchar(255) CHARACTER SET utf8mb4 COLLATE utf8mb4_0900_ai_ci DEFAULT NULL COMMENT '描述',
  `pic_url` varchar(255) CHARACTER SET utf8mb4 COLLATE utf8mb4_0900_ai_ci DEFAULT NULL COMMENT '图片',
  `sort` smallint DEFAULT NULL COMMENT '排序',
  `create_time` datetime DEFAULT CURRENT_TIMESTAMP COMMENT '创建时间',
  `update_time` datetime DEFAULT CURRENT_TIMESTAMP ON UPDATE CURRENT_TIMESTAMP COMMENT '最后更新时间',
  `del_flag` char(2) CHARACTER SET utf8mb4 COLLATE utf8mb4_0900_ai_ci DEFAULT '0' COMMENT '逻辑删除标记（0：显示；1：隐藏）',
  `page` varchar(500) DEFAULT NULL COMMENT '跳转页面',
  PRIMARY KEY (`id`) USING BTREE,
  KEY `ids_tenant_id` (`tenant_id`) USING BTREE
) ENGINE=InnoDB DEFAULT CHARSET=utf8mb4 COLLATE=utf8mb4_0900_ai_ci ROW_FORMAT=DYNAMIC COMMENT='分类表';

-- ----------------------------
-- Records of goods_category
-- ----------------------------
BEGIN;
INSERT INTO `goods_category` (`id`, `tenant_id`, `enable`, `parent_id`, `name`, `description`, `pic_url`, `sort`, `create_time`, `update_time`, `del_flag`, `page`) VALUES ('07c4d5a53332888c5a59e81ebcff1933', '1', '1', '0', '生活电器', '', 'http://joolun-base-test.oss-cn-zhangjiakou.aliyuncs.com/%E5%AE%B6%E7%94%A8%E7%94%B5%E5%99%A8.png', 6, '2019-09-27 14:24:40', '2020-11-24 12:03:40', '0', NULL);
INSERT INTO `goods_category` (`id`, `tenant_id`, `enable`, `parent_id`, `name`, `description`, `pic_url`, `sort`, `create_time`, `update_time`, `del_flag`, `page`) VALUES ('0e2d6c17203e3d46ee5a1d0ca1eec715', '1', '1', '31e2b38f810a89159411e43160afd0f9', '数码相机', '', 'http://joolun-base-test.oss-cn-zhangjiakou.aliyuncs.com/%E6%95%B0%E7%A0%81%E7%9B%B8%E6%9C%BA.jpg', 0, '2019-09-27 14:47:34', '2020-11-24 12:03:40', '0', NULL);
INSERT INTO `goods_category` (`id`, `tenant_id`, `enable`, `parent_id`, `name`, `description`, `pic_url`, `sort`, `create_time`, `update_time`, `del_flag`, `page`) VALUES ('0f2aa8354eedb3b652b45e90efb54e27', '1', '1', '9bb404548cc6513c1c148b532b6db720', 'Apple', '', 'http://joolun-base-test.oss-cn-zhangjiakou.aliyuncs.com/%E8%8B%B9%E6%9E%9C.jpg', 3, '2019-08-24 22:19:16', '2020-11-24 12:03:40', '0', NULL);
INSERT INTO `goods_category` (`id`, `tenant_id`, `enable`, `parent_id`, `name`, `description`, `pic_url`, `sort`, `create_time`, `update_time`, `del_flag`, `page`) VALUES ('1267027252119289858', '1', '1', '9bb404548cc6513c1c148b532b6db720', '努比亚', '', 'http://joolun-base-test.oss-cn-zhangjiakou.aliyuncs.com/O1CN01TnmV7g1mbDmdi5SFG_!!2-item_pic.png', 4, '2020-05-31 17:36:51', '2020-11-24 12:03:40', '0', NULL);
INSERT INTO `goods_category` (`id`, `tenant_id`, `enable`, `parent_id`, `name`, `description`, `pic_url`, `sort`, `create_time`, `update_time`, `del_flag`, `page`) VALUES ('1267027339440504833', '1', '1', '9bb404548cc6513c1c148b532b6db720', '红魔', '', 'http://joolun-base-test.oss-cn-zhangjiakou.aliyuncs.com/58.jpg', 8, '2020-05-31 17:37:12', '2020-11-24 12:03:40', '0', NULL);
INSERT INTO `goods_category` (`id`, `tenant_id`, `enable`, `parent_id`, `name`, `description`, `pic_url`, `sort`, `create_time`, `update_time`, `del_flag`, `page`) VALUES ('1267030706048942081', '1', '1', 'a31ddf2eb997d61bdb70375ffd364153', '钢化膜', '', 'http://joolun-base-test.oss-cn-zhangjiakou.aliyuncs.com/%E5%BE%AE%E4%BF%A1%E6%88%AA%E5%9B%BE_20190827154452.png', 8, '2020-05-31 17:50:35', '2020-11-24 12:03:40', '0', NULL);
INSERT INTO `goods_category` (`id`, `tenant_id`, `enable`, `parent_id`, `name`, `description`, `pic_url`, `sort`, `create_time`, `update_time`, `del_flag`, `page`) VALUES ('1267030849955512321', '1', '1', 'a31ddf2eb997d61bdb70375ffd364153', '充电器', '', 'http://joolun-base-test.oss-cn-zhangjiakou.aliyuncs.com/22.png', 10, '2020-05-31 17:51:09', '2020-11-24 12:03:40', '0', NULL);
INSERT INTO `goods_category` (`id`, `tenant_id`, `enable`, `parent_id`, `name`, `description`, `pic_url`, `sort`, `create_time`, `update_time`, `del_flag`, `page`) VALUES ('1e26b32eda4e4d73d5b8ce21926f4a48', '1', '1', '9bb404548cc6513c1c148b532b6db720', '三星', '', 'http://joolun-base-test.oss-cn-zhangjiakou.aliyuncs.com/%E4%B8%89%E6%98%9F.png', 6, '2019-08-24 22:19:43', '2020-11-24 12:03:40', '0', NULL);
INSERT INTO `goods_category` (`id`, `tenant_id`, `enable`, `parent_id`, `name`, `description`, `pic_url`, `sort`, `create_time`, `update_time`, `del_flag`, `page`) VALUES ('1f09f987669ae343342f1ef9a3fe6cd0', '1', '1', 'f19e67b9a7863b37485f7f3cbec53fcf', '耳麦', '', 'http://joolun-base-test.oss-cn-zhangjiakou.aliyuncs.com/%E8%80%B3%E6%9C%BA%E8%80%B3%E9%BA%A6.jpg', 0, '2019-09-27 14:48:40', '2020-11-24 12:03:40', '0', NULL);
INSERT INTO `goods_category` (`id`, `tenant_id`, `enable`, `parent_id`, `name`, `description`, `pic_url`, `sort`, `create_time`, `update_time`, `del_flag`, `page`) VALUES ('2239dfa1128dd7c88066040dc7dfa44a', '1', '1', 'd5a7b863c2759241ac571f5bc1b6239d', '生活电池', '', 'http://joolun-base-test.oss-cn-zhangjiakou.aliyuncs.com/%E7%94%B5%E6%B1%A0.jpg', 0, '2019-09-27 14:47:56', '2020-11-24 12:03:40', '0', NULL);
INSERT INTO `goods_category` (`id`, `tenant_id`, `enable`, `parent_id`, `name`, `description`, `pic_url`, `sort`, `create_time`, `update_time`, `del_flag`, `page`) VALUES ('2a5e644f2722dac1e677a61394eae980', '1', '1', '07c4d5a53332888c5a59e81ebcff1933', '吹风机', '', 'http://joolun-base-test.oss-cn-zhangjiakou.aliyuncs.com/%E5%90%B9%E9%A3%8E%E6%9C%BA.jpg', 0, '2019-09-27 14:45:27', '2020-11-24 12:03:40', '0', NULL);
INSERT INTO `goods_category` (`id`, `tenant_id`, `enable`, `parent_id`, `name`, `description`, `pic_url`, `sort`, `create_time`, `update_time`, `del_flag`, `page`) VALUES ('2e950da001186a809674e3d4a935b5c5', '1', '1', '9bb404548cc6513c1c148b532b6db720', 'OPPO', '', 'http://joolun-base-test.oss-cn-zhangjiakou.aliyuncs.com/oppo.png', 5, '2019-08-24 22:19:28', '2020-11-24 12:03:40', '0', NULL);
INSERT INTO `goods_category` (`id`, `tenant_id`, `enable`, `parent_id`, `name`, `description`, `pic_url`, `sort`, `create_time`, `update_time`, `del_flag`, `page`) VALUES ('2f3ea9d7a46a40325fa6f713ac0a1d17', '1', '1', 'cfda0b45b229fa9f77c02464c9c694f0', '机械键盘', '', 'http://joolun-base-test.oss-cn-zhangjiakou.aliyuncs.com/TB2VsugXGZPyuJjSspmXXX2IXXa_!!2510050218_gaitubao_.jpg', 0, '2019-09-27 15:10:41', '2020-11-24 12:03:40', '0', NULL);
INSERT INTO `goods_category` (`id`, `tenant_id`, `enable`, `parent_id`, `name`, `description`, `pic_url`, `sort`, `create_time`, `update_time`, `del_flag`, `page`) VALUES ('31e2b38f810a89159411e43160afd0f9', '1', '1', '0', '单反相机', '', 'http://joolun-base-test.oss-cn-zhangjiakou.aliyuncs.com/%E5%8D%95%E5%8F%8D%E7%9B%B8%E6%9C%BA.png', 8, '2019-09-27 14:21:32', '2020-11-24 12:03:40', '0', NULL);
INSERT INTO `goods_category` (`id`, `tenant_id`, `enable`, `parent_id`, `name`, `description`, `pic_url`, `sort`, `create_time`, `update_time`, `del_flag`, `page`) VALUES ('356ea44470f5ffff46f395256438c275', '1', '1', 'a31ddf2eb997d61bdb70375ffd364153', '平板贴膜', '', 'http://joolun-base-test.oss-cn-zhangjiakou.aliyuncs.com/%E5%B9%B3%E6%9D%BF%E8%B4%B4%E8%86%9C.jpg', 11, '2019-08-23 23:13:20', '2020-11-24 12:03:40', '0', NULL);
INSERT INTO `goods_category` (`id`, `tenant_id`, `enable`, `parent_id`, `name`, `description`, `pic_url`, `sort`, `create_time`, `update_time`, `del_flag`, `page`) VALUES ('37cb876ae742945fea974ab0e281ae7f', '1', '1', 'cff988e342a4ed77ae64f0c9032159f5', '扫地机器人', '', 'http://joolun-base-test.oss-cn-zhangjiakou.aliyuncs.com/%E6%89%AB%E5%9C%B0%E6%9C%BA%E5%99%A8%E4%BA%BA.jpg', 0, '2019-09-27 14:46:44', '2020-11-24 12:03:40', '0', NULL);
INSERT INTO `goods_category` (`id`, `tenant_id`, `enable`, `parent_id`, `name`, `description`, `pic_url`, `sort`, `create_time`, `update_time`, `del_flag`, `page`) VALUES ('3c8d3fd9400792e716814e7952f60e72', '1', '1', 'c60c5526496d5dd9e1f507c836473699', '笔记本电脑', '', 'http://joolun-base-test.oss-cn-zhangjiakou.aliyuncs.com/%E7%AC%94%E8%AE%B0%E6%9C%AC%E7%94%B5%E8%84%91.jpg', 0, '2019-09-27 14:14:24', '2020-11-24 12:03:40', '0', NULL);
INSERT INTO `goods_category` (`id`, `tenant_id`, `enable`, `parent_id`, `name`, `description`, `pic_url`, `sort`, `create_time`, `update_time`, `del_flag`, `page`) VALUES ('4c0830479e930777902c8b3aa49ea53b', '1', '1', 'ccaafb0ae7ec4ade755b3f8cfa73b2db', '保护壳/套', '', 'http://joolun-base-test.oss-cn-zhangjiakou.aliyuncs.com/%E6%89%8B%E6%9C%BA%E5%A3%B3.jpg', 2, '2019-09-27 14:17:10', '2020-11-24 12:03:40', '0', NULL);
INSERT INTO `goods_category` (`id`, `tenant_id`, `enable`, `parent_id`, `name`, `description`, `pic_url`, `sort`, `create_time`, `update_time`, `del_flag`, `page`) VALUES ('4d44df171be6d7d6ccb923270c6f0f25', '1', '1', 'e14a5fd83638e8b720cff2b62ec143cc', '烤箱', '', 'http://joolun-base-test.oss-cn-zhangjiakou.aliyuncs.com/%E7%83%A4%E7%AE%B1_gaitubao_.jpg', 0, '2019-09-27 14:45:59', '2020-11-24 12:03:40', '0', NULL);
INSERT INTO `goods_category` (`id`, `tenant_id`, `enable`, `parent_id`, `name`, `description`, `pic_url`, `sort`, `create_time`, `update_time`, `del_flag`, `page`) VALUES ('4e4892411532de5d37054304ec08934e', '1', '1', 'ccaafb0ae7ec4ade755b3f8cfa73b2db', '手机支架', '', 'http://joolun-base-test.oss-cn-zhangjiakou.aliyuncs.com/%E6%94%AF%E6%9E%B6.jpg', 3, '2019-09-27 14:17:26', '2020-11-24 12:03:40', '0', NULL);
INSERT INTO `goods_category` (`id`, `tenant_id`, `enable`, `parent_id`, `name`, `description`, `pic_url`, `sort`, `create_time`, `update_time`, `del_flag`, `page`) VALUES ('4ed2743ae2198f247b204cb08efcca44', '1', '1', '0', '智能手环', '', 'http://joolun-base-test.oss-cn-zhangjiakou.aliyuncs.com/%E6%99%BA%E8%83%BD%E6%89%8B%E7%8E%AF.png', 13, '2019-09-27 14:22:14', '2020-11-24 12:03:40', '0', NULL);
INSERT INTO `goods_category` (`id`, `tenant_id`, `enable`, `parent_id`, `name`, `description`, `pic_url`, `sort`, `create_time`, `update_time`, `del_flag`, `page`) VALUES ('522dbac5f593593a7c3722fc64b07359', '1', '1', 'a31ddf2eb997d61bdb70375ffd364153', '支架', '', 'http://joolun-base-test.oss-cn-zhangjiakou.aliyuncs.com/%E6%94%AF%E6%9E%B6.jpg', 10, '2019-08-23 23:13:05', '2020-11-24 12:03:40', '0', NULL);
INSERT INTO `goods_category` (`id`, `tenant_id`, `enable`, `parent_id`, `name`, `description`, `pic_url`, `sort`, `create_time`, `update_time`, `del_flag`, `page`) VALUES ('75221e3d0f3cc0fbf9160536b38d326e', '1', '1', 'a31ddf2eb997d61bdb70375ffd364153', 'U盘', '', 'http://joolun-base-test.oss-cn-zhangjiakou.aliyuncs.com/u%E7%9B%981.png', 5, '2019-08-23 23:05:42', '2020-11-24 12:03:40', '0', NULL);
INSERT INTO `goods_category` (`id`, `tenant_id`, `enable`, `parent_id`, `name`, `description`, `pic_url`, `sort`, `create_time`, `update_time`, `del_flag`, `page`) VALUES ('7b936b3fe43c3c60df4618c86f542f1a', '1', '1', '9bb404548cc6513c1c148b532b6db720', 'vivo', '', 'http://joolun-base-test.oss-cn-zhangjiakou.aliyuncs.com/vivo.jpg', 8, '2019-08-24 22:20:35', '2020-11-24 12:03:40', '0', NULL);
INSERT INTO `goods_category` (`id`, `tenant_id`, `enable`, `parent_id`, `name`, `description`, `pic_url`, `sort`, `create_time`, `update_time`, `del_flag`, `page`) VALUES ('81eafcfd718dc8ba8662aa94c249f6df', '1', '1', 'a31ddf2eb997d61bdb70375ffd364153', '数码收纳', '', 'http://joolun-base-test.oss-cn-zhangjiakou.aliyuncs.com/%E6%95%B0%E7%A0%81%E6%94%B6%E7%BA%B3.jpg', 7, '2019-08-23 23:06:24', '2020-11-24 12:03:40', '0', NULL);
INSERT INTO `goods_category` (`id`, `tenant_id`, `enable`, `parent_id`, `name`, `description`, `pic_url`, `sort`, `create_time`, `update_time`, `del_flag`, `page`) VALUES ('8328db9dd6e9a4d6ef0956a649053cbf', '1', '1', '0', '摄影配件', '', 'http://joolun-base-test.oss-cn-zhangjiakou.aliyuncs.com/%E6%91%84%E5%BD%B1%E9%85%8D%E4%BB%B6%E9%95%BF%E5%9B%BE_gaitubao_.jpg', 9, '2019-09-27 14:28:39', '2020-11-24 12:03:40', '0', NULL);
INSERT INTO `goods_category` (`id`, `tenant_id`, `enable`, `parent_id`, `name`, `description`, `pic_url`, `sort`, `create_time`, `update_time`, `del_flag`, `page`) VALUES ('862a74f109f7f14bcbfff1d5adf73cdc', '1', '1', '9bb404548cc6513c1c148b532b6db720', '华为', '', 'http://joolun-base-test.oss-cn-zhangjiakou.aliyuncs.com/22.png', 1, '2019-08-24 22:18:43', '2020-11-24 12:12:21', '0', NULL);
INSERT INTO `goods_category` (`id`, `tenant_id`, `enable`, `parent_id`, `name`, `description`, `pic_url`, `sort`, `create_time`, `update_time`, `del_flag`, `page`) VALUES ('8722b34fd15ba8e6cb9f1754d09ec59c', '1', '1', 'a31ddf2eb997d61bdb70375ffd364153', '数码保护套', '', 'http://joolun-base-test.oss-cn-zhangjiakou.aliyuncs.com/%E6%95%B0%E7%A0%81%E4%BF%9D%E6%8A%A4%E5%A5%97.jpg', 3, '2019-08-23 23:05:14', '2020-11-24 12:03:40', '0', NULL);
INSERT INTO `goods_category` (`id`, `tenant_id`, `enable`, `parent_id`, `name`, `description`, `pic_url`, `sort`, `create_time`, `update_time`, `del_flag`, `page`) VALUES ('8945e91422a84476cdd0a8361092ca44', '1', '1', 'ccaafb0ae7ec4ade755b3f8cfa73b2db', '移动电源', '', 'http://joolun-base-test.oss-cn-zhangjiakou.aliyuncs.com/%E7%A7%BB%E5%8A%A8%E7%94%B5%E6%BA%901.jpg', 0, '2019-09-27 14:16:35', '2020-11-24 12:03:40', '0', NULL);
INSERT INTO `goods_category` (`id`, `tenant_id`, `enable`, `parent_id`, `name`, `description`, `pic_url`, `sort`, `create_time`, `update_time`, `del_flag`, `page`) VALUES ('8a3e5b7dd20542ce298758cc02bee1fd', '1', '1', 'f39dbb616d9ede9e353041bc1f35f459', '手机内存卡', '', 'http://joolun-base-test.oss-cn-zhangjiakou.aliyuncs.com/595e02ccNf23b2553.jpg', 0, '2019-09-27 14:49:12', '2020-11-24 12:03:40', '0', NULL);
INSERT INTO `goods_category` (`id`, `tenant_id`, `enable`, `parent_id`, `name`, `description`, `pic_url`, `sort`, `create_time`, `update_time`, `del_flag`, `page`) VALUES ('8f47e312f90ff89e61b5a2c9e4a78459', '1', '1', '9bb404548cc6513c1c148b532b6db720', 'honor', '', 'http://joolun-base-test.oss-cn-zhangjiakou.aliyuncs.com/%E8%8D%A3%E8%80%80.jpg', 4, '2019-08-24 22:18:54', '2020-11-24 12:03:40', '0', NULL);
INSERT INTO `goods_category` (`id`, `tenant_id`, `enable`, `parent_id`, `name`, `description`, `pic_url`, `sort`, `create_time`, `update_time`, `del_flag`, `page`) VALUES ('988f1af72652178159de1ec009ab8fb0', '1', '1', '9bb404548cc6513c1c148b532b6db720', '小米', '', 'http://joolun-base-test.oss-cn-zhangjiakou.aliyuncs.com/%E5%B0%8F%E7%B1%B3.jpg', 2, '2019-08-24 22:19:03', '2020-11-24 12:03:40', '0', NULL);
INSERT INTO `goods_category` (`id`, `tenant_id`, `enable`, `parent_id`, `name`, `description`, `pic_url`, `sort`, `create_time`, `update_time`, `del_flag`, `page`) VALUES ('9bb404548cc6513c1c148b532b6db720', '1', '1', '0', '手机', '', 'http://joolun-base-test.oss-cn-zhangjiakou.aliyuncs.com/%E6%89%8B%E6%9C%BA_gaitubao_467x243.jpg', 0, '2019-08-23 23:23:05', '2020-11-24 12:12:03', '0', '/pages/goods/goods-detail/index?id=1273186784766128130');
INSERT INTO `goods_category` (`id`, `tenant_id`, `enable`, `parent_id`, `name`, `description`, `pic_url`, `sort`, `create_time`, `update_time`, `del_flag`, `page`) VALUES ('a31ddf2eb997d61bdb70375ffd364153', '1', '1', '0', '数码配件', '', 'http://joolun-base-test.oss-cn-zhangjiakou.aliyuncs.com/%E6%95%B0%E7%A0%81_gaitubao_521x275.jpg', 1, '2019-08-12 15:36:37', '2020-11-24 12:03:40', '0', NULL);
INSERT INTO `goods_category` (`id`, `tenant_id`, `enable`, `parent_id`, `name`, `description`, `pic_url`, `sort`, `create_time`, `update_time`, `del_flag`, `page`) VALUES ('a629d3418f406d27dfdcde71670ffa0a', '1', '1', '0', '大家电', '', 'http://joolun-base-test.oss-cn-zhangjiakou.aliyuncs.com/%E5%BE%AE%E4%BF%A1%E6%88%AA%E5%9B%BE_20190824233956_gaitubao_567x275.jpg', 5, '2019-08-12 15:23:08', '2020-11-24 12:03:40', '0', NULL);
INSERT INTO `goods_category` (`id`, `tenant_id`, `enable`, `parent_id`, `name`, `description`, `pic_url`, `sort`, `create_time`, `update_time`, `del_flag`, `page`) VALUES ('a9acd965e1bf8c062edfa46b7f99203f', '1', '1', '0', '电脑周边', '', 'http://joolun-base-test.oss-cn-zhangjiakou.aliyuncs.com/%E7%94%B5%E8%84%91%E5%91%A8%E8%BE%B9.png', 4, '2019-09-27 14:27:08', '2020-11-24 12:03:40', '0', NULL);
INSERT INTO `goods_category` (`id`, `tenant_id`, `enable`, `parent_id`, `name`, `description`, `pic_url`, `sort`, `create_time`, `update_time`, `del_flag`, `page`) VALUES ('ade737abcb77d0cd880e0208a34027eb', '1', '1', 'a9acd965e1bf8c062edfa46b7f99203f', '鼠标', '', 'http://joolun-base-test.oss-cn-zhangjiakou.aliyuncs.com/%E9%BC%A0%E6%A0%87.jpg', 1, '2019-09-27 14:45:00', '2020-11-24 12:03:40', '0', NULL);
INSERT INTO `goods_category` (`id`, `tenant_id`, `enable`, `parent_id`, `name`, `description`, `pic_url`, `sort`, `create_time`, `update_time`, `del_flag`, `page`) VALUES ('aee643fbb77dfeac433a275ff8d900d7', '1', '1', 'a31ddf2eb997d61bdb70375ffd364153', '硬盘', '', 'http://joolun-base-test.oss-cn-zhangjiakou.aliyuncs.com/%E7%A1%AC%E7%9B%98.jpg', 1, '2019-08-12 15:39:54', '2020-11-24 12:03:40', '0', NULL);
INSERT INTO `goods_category` (`id`, `tenant_id`, `enable`, `parent_id`, `name`, `description`, `pic_url`, `sort`, `create_time`, `update_time`, `del_flag`, `page`) VALUES ('b077e1d31deace3aa871da9fedae35ad', '1', '1', 'ccaafb0ae7ec4ade755b3f8cfa73b2db', '手机耳机', '', 'http://joolun-base-test.oss-cn-zhangjiakou.aliyuncs.com/%E8%80%B3%E6%9C%BA.jpg', 1, '2019-09-27 14:16:52', '2020-11-24 12:03:40', '0', NULL);
INSERT INTO `goods_category` (`id`, `tenant_id`, `enable`, `parent_id`, `name`, `description`, `pic_url`, `sort`, `create_time`, `update_time`, `del_flag`, `page`) VALUES ('b117a0d046a79337ec53bbf9e62b47f7', '1', '1', '9bb404548cc6513c1c148b532b6db720', '诺基亚', '', 'http://joolun-base-test.oss-cn-zhangjiakou.aliyuncs.com/%E8%AF%BA%E5%9F%BA%E4%BA%9A.jpg', 7, '2019-08-24 22:19:59', '2020-11-24 12:03:40', '0', NULL);
INSERT INTO `goods_category` (`id`, `tenant_id`, `enable`, `parent_id`, `name`, `description`, `pic_url`, `sort`, `create_time`, `update_time`, `del_flag`, `page`) VALUES ('c2731c7e8c6867d8a1168298e9e28c5b', '1', '1', 'a629d3418f406d27dfdcde71670ffa0a', '洗衣机', '', 'http://joolun-base-test.oss-cn-zhangjiakou.aliyuncs.com/%E6%B4%97%E8%A1%A3%E6%9C%BA.jpg', 2, '2019-08-24 22:04:29', '2020-11-24 12:03:40', '0', NULL);
INSERT INTO `goods_category` (`id`, `tenant_id`, `enable`, `parent_id`, `name`, `description`, `pic_url`, `sort`, `create_time`, `update_time`, `del_flag`, `page`) VALUES ('c60c5526496d5dd9e1f507c836473699', '1', '1', '0', '电脑', '', 'http://joolun-base-test.oss-cn-zhangjiakou.aliyuncs.com/%E5%BE%AE%E4%BF%A1%E6%88%AA%E5%9B%BE_20190927151104.png', 3, '2019-08-23 23:24:46', '2020-11-24 12:03:40', '0', NULL);
INSERT INTO `goods_category` (`id`, `tenant_id`, `enable`, `parent_id`, `name`, `description`, `pic_url`, `sort`, `create_time`, `update_time`, `del_flag`, `page`) VALUES ('cab5358226cfb8b04199c0a63209e49e', '1', '1', '8328db9dd6e9a4d6ef0956a649053cbf', '脚架', '', 'http://joolun-base-test.oss-cn-zhangjiakou.aliyuncs.com/%E6%91%84%E5%BD%B1%E8%84%9A%E6%9E%B6.jpg', 0, '2019-09-27 14:48:21', '2020-11-24 12:03:40', '0', NULL);
INSERT INTO `goods_category` (`id`, `tenant_id`, `enable`, `parent_id`, `name`, `description`, `pic_url`, `sort`, `create_time`, `update_time`, `del_flag`, `page`) VALUES ('ccaafb0ae7ec4ade755b3f8cfa73b2db', '1', '1', '0', '手机配件', '', 'http://joolun-base-test.oss-cn-zhangjiakou.aliyuncs.com/%E6%89%8B%E6%9C%BA%E9%85%8D%E4%BB%B6.png', 2, '2019-09-27 14:16:14', '2020-11-24 12:03:40', '0', NULL);
INSERT INTO `goods_category` (`id`, `tenant_id`, `enable`, `parent_id`, `name`, `description`, `pic_url`, `sort`, `create_time`, `update_time`, `del_flag`, `page`) VALUES ('ce0192da5725a512b702ab2b3f7e5a1f', '1', '1', 'c60c5526496d5dd9e1f507c836473699', '显示器', '', 'http://joolun-base-test.oss-cn-zhangjiakou.aliyuncs.com/%E6%98%BE%E7%A4%BA%E5%99%A8.jpg', 1, '2019-09-27 14:14:38', '2020-11-24 12:03:40', '0', NULL);
INSERT INTO `goods_category` (`id`, `tenant_id`, `enable`, `parent_id`, `name`, `description`, `pic_url`, `sort`, `create_time`, `update_time`, `del_flag`, `page`) VALUES ('cfda0b45b229fa9f77c02464c9c694f0', '1', '1', '0', '游戏设备', '', 'http://joolun-base-test.oss-cn-zhangjiakou.aliyuncs.com/%E6%B8%B8%E6%88%8F%E8%AE%BE%E5%A4%87.png', 16, '2019-09-27 15:10:27', '2020-11-24 12:03:40', '0', NULL);
INSERT INTO `goods_category` (`id`, `tenant_id`, `enable`, `parent_id`, `name`, `description`, `pic_url`, `sort`, `create_time`, `update_time`, `del_flag`, `page`) VALUES ('cff988e342a4ed77ae64f0c9032159f5', '1', '1', '0', '智能家居', '', 'http://joolun-base-test.oss-cn-zhangjiakou.aliyuncs.com/%E5%AE%B6%E7%94%A8%E6%99%BA%E8%83%BD.png', 12, '2019-09-27 14:31:24', '2020-11-24 12:03:40', '0', NULL);
INSERT INTO `goods_category` (`id`, `tenant_id`, `enable`, `parent_id`, `name`, `description`, `pic_url`, `sort`, `create_time`, `update_time`, `del_flag`, `page`) VALUES ('d4ecd80e6f3526dec6949027de971908', '1', '1', '4ed2743ae2198f247b204cb08efcca44', '智能手表', '', 'http://joolun-base-test.oss-cn-zhangjiakou.aliyuncs.com/%E6%99%BA%E8%83%BD%E6%89%8B%E8%A1%A8.jpg', 0, '2019-09-27 14:48:55', '2020-11-24 12:03:40', '0', NULL);
INSERT INTO `goods_category` (`id`, `tenant_id`, `enable`, `parent_id`, `name`, `description`, `pic_url`, `sort`, `create_time`, `update_time`, `del_flag`, `page`) VALUES ('d5a7b863c2759241ac571f5bc1b6239d', '1', '1', '0', '电池类', '', 'http://joolun-base-test.oss-cn-zhangjiakou.aliyuncs.com/%E7%94%B5%E6%B1%A0.png', 14, '2019-09-27 14:40:55', '2020-11-24 12:03:40', '0', NULL);
INSERT INTO `goods_category` (`id`, `tenant_id`, `enable`, `parent_id`, `name`, `description`, `pic_url`, `sort`, `create_time`, `update_time`, `del_flag`, `page`) VALUES ('d9b1af75073a44c78e3cd8a0c8525f44', '1', '1', 'c60c5526496d5dd9e1f507c836473699', '平板电脑', '', 'http://joolun-base-test.oss-cn-zhangjiakou.aliyuncs.com/%E5%B9%B3%E6%9D%BF%E7%94%B5%E8%84%91.jpg', 2, '2019-09-27 14:14:57', '2020-11-24 12:03:40', '0', NULL);
INSERT INTO `goods_category` (`id`, `tenant_id`, `enable`, `parent_id`, `name`, `description`, `pic_url`, `sort`, `create_time`, `update_time`, `del_flag`, `page`) VALUES ('ddbe36b3a276020b92020f398e420895', '1', '1', 'a629d3418f406d27dfdcde71670ffa0a', '冰箱', '', 'http://joolun-base-test.oss-cn-zhangjiakou.aliyuncs.com/%E5%86%B0%E7%AE%B1_gaitubao_383x383.jpg', 0, '2019-08-12 15:40:33', '2020-11-24 12:03:40', '0', NULL);
INSERT INTO `goods_category` (`id`, `tenant_id`, `enable`, `parent_id`, `name`, `description`, `pic_url`, `sort`, `create_time`, `update_time`, `del_flag`, `page`) VALUES ('e14a5fd83638e8b720cff2b62ec143cc', '1', '1', '0', '厨卫电器', '', 'http://joolun-base-test.oss-cn-zhangjiakou.aliyuncs.com/%E5%8E%A8%E5%8D%AB%E7%94%B5%E5%99%A8.png', 7, '2019-09-27 14:24:31', '2020-11-24 12:03:40', '0', NULL);
INSERT INTO `goods_category` (`id`, `tenant_id`, `enable`, `parent_id`, `name`, `description`, `pic_url`, `sort`, `create_time`, `update_time`, `del_flag`, `page`) VALUES ('ef0e1b94f209171cc9efbd04f8232a7b', '1', '1', 'a31ddf2eb997d61bdb70375ffd364153', 'USB周边', '', 'http://joolun-base-test.oss-cn-zhangjiakou.aliyuncs.com/usb%E5%91%A8%E8%BE%B9.jpg', 4, '2019-08-23 23:05:29', '2020-11-24 12:03:40', '0', NULL);
INSERT INTO `goods_category` (`id`, `tenant_id`, `enable`, `parent_id`, `name`, `description`, `pic_url`, `sort`, `create_time`, `update_time`, `del_flag`, `page`) VALUES ('f19e67b9a7863b37485f7f3cbec53fcf', '1', '1', '0', '影音电子', '', 'http://joolun-base-test.oss-cn-zhangjiakou.aliyuncs.com/%E9%9F%B3%E5%93%8D.png', 9, '2019-09-27 14:26:37', '2020-11-24 12:03:40', '0', NULL);
INSERT INTO `goods_category` (`id`, `tenant_id`, `enable`, `parent_id`, `name`, `description`, `pic_url`, `sort`, `create_time`, `update_time`, `del_flag`, `page`) VALUES ('f39dbb616d9ede9e353041bc1f35f459', '1', '1', '0', '储存卡', '', 'http://joolun-base-test.oss-cn-zhangjiakou.aliyuncs.com/%E5%82%A8%E5%AD%98%E5%8D%A1.png', 15, '2019-09-27 14:42:10', '2020-11-24 12:03:40', '0', NULL);
COMMIT;

-- ----------------------------
-- Table structure for goods_category_shop
-- ----------------------------
DROP TABLE IF EXISTS `goods_category_shop`;
CREATE TABLE `goods_category_shop` (
  `id` varchar(32) CHARACTER SET utf8mb4 COLLATE utf8mb4_0900_ai_ci NOT NULL COMMENT 'PK',
  `tenant_id` varchar(32) CHARACTER SET utf8mb4 COLLATE utf8mb4_0900_ai_ci NOT NULL COMMENT '所属租户',
  `enable` char(2) NOT NULL COMMENT '（1：开启；0：关闭）',
  `shop_id` varchar(32) NOT NULL COMMENT '店铺Id',
  `parent_id` varchar(32) CHARACTER SET utf8mb4 COLLATE utf8mb4_0900_ai_ci DEFAULT NULL COMMENT '父分类编号',
  `name` varchar(16) CHARACTER SET utf8mb4 COLLATE utf8mb4_0900_ai_ci NOT NULL COMMENT '名称',
  `description` varchar(255) CHARACTER SET utf8mb4 COLLATE utf8mb4_0900_ai_ci DEFAULT NULL COMMENT '描述',
  `sort` smallint NOT NULL COMMENT '排序',
  `create_time` datetime DEFAULT CURRENT_TIMESTAMP COMMENT '创建时间',
  `update_time` datetime DEFAULT CURRENT_TIMESTAMP ON UPDATE CURRENT_TIMESTAMP COMMENT '最后更新时间',
  `del_flag` char(2) CHARACTER SET utf8mb4 COLLATE utf8mb4_0900_ai_ci DEFAULT '0' COMMENT '逻辑删除标记（0：显示；1：隐藏）',
  PRIMARY KEY (`id`) USING BTREE,
  KEY `ids_tenant_id` (`tenant_id`) USING BTREE
) ENGINE=InnoDB DEFAULT CHARSET=utf8mb4 COLLATE=utf8mb4_0900_ai_ci ROW_FORMAT=DYNAMIC COMMENT='店铺商品分类表';

-- ----------------------------
-- Records of goods_category_shop
-- ----------------------------
BEGIN;
INSERT INTO `goods_category_shop` (`id`, `tenant_id`, `enable`, `shop_id`, `parent_id`, `name`, `description`, `sort`, `create_time`, `update_time`, `del_flag`) VALUES ('1298440139472699393', '1', '1', '1261176336950480898', '0', '手机', NULL, 1, '2020-08-26 10:00:27', '2020-11-24 12:04:00', '0');
INSERT INTO `goods_category_shop` (`id`, `tenant_id`, `enable`, `shop_id`, `parent_id`, `name`, `description`, `sort`, `create_time`, `update_time`, `del_flag`) VALUES ('1298440190471241730', '1', '1', '1261176336950480898', '1298440139472699393', '荣耀', NULL, 2, '2020-08-26 10:00:39', '2020-11-24 12:04:00', '0');
INSERT INTO `goods_category_shop` (`id`, `tenant_id`, `enable`, `shop_id`, `parent_id`, `name`, `description`, `sort`, `create_time`, `update_time`, `del_flag`) VALUES ('1298441654367223809', '1', '1', '1261193346845495297', '0', '手机', NULL, 1, '2020-08-26 10:06:28', '2020-11-24 12:15:40', '0');
INSERT INTO `goods_category_shop` (`id`, `tenant_id`, `enable`, `shop_id`, `parent_id`, `name`, `description`, `sort`, `create_time`, `update_time`, `del_flag`) VALUES ('1298445205806051329', '1', '1', '1261176336950480898', '1298440139472699393', 'P系', NULL, 3, '2020-08-26 10:20:35', '2020-11-24 12:04:00', '0');
INSERT INTO `goods_category_shop` (`id`, `tenant_id`, `enable`, `shop_id`, `parent_id`, `name`, `description`, `sort`, `create_time`, `update_time`, `del_flag`) VALUES ('1298445274408087553', '1', '1', '1261176336950480898', '0', '电脑', NULL, 4, '2020-08-26 10:20:52', '2020-11-24 12:04:00', '0');
INSERT INTO `goods_category_shop` (`id`, `tenant_id`, `enable`, `shop_id`, `parent_id`, `name`, `description`, `sort`, `create_time`, `update_time`, `del_flag`) VALUES ('1298445538930257922', '1', '1', '1261193346845495297', '0', 'Mac', NULL, 2, '2020-08-26 10:21:55', '2020-11-24 12:16:03', '0');
INSERT INTO `goods_category_shop` (`id`, `tenant_id`, `enable`, `shop_id`, `parent_id`, `name`, `description`, `sort`, `create_time`, `update_time`, `del_flag`) VALUES ('1323853602583764994', '1', '1', '1261176336950480898', '1298445274408087553', '荣耀', NULL, 2, '2020-11-04 13:04:29', '2020-11-24 12:04:00', '0');
INSERT INTO `goods_category_shop` (`id`, `tenant_id`, `enable`, `shop_id`, `parent_id`, `name`, `description`, `sort`, `create_time`, `update_time`, `del_flag`) VALUES ('1323861697661788161', '1', '1', '1261193346845495297', '1298441654367223809', 'ipone8', NULL, 1, '2020-11-04 13:36:39', '2020-11-24 12:15:10', '0');
COMMIT;

-- ----------------------------
-- Table structure for goods_sku
-- ----------------------------
DROP TABLE IF EXISTS `goods_sku`;
CREATE TABLE `goods_sku` (
  `id` varchar(32) CHARACTER SET utf8mb4 COLLATE utf8mb4_0900_ai_ci NOT NULL COMMENT 'PK',
  `create_time` datetime NOT NULL DEFAULT CURRENT_TIMESTAMP COMMENT '创建时间',
  `update_time` timestamp NOT NULL DEFAULT CURRENT_TIMESTAMP ON UPDATE CURRENT_TIMESTAMP COMMENT '最后更新时间',
  `tenant_id` varchar(32) CHARACTER SET utf8mb4 COLLATE utf8mb4_0900_ai_ci NOT NULL COMMENT '所属租户',
  `shop_id` varchar(32) NOT NULL COMMENT '店铺Id',
  `sku_code` varchar(32) CHARACTER SET utf8mb4 COLLATE utf8mb4_0900_ai_ci DEFAULT NULL COMMENT 'sku编码',
  `spu_id` varchar(32) CHARACTER SET utf8mb4 COLLATE utf8mb4_0900_ai_ci NOT NULL COMMENT '商品Id',
  `pic_url` varchar(500) CHARACTER SET utf8mb4 COLLATE utf8mb4_0900_ai_ci DEFAULT '' COMMENT '图片',
  `sales_price` decimal(10,2) DEFAULT NULL COMMENT '销售价格',
  `market_price` decimal(10,2) DEFAULT NULL COMMENT '市场价',
  `cost_price` decimal(10,2) DEFAULT NULL COMMENT '成本价',
  `stock` int NOT NULL DEFAULT '0' COMMENT '库存',
  `weight` decimal(10,2) NOT NULL DEFAULT '0.00' COMMENT '重量（kg）',
  `volume` decimal(10,2) NOT NULL DEFAULT '0.00' COMMENT '体积（m³）',
  `enable` char(2) CHARACTER SET utf8mb4 COLLATE utf8mb4_0900_ai_ci NOT NULL DEFAULT '1' COMMENT '是否启用1、是；0否',
  `first_rebate` int NOT NULL COMMENT '一级返佣比例',
  `second_rebate` int NOT NULL COMMENT '二级返佣比例',
  `del_flag` char(2) CHARACTER SET utf8mb4 COLLATE utf8mb4_0900_ai_ci NOT NULL DEFAULT '0' COMMENT '逻辑删除标记（0：显示；1：隐藏）',
  `version` int DEFAULT '0' COMMENT '版本号',
  PRIMARY KEY (`id`) USING BTREE,
  KEY `ids_tenant_id` (`tenant_id`) USING BTREE,
  KEY `ids_spu_id` (`spu_id`,`tenant_id`)
) ENGINE=InnoDB DEFAULT CHARSET=utf8mb4 COLLATE=utf8mb4_0900_ai_ci ROW_FORMAT=DYNAMIC COMMENT='sku表';

-- ----------------------------
-- Records of goods_sku
-- ----------------------------
BEGIN;
INSERT INTO `goods_sku` (`id`, `create_time`, `update_time`, `tenant_id`, `shop_id`, `sku_code`, `spu_id`, `pic_url`, `sales_price`, `market_price`, `cost_price`, `stock`, `weight`, `volume`, `enable`, `first_rebate`, `second_rebate`, `del_flag`, `version`) VALUES ('1262322806181208066', '2020-05-18 18:03:04', '2020-05-18 18:03:04', '1', '1261193346845495297', NULL, '1262322806084739073', '', 6.00, 0.00, 0.00, 8, 0.00, 0.00, '1', 50, 13, '0', 20);
INSERT INTO `goods_sku` (`id`, `create_time`, `update_time`, `tenant_id`, `shop_id`, `sku_code`, `spu_id`, `pic_url`, `sales_price`, `market_price`, `cost_price`, `stock`, `weight`, `volume`, `enable`, `first_rebate`, `second_rebate`, `del_flag`, `version`) VALUES ('1273186784774516738', '2021-11-01 15:12:18', '2021-11-01 15:12:18', '1', '1261176336950480898', NULL, '1273186784766128130', 'http://minio.joolun.com/joolun/1/material/40c3ffb7-8f3e-4794-b927-2c9beb084896.jpg', 0.03, NULL, NULL, 23, 0.00, 0.00, '1', 0, 0, '0', 3);
INSERT INTO `goods_sku` (`id`, `create_time`, `update_time`, `tenant_id`, `shop_id`, `sku_code`, `spu_id`, `pic_url`, `sales_price`, `market_price`, `cost_price`, `stock`, `weight`, `volume`, `enable`, `first_rebate`, `second_rebate`, `del_flag`, `version`) VALUES ('1273186784778711042', '2021-11-01 15:12:18', '2021-11-01 15:12:18', '1', '1261176336950480898', NULL, '1273186784766128130', 'http://minio.joolun.com/joolun/1/material/4e209339-40e6-4999-bef9-16660eda6e3a.jpg', 0.20, NULL, NULL, 32, 0.00, 0.00, '1', 0, 0, '0', 0);
INSERT INTO `goods_sku` (`id`, `create_time`, `update_time`, `tenant_id`, `shop_id`, `sku_code`, `spu_id`, `pic_url`, `sales_price`, `market_price`, `cost_price`, `stock`, `weight`, `volume`, `enable`, `first_rebate`, `second_rebate`, `del_flag`, `version`) VALUES ('1273187904360083458', '2021-03-31 12:26:06', '2021-03-31 12:26:06', '1', '1261176336950480898', NULL, '1273187904351694850', '', 4499.00, 3499.00, NULL, 63, 0.00, 0.00, '1', 0, 0, '0', 16);
INSERT INTO `goods_sku` (`id`, `create_time`, `update_time`, `tenant_id`, `shop_id`, `sku_code`, `spu_id`, `pic_url`, `sales_price`, `market_price`, `cost_price`, `stock`, `weight`, `volume`, `enable`, `first_rebate`, `second_rebate`, `del_flag`, `version`) VALUES ('1273187904368472066', '2021-03-31 12:26:06', '2021-03-31 12:26:06', '1', '1261176336950480898', NULL, '1273187904351694850', '', 4599.00, 3199.00, NULL, 63, 0.00, 0.00, '1', 0, 0, '0', 32);
INSERT INTO `goods_sku` (`id`, `create_time`, `update_time`, `tenant_id`, `shop_id`, `sku_code`, `spu_id`, `pic_url`, `sales_price`, `market_price`, `cost_price`, `stock`, `weight`, `volume`, `enable`, `first_rebate`, `second_rebate`, `del_flag`, `version`) VALUES ('1273187904410415106', '2021-03-31 12:26:06', '2021-03-31 12:26:06', '1', '1261176336950480898', NULL, '1273187904351694850', '', 4499.00, 3199.00, NULL, 63, 0.00, 0.00, '1', 0, 0, '0', 10);
INSERT INTO `goods_sku` (`id`, `create_time`, `update_time`, `tenant_id`, `shop_id`, `sku_code`, `spu_id`, `pic_url`, `sales_price`, `market_price`, `cost_price`, `stock`, `weight`, `volume`, `enable`, `first_rebate`, `second_rebate`, `del_flag`, `version`) VALUES ('1273189184272920578', '2020-06-17 17:48:51', '2020-06-17 17:48:51', '1', '1261193631538073602', NULL, '1273189184264531969', '', 3699.00, NULL, NULL, 58, 0.00, 0.00, '1', 0, 0, '0', 0);
INSERT INTO `goods_sku` (`id`, `create_time`, `update_time`, `tenant_id`, `shop_id`, `sku_code`, `spu_id`, `pic_url`, `sales_price`, `market_price`, `cost_price`, `stock`, `weight`, `volume`, `enable`, `first_rebate`, `second_rebate`, `del_flag`, `version`) VALUES ('1273189184281309186', '2020-06-17 17:48:51', '2020-06-17 17:48:51', '1', '1261193631538073602', NULL, '1273189184264531969', '', 2699.00, NULL, NULL, 2, 0.00, 0.00, '1', 0, 0, '0', 2);
INSERT INTO `goods_sku` (`id`, `create_time`, `update_time`, `tenant_id`, `shop_id`, `sku_code`, `spu_id`, `pic_url`, `sales_price`, `market_price`, `cost_price`, `stock`, `weight`, `volume`, `enable`, `first_rebate`, `second_rebate`, `del_flag`, `version`) VALUES ('1273189184289697793', '2020-06-17 17:48:51', '2020-06-17 17:48:51', '1', '1261193631538073602', NULL, '1273189184264531969', '', 1688.00, NULL, NULL, 64, 0.00, 0.00, '1', 0, 0, '0', 2);
INSERT INTO `goods_sku` (`id`, `create_time`, `update_time`, `tenant_id`, `shop_id`, `sku_code`, `spu_id`, `pic_url`, `sales_price`, `market_price`, `cost_price`, `stock`, `weight`, `volume`, `enable`, `first_rebate`, `second_rebate`, `del_flag`, `version`) VALUES ('1273189745072336897', '2020-06-17 17:48:42', '2020-06-17 17:48:42', '1', '1261193631538073602', NULL, '1273189745068142593', '', 599.00, NULL, NULL, 26, 0.00, 0.00, '1', 0, 0, '0', 6);
INSERT INTO `goods_sku` (`id`, `create_time`, `update_time`, `tenant_id`, `shop_id`, `sku_code`, `spu_id`, `pic_url`, `sales_price`, `market_price`, `cost_price`, `stock`, `weight`, `volume`, `enable`, `first_rebate`, `second_rebate`, `del_flag`, `version`) VALUES ('1273189745080725505', '2020-06-17 17:48:42', '2020-06-17 17:48:42', '1', '1261193631538073602', NULL, '1273189745068142593', '', 1698.00, NULL, NULL, 3, 0.00, 0.00, '1', 0, 0, '0', 28);
INSERT INTO `goods_sku` (`id`, `create_time`, `update_time`, `tenant_id`, `shop_id`, `sku_code`, `spu_id`, `pic_url`, `sales_price`, `market_price`, `cost_price`, `stock`, `weight`, `volume`, `enable`, `first_rebate`, `second_rebate`, `del_flag`, `version`) VALUES ('1273189745084919809', '2020-06-17 17:48:43', '2020-06-17 17:48:43', '1', '1261193631538073602', NULL, '1273189745068142593', '', 2689.00, NULL, NULL, 5, 0.00, 0.00, '1', 0, 0, '0', 14);
INSERT INTO `goods_sku` (`id`, `create_time`, `update_time`, `tenant_id`, `shop_id`, `sku_code`, `spu_id`, `pic_url`, `sales_price`, `market_price`, `cost_price`, `stock`, `weight`, `volume`, `enable`, `first_rebate`, `second_rebate`, `del_flag`, `version`) VALUES ('1273190776921452546', '2020-06-17 17:48:30', '2020-06-17 17:48:30', '1', '1261193631538073602', NULL, '1273190776913063938', '', 1688.00, 2698.00, NULL, 87, 0.00, 0.00, '1', 0, 0, '0', 5);
INSERT INTO `goods_sku` (`id`, `create_time`, `update_time`, `tenant_id`, `shop_id`, `sku_code`, `spu_id`, `pic_url`, `sales_price`, `market_price`, `cost_price`, `stock`, `weight`, `volume`, `enable`, `first_rebate`, `second_rebate`, `del_flag`, `version`) VALUES ('1273190776929841154', '2020-06-17 17:48:30', '2020-06-17 17:48:30', '1', '1261193631538073602', NULL, '1273190776913063938', '', 1688.00, 2698.00, NULL, 88, 0.00, 0.00, '1', 0, 0, '0', 0);
INSERT INTO `goods_sku` (`id`, `create_time`, `update_time`, `tenant_id`, `shop_id`, `sku_code`, `spu_id`, `pic_url`, `sales_price`, `market_price`, `cost_price`, `stock`, `weight`, `volume`, `enable`, `first_rebate`, `second_rebate`, `del_flag`, `version`) VALUES ('1273190776934035457', '2020-06-17 17:48:30', '2020-06-17 17:48:30', '1', '1261193631538073602', NULL, '1273190776913063938', '', 3688.00, 4698.00, NULL, 88, 0.00, 0.00, '1', 0, 0, '0', 6);
INSERT INTO `goods_sku` (`id`, `create_time`, `update_time`, `tenant_id`, `shop_id`, `sku_code`, `spu_id`, `pic_url`, `sales_price`, `market_price`, `cost_price`, `stock`, `weight`, `volume`, `enable`, `first_rebate`, `second_rebate`, `del_flag`, `version`) VALUES ('1273190776938229761', '2020-06-17 17:48:30', '2020-06-17 17:48:30', '1', '1261193631538073602', NULL, '1273190776913063938', '', 2688.00, 3698.00, NULL, 87, 0.00, 0.00, '1', 0, 0, '0', 7);
INSERT INTO `goods_sku` (`id`, `create_time`, `update_time`, `tenant_id`, `shop_id`, `sku_code`, `spu_id`, `pic_url`, `sales_price`, `market_price`, `cost_price`, `stock`, `weight`, `volume`, `enable`, `first_rebate`, `second_rebate`, `del_flag`, `version`) VALUES ('1273190776946618370', '2020-06-17 17:48:30', '2020-06-17 17:48:30', '1', '1261193631538073602', NULL, '1273190776913063938', '', 3688.00, 4698.00, NULL, 88, 0.00, 0.00, '1', 0, 0, '0', 0);
INSERT INTO `goods_sku` (`id`, `create_time`, `update_time`, `tenant_id`, `shop_id`, `sku_code`, `spu_id`, `pic_url`, `sales_price`, `market_price`, `cost_price`, `stock`, `weight`, `volume`, `enable`, `first_rebate`, `second_rebate`, `del_flag`, `version`) VALUES ('1273190776950812674', '2020-06-17 17:48:30', '2020-06-17 17:48:30', '1', '1261193631538073602', NULL, '1273190776913063938', '', 3688.00, 4698.00, NULL, 88, 0.00, 0.00, '1', 0, 0, '0', 0);
INSERT INTO `goods_sku` (`id`, `create_time`, `update_time`, `tenant_id`, `shop_id`, `sku_code`, `spu_id`, `pic_url`, `sales_price`, `market_price`, `cost_price`, `stock`, `weight`, `volume`, `enable`, `first_rebate`, `second_rebate`, `del_flag`, `version`) VALUES ('1273192146915356674', '2020-06-17 17:53:57', '2020-06-17 17:53:57', '1', '1261193346845495297', NULL, '1273192146906968065', '', 0.70, 0.00, 0.00, 33, 0.00, 0.00, '1', 10, 5, '0', 6);
INSERT INTO `goods_sku` (`id`, `create_time`, `update_time`, `tenant_id`, `shop_id`, `sku_code`, `spu_id`, `pic_url`, `sales_price`, `market_price`, `cost_price`, `stock`, `weight`, `volume`, `enable`, `first_rebate`, `second_rebate`, `del_flag`, `version`) VALUES ('1281935486727823361', '2021-06-03 10:27:55', '2021-06-03 10:27:55', '1', '1261193346845495297', NULL, '1273191752084549634', '', 0.03, NULL, NULL, 0, 0.00, 0.00, '1', 0, 0, '0', 22);
INSERT INTO `goods_sku` (`id`, `create_time`, `update_time`, `tenant_id`, `shop_id`, `sku_code`, `spu_id`, `pic_url`, `sales_price`, `market_price`, `cost_price`, `stock`, `weight`, `volume`, `enable`, `first_rebate`, `second_rebate`, `del_flag`, `version`) VALUES ('1281935486727823362', '2021-06-03 10:27:55', '2021-06-03 10:27:55', '1', '1261193346845495297', NULL, '1273191752084549634', '', 7878.00, NULL, NULL, 7, 0.00, 0.00, '1', 0, 0, '0', 0);
INSERT INTO `goods_sku` (`id`, `create_time`, `update_time`, `tenant_id`, `shop_id`, `sku_code`, `spu_id`, `pic_url`, `sales_price`, `market_price`, `cost_price`, `stock`, `weight`, `volume`, `enable`, `first_rebate`, `second_rebate`, `del_flag`, `version`) VALUES ('1281935486727823363', '2021-06-03 10:27:55', '2021-06-03 10:27:55', '1', '1261193346845495297', NULL, '1273191752084549634', '', 7025.00, NULL, NULL, 5, 0.00, 0.00, '1', 9, 0, '0', 16);
INSERT INTO `goods_sku` (`id`, `create_time`, `update_time`, `tenant_id`, `shop_id`, `sku_code`, `spu_id`, `pic_url`, `sales_price`, `market_price`, `cost_price`, `stock`, `weight`, `volume`, `enable`, `first_rebate`, `second_rebate`, `del_flag`, `version`) VALUES ('1281935486727823364', '2021-06-03 10:27:55', '2021-06-03 10:27:55', '1', '1261193346845495297', NULL, '1273191752084549634', '', 8567.00, NULL, NULL, 0, 0.00, 0.00, '1', 0, 0, '0', 0);
INSERT INTO `goods_sku` (`id`, `create_time`, `update_time`, `tenant_id`, `shop_id`, `sku_code`, `spu_id`, `pic_url`, `sales_price`, `market_price`, `cost_price`, `stock`, `weight`, `volume`, `enable`, `first_rebate`, `second_rebate`, `del_flag`, `version`) VALUES ('1306213037587357697', '2020-11-04 09:36:06', '2020-11-04 09:36:06', '1', '1261176336950480898', NULL, '1255379800819601410', '', 52.00, NULL, NULL, 0, 0.00, 0.00, '1', 0, 0, '0', 0);
INSERT INTO `goods_sku` (`id`, `create_time`, `update_time`, `tenant_id`, `shop_id`, `sku_code`, `spu_id`, `pic_url`, `sales_price`, `market_price`, `cost_price`, `stock`, `weight`, `volume`, `enable`, `first_rebate`, `second_rebate`, `del_flag`, `version`) VALUES ('1306213037599940609', '2020-11-04 09:36:06', '2020-11-04 09:36:06', '1', '1261176336950480898', NULL, '1255379800819601410', '', 8687.00, NULL, NULL, 0, 0.00, 0.00, '1', 0, 0, '0', 0);
INSERT INTO `goods_sku` (`id`, `create_time`, `update_time`, `tenant_id`, `shop_id`, `sku_code`, `spu_id`, `pic_url`, `sales_price`, `market_price`, `cost_price`, `stock`, `weight`, `volume`, `enable`, `first_rebate`, `second_rebate`, `del_flag`, `version`) VALUES ('1306213037599940610', '2020-11-04 09:36:06', '2020-11-04 09:36:06', '1', '1261176336950480898', NULL, '1255379800819601410', '', 788.00, NULL, NULL, 0, 0.00, 0.00, '1', 0, 0, '0', 0);
INSERT INTO `goods_sku` (`id`, `create_time`, `update_time`, `tenant_id`, `shop_id`, `sku_code`, `spu_id`, `pic_url`, `sales_price`, `market_price`, `cost_price`, `stock`, `weight`, `volume`, `enable`, `first_rebate`, `second_rebate`, `del_flag`, `version`) VALUES ('1306213037599940611', '2020-11-04 09:36:06', '2020-11-04 09:36:06', '1', '1261176336950480898', NULL, '1255379800819601410', '', 78.00, NULL, NULL, 0, 0.00, 0.00, '1', 0, 0, '0', 0);
INSERT INTO `goods_sku` (`id`, `create_time`, `update_time`, `tenant_id`, `shop_id`, `sku_code`, `spu_id`, `pic_url`, `sales_price`, `market_price`, `cost_price`, `stock`, `weight`, `volume`, `enable`, `first_rebate`, `second_rebate`, `del_flag`, `version`) VALUES ('1306213037599940612', '2020-11-04 09:36:06', '2020-11-04 09:36:06', '1', '1261176336950480898', NULL, '1255379800819601410', '', 543.00, NULL, NULL, 0, 0.00, 0.00, '1', 0, 0, '0', 0);
INSERT INTO `goods_sku` (`id`, `create_time`, `update_time`, `tenant_id`, `shop_id`, `sku_code`, `spu_id`, `pic_url`, `sales_price`, `market_price`, `cost_price`, `stock`, `weight`, `volume`, `enable`, `first_rebate`, `second_rebate`, `del_flag`, `version`) VALUES ('1306213037599940613', '2020-11-04 09:36:06', '2020-11-04 09:36:06', '1', '1261176336950480898', NULL, '1255379800819601410', '', 543.00, NULL, NULL, 0, 0.00, 0.00, '1', 0, 0, '0', 0);
INSERT INTO `goods_sku` (`id`, `create_time`, `update_time`, `tenant_id`, `shop_id`, `sku_code`, `spu_id`, `pic_url`, `sales_price`, `market_price`, `cost_price`, `stock`, `weight`, `volume`, `enable`, `first_rebate`, `second_rebate`, `del_flag`, `version`) VALUES ('1306213037599940614', '2020-11-04 09:36:06', '2020-11-04 09:36:06', '1', '1261176336950480898', NULL, '1255379800819601410', '', 543.00, NULL, NULL, 0, 0.00, 0.00, '1', 0, 0, '0', 0);
INSERT INTO `goods_sku` (`id`, `create_time`, `update_time`, `tenant_id`, `shop_id`, `sku_code`, `spu_id`, `pic_url`, `sales_price`, `market_price`, `cost_price`, `stock`, `weight`, `volume`, `enable`, `first_rebate`, `second_rebate`, `del_flag`, `version`) VALUES ('1306213037599940615', '2020-11-04 09:36:06', '2020-11-04 09:36:06', '1', '1261176336950480898', NULL, '1255379800819601410', '', 543.00, NULL, NULL, 0, 0.00, 0.00, '1', 0, 0, '0', 0);
INSERT INTO `goods_sku` (`id`, `create_time`, `update_time`, `tenant_id`, `shop_id`, `sku_code`, `spu_id`, `pic_url`, `sales_price`, `market_price`, `cost_price`, `stock`, `weight`, `volume`, `enable`, `first_rebate`, `second_rebate`, `del_flag`, `version`) VALUES ('1306213037599940616', '2020-11-04 09:36:06', '2020-11-04 09:36:06', '1', '1261176336950480898', NULL, '1255379800819601410', '', 543.00, NULL, NULL, 0, 0.00, 0.00, '1', 0, 0, '0', 0);
INSERT INTO `goods_sku` (`id`, `create_time`, `update_time`, `tenant_id`, `shop_id`, `sku_code`, `spu_id`, `pic_url`, `sales_price`, `market_price`, `cost_price`, `stock`, `weight`, `volume`, `enable`, `first_rebate`, `second_rebate`, `del_flag`, `version`) VALUES ('1306213037662855169', '2020-11-04 09:36:06', '2020-11-04 09:36:06', '1', '1261176336950480898', NULL, '1255379800819601410', '', 543.00, NULL, NULL, 0, 0.00, 0.00, '1', 0, 0, '0', 0);
INSERT INTO `goods_sku` (`id`, `create_time`, `update_time`, `tenant_id`, `shop_id`, `sku_code`, `spu_id`, `pic_url`, `sales_price`, `market_price`, `cost_price`, `stock`, `weight`, `volume`, `enable`, `first_rebate`, `second_rebate`, `del_flag`, `version`) VALUES ('1306213037662855170', '2020-11-04 09:36:06', '2020-11-04 09:36:06', '1', '1261176336950480898', NULL, '1255379800819601410', '', 543.00, NULL, NULL, 0, 0.00, 0.00, '1', 0, 0, '0', 0);
INSERT INTO `goods_sku` (`id`, `create_time`, `update_time`, `tenant_id`, `shop_id`, `sku_code`, `spu_id`, `pic_url`, `sales_price`, `market_price`, `cost_price`, `stock`, `weight`, `volume`, `enable`, `first_rebate`, `second_rebate`, `del_flag`, `version`) VALUES ('1306213037662855171', '2020-11-04 09:36:06', '2020-11-04 09:36:06', '1', '1261176336950480898', NULL, '1255379800819601410', '', 543.00, NULL, NULL, 0, 0.00, 0.00, '1', 0, 0, '0', 0);
COMMIT;

-- ----------------------------
-- Table structure for goods_sku_spec_value
-- ----------------------------
DROP TABLE IF EXISTS `goods_sku_spec_value`;
CREATE TABLE `goods_sku_spec_value` (
  `id` varchar(32) CHARACTER SET utf8mb3 COLLATE utf8mb3_general_ci NOT NULL COMMENT 'PK',
  `tenant_id` varchar(32) CHARACTER SET utf8mb3 COLLATE utf8mb3_general_ci NOT NULL COMMENT '所属租户',
  `spu_id` varchar(32) CHARACTER SET utf8mb3 COLLATE utf8mb3_general_ci DEFAULT NULL COMMENT 'spu_id',
  `sku_id` varchar(32) CHARACTER SET utf8mb3 COLLATE utf8mb3_general_ci NOT NULL COMMENT 'sku_id',
  `spec_value_id` varchar(32) CHARACTER SET utf8mb3 COLLATE utf8mb3_general_ci NOT NULL COMMENT '规格值id',
  `create_time` datetime DEFAULT CURRENT_TIMESTAMP COMMENT '创建时间',
  `update_time` datetime DEFAULT NULL ON UPDATE CURRENT_TIMESTAMP COMMENT '更新时间',
  `sort` int DEFAULT NULL COMMENT '排序字段',
  PRIMARY KEY (`id`) USING BTREE,
  KEY `ids_tenant_id` (`tenant_id`) USING BTREE
) ENGINE=InnoDB DEFAULT CHARSET=utf8mb3 ROW_FORMAT=DYNAMIC COMMENT='sku规格值';

-- ----------------------------
-- Records of goods_sku_spec_value
-- ----------------------------
BEGIN;
INSERT INTO `goods_sku_spec_value` (`id`, `tenant_id`, `spu_id`, `sku_id`, `spec_value_id`, `create_time`, `update_time`, `sort`) VALUES ('1273190776971784195', '1', '1273190776913063938', '1273190776921452546', '1', '2020-06-17 17:48:30', NULL, 0);
INSERT INTO `goods_sku_spec_value` (`id`, `tenant_id`, `spu_id`, `sku_id`, `spec_value_id`, `create_time`, `update_time`, `sort`) VALUES ('1273190776980172801', '1', '1273190776913063938', '1273190776921452546', '4f49ae1a8442793b5d5564f65c910d94', '2020-06-17 17:48:30', NULL, 1);
INSERT INTO `goods_sku_spec_value` (`id`, `tenant_id`, `spu_id`, `sku_id`, `spec_value_id`, `create_time`, `update_time`, `sort`) VALUES ('1273190776980172802', '1', '1273190776913063938', '1273190776929841154', '1', '2020-06-17 17:48:30', NULL, 2);
INSERT INTO `goods_sku_spec_value` (`id`, `tenant_id`, `spu_id`, `sku_id`, `spec_value_id`, `create_time`, `update_time`, `sort`) VALUES ('1273190776980172803', '1', '1273190776913063938', '1273190776929841154', '8f8349aa1dc205cb644c8eccbe9a13c9', '2020-06-17 17:48:30', NULL, 3);
INSERT INTO `goods_sku_spec_value` (`id`, `tenant_id`, `spu_id`, `sku_id`, `spec_value_id`, `create_time`, `update_time`, `sort`) VALUES ('1273190776980172804', '1', '1273190776913063938', '1273190776934035457', 'da0b3c06d18c677984f1b37655aa4505', '2020-06-17 17:48:30', NULL, 4);
INSERT INTO `goods_sku_spec_value` (`id`, `tenant_id`, `spu_id`, `sku_id`, `spec_value_id`, `create_time`, `update_time`, `sort`) VALUES ('1273190776980172805', '1', '1273190776913063938', '1273190776934035457', '4f49ae1a8442793b5d5564f65c910d94', '2020-06-17 17:48:30', NULL, 5);
INSERT INTO `goods_sku_spec_value` (`id`, `tenant_id`, `spu_id`, `sku_id`, `spec_value_id`, `create_time`, `update_time`, `sort`) VALUES ('1273190776980172806', '1', '1273190776913063938', '1273190776938229761', 'da0b3c06d18c677984f1b37655aa4505', '2020-06-17 17:48:30', NULL, 6);
INSERT INTO `goods_sku_spec_value` (`id`, `tenant_id`, `spu_id`, `sku_id`, `spec_value_id`, `create_time`, `update_time`, `sort`) VALUES ('1273190776980172807', '1', '1273190776913063938', '1273190776938229761', '8f8349aa1dc205cb644c8eccbe9a13c9', '2020-06-17 17:48:30', NULL, 7);
INSERT INTO `goods_sku_spec_value` (`id`, `tenant_id`, `spu_id`, `sku_id`, `spec_value_id`, `create_time`, `update_time`, `sort`) VALUES ('1273190776980172808', '1', '1273190776913063938', '1273190776946618370', '694d1ae3ffb4d03111a5b901cf1e1a8a', '2020-06-17 17:48:30', NULL, 8);
INSERT INTO `goods_sku_spec_value` (`id`, `tenant_id`, `spu_id`, `sku_id`, `spec_value_id`, `create_time`, `update_time`, `sort`) VALUES ('1273190776980172809', '1', '1273190776913063938', '1273190776946618370', '4f49ae1a8442793b5d5564f65c910d94', '2020-06-17 17:48:30', NULL, 9);
INSERT INTO `goods_sku_spec_value` (`id`, `tenant_id`, `spu_id`, `sku_id`, `spec_value_id`, `create_time`, `update_time`, `sort`) VALUES ('1273190776980172810', '1', '1273190776913063938', '1273190776950812674', '694d1ae3ffb4d03111a5b901cf1e1a8a', '2020-06-17 17:48:30', NULL, 10);
INSERT INTO `goods_sku_spec_value` (`id`, `tenant_id`, `spu_id`, `sku_id`, `spec_value_id`, `create_time`, `update_time`, `sort`) VALUES ('1273190776984367105', '1', '1273190776913063938', '1273190776950812674', '8f8349aa1dc205cb644c8eccbe9a13c9', '2020-06-17 17:48:30', NULL, 11);
INSERT INTO `goods_sku_spec_value` (`id`, `tenant_id`, `spu_id`, `sku_id`, `spec_value_id`, `create_time`, `update_time`, `sort`) VALUES ('1273190828926627842', '1', '1273189745068142593', '1273189745072336897', '2', '2020-06-17 17:48:43', NULL, 0);
INSERT INTO `goods_sku_spec_value` (`id`, `tenant_id`, `spu_id`, `sku_id`, `spec_value_id`, `create_time`, `update_time`, `sort`) VALUES ('1273190828930822146', '1', '1273189745068142593', '1273189745080725505', '694d1ae3ffb4d03111a5b901cf1e1a8a', '2020-06-17 17:48:43', NULL, 1);
INSERT INTO `goods_sku_spec_value` (`id`, `tenant_id`, `spu_id`, `sku_id`, `spec_value_id`, `create_time`, `update_time`, `sort`) VALUES ('1273190828930822147', '1', '1273189745068142593', '1273189745084919809', 'da0b3c06d18c677984f1b37655aa4505', '2020-06-17 17:48:43', NULL, 2);
INSERT INTO `goods_sku_spec_value` (`id`, `tenant_id`, `spu_id`, `sku_id`, `spec_value_id`, `create_time`, `update_time`, `sort`) VALUES ('1273190866641809409', '1', '1273189184264531969', '1273189184272920578', 'da0b3c06d18c677984f1b37655aa4505', '2020-06-17 17:48:52', NULL, 0);
INSERT INTO `goods_sku_spec_value` (`id`, `tenant_id`, `spu_id`, `sku_id`, `spec_value_id`, `create_time`, `update_time`, `sort`) VALUES ('1273190866646003713', '1', '1273189184264531969', '1273189184281309186', '2', '2020-06-17 17:48:52', NULL, 1);
INSERT INTO `goods_sku_spec_value` (`id`, `tenant_id`, `spu_id`, `sku_id`, `spec_value_id`, `create_time`, `update_time`, `sort`) VALUES ('1273190866646003714', '1', '1273189184264531969', '1273189184289697793', '694d1ae3ffb4d03111a5b901cf1e1a8a', '2020-06-17 17:48:52', NULL, 2);
INSERT INTO `goods_sku_spec_value` (`id`, `tenant_id`, `spu_id`, `sku_id`, `spec_value_id`, `create_time`, `update_time`, `sort`) VALUES ('1323801159380525061', '1', '1255379800819601410', '1306213037587357697', 'f53488c6a79e795ba288d1279a5f98e7', '2020-11-04 09:36:06', NULL, 0);
INSERT INTO `goods_sku_spec_value` (`id`, `tenant_id`, `spu_id`, `sku_id`, `spec_value_id`, `create_time`, `update_time`, `sort`) VALUES ('1323801159380525062', '1', '1255379800819601410', '1306213037587357697', 'c08a41bfa243e6ea121a0f0c3050517e', '2020-11-04 09:36:06', NULL, 1);
INSERT INTO `goods_sku_spec_value` (`id`, `tenant_id`, `spu_id`, `sku_id`, `spec_value_id`, `create_time`, `update_time`, `sort`) VALUES ('1323801159380525063', '1', '1255379800819601410', '1306213037587357697', '4', '2020-11-04 09:36:06', NULL, 2);
INSERT INTO `goods_sku_spec_value` (`id`, `tenant_id`, `spu_id`, `sku_id`, `spec_value_id`, `create_time`, `update_time`, `sort`) VALUES ('1323801159380525064', '1', '1255379800819601410', '1306213037599940609', 'f53488c6a79e795ba288d1279a5f98e7', '2020-11-04 09:36:06', NULL, 3);
INSERT INTO `goods_sku_spec_value` (`id`, `tenant_id`, `spu_id`, `sku_id`, `spec_value_id`, `create_time`, `update_time`, `sort`) VALUES ('1323801159380525065', '1', '1255379800819601410', '1306213037599940609', 'c08a41bfa243e6ea121a0f0c3050517e', '2020-11-04 09:36:06', NULL, 4);
INSERT INTO `goods_sku_spec_value` (`id`, `tenant_id`, `spu_id`, `sku_id`, `spec_value_id`, `create_time`, `update_time`, `sort`) VALUES ('1323801159380525066', '1', '1255379800819601410', '1306213037599940609', '58b15ffc7fb68aa1057a4a70450af6fb', '2020-11-04 09:36:06', NULL, 5);
INSERT INTO `goods_sku_spec_value` (`id`, `tenant_id`, `spu_id`, `sku_id`, `spec_value_id`, `create_time`, `update_time`, `sort`) VALUES ('1323801159380525067', '1', '1255379800819601410', '1306213037599940610', 'f53488c6a79e795ba288d1279a5f98e7', '2020-11-04 09:36:06', NULL, 6);
INSERT INTO `goods_sku_spec_value` (`id`, `tenant_id`, `spu_id`, `sku_id`, `spec_value_id`, `create_time`, `update_time`, `sort`) VALUES ('1323801159380525068', '1', '1255379800819601410', '1306213037599940610', 'c08a41bfa243e6ea121a0f0c3050517e', '2020-11-04 09:36:06', NULL, 7);
INSERT INTO `goods_sku_spec_value` (`id`, `tenant_id`, `spu_id`, `sku_id`, `spec_value_id`, `create_time`, `update_time`, `sort`) VALUES ('1323801159380525069', '1', '1255379800819601410', '1306213037599940610', 'e0b840a51e251badb5606d5ce1faa695', '2020-11-04 09:36:06', NULL, 8);
INSERT INTO `goods_sku_spec_value` (`id`, `tenant_id`, `spu_id`, `sku_id`, `spec_value_id`, `create_time`, `update_time`, `sort`) VALUES ('1323801159380525070', '1', '1255379800819601410', '1306213037599940611', 'f53488c6a79e795ba288d1279a5f98e7', '2020-11-04 09:36:06', NULL, 9);
INSERT INTO `goods_sku_spec_value` (`id`, `tenant_id`, `spu_id`, `sku_id`, `spec_value_id`, `create_time`, `update_time`, `sort`) VALUES ('1323801159380525071', '1', '1255379800819601410', '1306213037599940611', '37251998ff4119058821e0f5ec0d282a', '2020-11-04 09:36:06', NULL, 10);
INSERT INTO `goods_sku_spec_value` (`id`, `tenant_id`, `spu_id`, `sku_id`, `spec_value_id`, `create_time`, `update_time`, `sort`) VALUES ('1323801159380525072', '1', '1255379800819601410', '1306213037599940611', '4', '2020-11-04 09:36:06', NULL, 11);
INSERT INTO `goods_sku_spec_value` (`id`, `tenant_id`, `spu_id`, `sku_id`, `spec_value_id`, `create_time`, `update_time`, `sort`) VALUES ('1323801159380525073', '1', '1255379800819601410', '1306213037599940612', 'f53488c6a79e795ba288d1279a5f98e7', '2020-11-04 09:36:06', NULL, 12);
INSERT INTO `goods_sku_spec_value` (`id`, `tenant_id`, `spu_id`, `sku_id`, `spec_value_id`, `create_time`, `update_time`, `sort`) VALUES ('1323801159380525074', '1', '1255379800819601410', '1306213037599940612', '37251998ff4119058821e0f5ec0d282a', '2020-11-04 09:36:06', NULL, 13);
INSERT INTO `goods_sku_spec_value` (`id`, `tenant_id`, `spu_id`, `sku_id`, `spec_value_id`, `create_time`, `update_time`, `sort`) VALUES ('1323801159380525075', '1', '1255379800819601410', '1306213037599940612', '58b15ffc7fb68aa1057a4a70450af6fb', '2020-11-04 09:36:06', NULL, 14);
INSERT INTO `goods_sku_spec_value` (`id`, `tenant_id`, `spu_id`, `sku_id`, `spec_value_id`, `create_time`, `update_time`, `sort`) VALUES ('1323801159380525076', '1', '1255379800819601410', '1306213037599940613', 'f53488c6a79e795ba288d1279a5f98e7', '2020-11-04 09:36:06', NULL, 15);
INSERT INTO `goods_sku_spec_value` (`id`, `tenant_id`, `spu_id`, `sku_id`, `spec_value_id`, `create_time`, `update_time`, `sort`) VALUES ('1323801159380525077', '1', '1255379800819601410', '1306213037599940613', '37251998ff4119058821e0f5ec0d282a', '2020-11-04 09:36:06', NULL, 16);
INSERT INTO `goods_sku_spec_value` (`id`, `tenant_id`, `spu_id`, `sku_id`, `spec_value_id`, `create_time`, `update_time`, `sort`) VALUES ('1323801159380525078', '1', '1255379800819601410', '1306213037599940613', 'e0b840a51e251badb5606d5ce1faa695', '2020-11-04 09:36:06', NULL, 17);
INSERT INTO `goods_sku_spec_value` (`id`, `tenant_id`, `spu_id`, `sku_id`, `spec_value_id`, `create_time`, `update_time`, `sort`) VALUES ('1323801159380525079', '1', '1255379800819601410', '1306213037599940614', '4f49ae1a8442793b5d5564f65c910d94', '2020-11-04 09:36:06', NULL, 18);
INSERT INTO `goods_sku_spec_value` (`id`, `tenant_id`, `spu_id`, `sku_id`, `spec_value_id`, `create_time`, `update_time`, `sort`) VALUES ('1323801159380525080', '1', '1255379800819601410', '1306213037599940614', 'c08a41bfa243e6ea121a0f0c3050517e', '2020-11-04 09:36:06', NULL, 19);
INSERT INTO `goods_sku_spec_value` (`id`, `tenant_id`, `spu_id`, `sku_id`, `spec_value_id`, `create_time`, `update_time`, `sort`) VALUES ('1323801159380525081', '1', '1255379800819601410', '1306213037599940614', '4', '2020-11-04 09:36:06', NULL, 20);
INSERT INTO `goods_sku_spec_value` (`id`, `tenant_id`, `spu_id`, `sku_id`, `spec_value_id`, `create_time`, `update_time`, `sort`) VALUES ('1323801159380525082', '1', '1255379800819601410', '1306213037599940615', '4f49ae1a8442793b5d5564f65c910d94', '2020-11-04 09:36:06', NULL, 21);
INSERT INTO `goods_sku_spec_value` (`id`, `tenant_id`, `spu_id`, `sku_id`, `spec_value_id`, `create_time`, `update_time`, `sort`) VALUES ('1323801159380525083', '1', '1255379800819601410', '1306213037599940615', 'c08a41bfa243e6ea121a0f0c3050517e', '2020-11-04 09:36:06', NULL, 22);
INSERT INTO `goods_sku_spec_value` (`id`, `tenant_id`, `spu_id`, `sku_id`, `spec_value_id`, `create_time`, `update_time`, `sort`) VALUES ('1323801159380525084', '1', '1255379800819601410', '1306213037599940615', '58b15ffc7fb68aa1057a4a70450af6fb', '2020-11-04 09:36:06', NULL, 23);
INSERT INTO `goods_sku_spec_value` (`id`, `tenant_id`, `spu_id`, `sku_id`, `spec_value_id`, `create_time`, `update_time`, `sort`) VALUES ('1323801159380525085', '1', '1255379800819601410', '1306213037599940616', '4f49ae1a8442793b5d5564f65c910d94', '2020-11-04 09:36:06', NULL, 24);
INSERT INTO `goods_sku_spec_value` (`id`, `tenant_id`, `spu_id`, `sku_id`, `spec_value_id`, `create_time`, `update_time`, `sort`) VALUES ('1323801159380525086', '1', '1255379800819601410', '1306213037599940616', 'c08a41bfa243e6ea121a0f0c3050517e', '2020-11-04 09:36:06', NULL, 25);
INSERT INTO `goods_sku_spec_value` (`id`, `tenant_id`, `spu_id`, `sku_id`, `spec_value_id`, `create_time`, `update_time`, `sort`) VALUES ('1323801159380525087', '1', '1255379800819601410', '1306213037599940616', 'e0b840a51e251badb5606d5ce1faa695', '2020-11-04 09:36:06', NULL, 26);
INSERT INTO `goods_sku_spec_value` (`id`, `tenant_id`, `spu_id`, `sku_id`, `spec_value_id`, `create_time`, `update_time`, `sort`) VALUES ('1323801159380525088', '1', '1255379800819601410', '1306213037662855169', '4f49ae1a8442793b5d5564f65c910d94', '2020-11-04 09:36:06', NULL, 27);
INSERT INTO `goods_sku_spec_value` (`id`, `tenant_id`, `spu_id`, `sku_id`, `spec_value_id`, `create_time`, `update_time`, `sort`) VALUES ('1323801159380525089', '1', '1255379800819601410', '1306213037662855169', '37251998ff4119058821e0f5ec0d282a', '2020-11-04 09:36:06', NULL, 28);
INSERT INTO `goods_sku_spec_value` (`id`, `tenant_id`, `spu_id`, `sku_id`, `spec_value_id`, `create_time`, `update_time`, `sort`) VALUES ('1323801159380525090', '1', '1255379800819601410', '1306213037662855169', '4', '2020-11-04 09:36:06', NULL, 29);
INSERT INTO `goods_sku_spec_value` (`id`, `tenant_id`, `spu_id`, `sku_id`, `spec_value_id`, `create_time`, `update_time`, `sort`) VALUES ('1323801159380525091', '1', '1255379800819601410', '1306213037662855170', '4f49ae1a8442793b5d5564f65c910d94', '2020-11-04 09:36:06', NULL, 30);
INSERT INTO `goods_sku_spec_value` (`id`, `tenant_id`, `spu_id`, `sku_id`, `spec_value_id`, `create_time`, `update_time`, `sort`) VALUES ('1323801159380525092', '1', '1255379800819601410', '1306213037662855170', '37251998ff4119058821e0f5ec0d282a', '2020-11-04 09:36:06', NULL, 31);
INSERT INTO `goods_sku_spec_value` (`id`, `tenant_id`, `spu_id`, `sku_id`, `spec_value_id`, `create_time`, `update_time`, `sort`) VALUES ('1323801159380525093', '1', '1255379800819601410', '1306213037662855170', '58b15ffc7fb68aa1057a4a70450af6fb', '2020-11-04 09:36:06', NULL, 32);
INSERT INTO `goods_sku_spec_value` (`id`, `tenant_id`, `spu_id`, `sku_id`, `spec_value_id`, `create_time`, `update_time`, `sort`) VALUES ('1323801159380525094', '1', '1255379800819601410', '1306213037662855171', '4f49ae1a8442793b5d5564f65c910d94', '2020-11-04 09:36:06', NULL, 33);
INSERT INTO `goods_sku_spec_value` (`id`, `tenant_id`, `spu_id`, `sku_id`, `spec_value_id`, `create_time`, `update_time`, `sort`) VALUES ('1323801159380525095', '1', '1255379800819601410', '1306213037662855171', '37251998ff4119058821e0f5ec0d282a', '2020-11-04 09:36:06', NULL, 34);
INSERT INTO `goods_sku_spec_value` (`id`, `tenant_id`, `spu_id`, `sku_id`, `spec_value_id`, `create_time`, `update_time`, `sort`) VALUES ('1323801159380525096', '1', '1255379800819601410', '1306213037662855171', 'e0b840a51e251badb5606d5ce1faa695', '2020-11-04 09:36:06', NULL, 35);
INSERT INTO `goods_sku_spec_value` (`id`, `tenant_id`, `spu_id`, `sku_id`, `spec_value_id`, `create_time`, `update_time`, `sort`) VALUES ('1377114959450775554', '1', '1273187904351694850', '1273187904360083458', '62de70420a9be05b6fbcf3e1c818e0de', '2021-03-31 12:26:06', NULL, 0);
INSERT INTO `goods_sku_spec_value` (`id`, `tenant_id`, `spu_id`, `sku_id`, `spec_value_id`, `create_time`, `update_time`, `sort`) VALUES ('1377114959450775555', '1', '1273187904351694850', '1273187904368472066', 'b50258dcbe378145b0159b4cdf89202e', '2021-03-31 12:26:06', NULL, 1);
INSERT INTO `goods_sku_spec_value` (`id`, `tenant_id`, `spu_id`, `sku_id`, `spec_value_id`, `create_time`, `update_time`, `sort`) VALUES ('1377114959450775556', '1', '1273187904351694850', '1273187904410415106', '4f49ae1a8442793b5d5564f65c910d94', '2021-03-31 12:26:06', NULL, 2);
INSERT INTO `goods_sku_spec_value` (`id`, `tenant_id`, `spu_id`, `sku_id`, `spec_value_id`, `create_time`, `update_time`, `sort`) VALUES ('1400278040309731333', '1', '1273191752084549634', '1281935486727823361', 'da0b3c06d18c677984f1b37655aa4505', '2021-06-03 10:27:55', NULL, 0);
INSERT INTO `goods_sku_spec_value` (`id`, `tenant_id`, `spu_id`, `sku_id`, `spec_value_id`, `create_time`, `update_time`, `sort`) VALUES ('1400278040309731334', '1', '1273191752084549634', '1281935486727823361', '62de70420a9be05b6fbcf3e1c818e0de', '2021-06-03 10:27:55', NULL, 1);
INSERT INTO `goods_sku_spec_value` (`id`, `tenant_id`, `spu_id`, `sku_id`, `spec_value_id`, `create_time`, `update_time`, `sort`) VALUES ('1400278040309731335', '1', '1273191752084549634', '1281935486727823361', 'e0b840a51e251badb5606d5ce1faa695', '2021-06-03 10:27:55', NULL, 2);
INSERT INTO `goods_sku_spec_value` (`id`, `tenant_id`, `spu_id`, `sku_id`, `spec_value_id`, `create_time`, `update_time`, `sort`) VALUES ('1400278040309731336', '1', '1273191752084549634', '1281935486727823362', 'da0b3c06d18c677984f1b37655aa4505', '2021-06-03 10:27:55', NULL, 3);
INSERT INTO `goods_sku_spec_value` (`id`, `tenant_id`, `spu_id`, `sku_id`, `spec_value_id`, `create_time`, `update_time`, `sort`) VALUES ('1400278040364257282', '1', '1273191752084549634', '1281935486727823362', 'f53488c6a79e795ba288d1279a5f98e7', '2021-06-03 10:27:55', NULL, 4);
INSERT INTO `goods_sku_spec_value` (`id`, `tenant_id`, `spu_id`, `sku_id`, `spec_value_id`, `create_time`, `update_time`, `sort`) VALUES ('1400278040364257283', '1', '1273191752084549634', '1281935486727823362', 'e0b840a51e251badb5606d5ce1faa695', '2021-06-03 10:27:55', NULL, 5);
INSERT INTO `goods_sku_spec_value` (`id`, `tenant_id`, `spu_id`, `sku_id`, `spec_value_id`, `create_time`, `update_time`, `sort`) VALUES ('1400278040364257284', '1', '1273191752084549634', '1281935486727823363', '694d1ae3ffb4d03111a5b901cf1e1a8a', '2021-06-03 10:27:55', NULL, 6);
INSERT INTO `goods_sku_spec_value` (`id`, `tenant_id`, `spu_id`, `sku_id`, `spec_value_id`, `create_time`, `update_time`, `sort`) VALUES ('1400278040364257285', '1', '1273191752084549634', '1281935486727823363', '62de70420a9be05b6fbcf3e1c818e0de', '2021-06-03 10:27:55', NULL, 7);
INSERT INTO `goods_sku_spec_value` (`id`, `tenant_id`, `spu_id`, `sku_id`, `spec_value_id`, `create_time`, `update_time`, `sort`) VALUES ('1400278040364257286', '1', '1273191752084549634', '1281935486727823363', 'e0b840a51e251badb5606d5ce1faa695', '2021-06-03 10:27:55', NULL, 8);
INSERT INTO `goods_sku_spec_value` (`id`, `tenant_id`, `spu_id`, `sku_id`, `spec_value_id`, `create_time`, `update_time`, `sort`) VALUES ('1400278040364257287', '1', '1273191752084549634', '1281935486727823364', '694d1ae3ffb4d03111a5b901cf1e1a8a', '2021-06-03 10:27:55', NULL, 9);
INSERT INTO `goods_sku_spec_value` (`id`, `tenant_id`, `spu_id`, `sku_id`, `spec_value_id`, `create_time`, `update_time`, `sort`) VALUES ('1400278040372645890', '1', '1273191752084549634', '1281935486727823364', 'f53488c6a79e795ba288d1279a5f98e7', '2021-06-03 10:27:55', NULL, 10);
INSERT INTO `goods_sku_spec_value` (`id`, `tenant_id`, `spu_id`, `sku_id`, `spec_value_id`, `create_time`, `update_time`, `sort`) VALUES ('1400278040372645891', '1', '1273191752084549634', '1281935486727823364', 'e0b840a51e251badb5606d5ce1faa695', '2021-06-03 10:27:55', NULL, 11);
INSERT INTO `goods_sku_spec_value` (`id`, `tenant_id`, `spu_id`, `sku_id`, `spec_value_id`, `create_time`, `update_time`, `sort`) VALUES ('1455070175274995713', '1', '1273186784766128130', '1273186784774516738', 'f53488c6a79e795ba288d1279a5f98e7', '2021-11-01 15:12:18', NULL, 0);
INSERT INTO `goods_sku_spec_value` (`id`, `tenant_id`, `spu_id`, `sku_id`, `spec_value_id`, `create_time`, `update_time`, `sort`) VALUES ('1455070175283384321', '1', '1273186784766128130', '1273186784778711042', 'b50258dcbe378145b0159b4cdf89202e', '2021-11-01 15:12:18', NULL, 1);
INSERT INTO `goods_sku_spec_value` (`id`, `tenant_id`, `spu_id`, `sku_id`, `spec_value_id`, `create_time`, `update_time`, `sort`) VALUES ('257c9920abdf14b7bafe2d1f8d1ee41f', '872f46d167f7428c8e9e252c17997fb5', 'b13822de6c8ecddc06c167de4c054aeb', '25382fd4bb10ff4ca5b9000262e7b0e4', '25a8724edc2ecf4fc295bf72f2faf923', '2019-12-16 20:59:16', NULL, NULL);
INSERT INTO `goods_sku_spec_value` (`id`, `tenant_id`, `spu_id`, `sku_id`, `spec_value_id`, `create_time`, `update_time`, `sort`) VALUES ('35a565f4adb80e8e96f3ba91421fbd9d', '872f46d167f7428c8e9e252c17997fb5', 'b13822de6c8ecddc06c167de4c054aeb', '4bdae99ee87f891eba5ed92fefd6398e', 'fd82720178bbf4e198bf689f28b6d072', '2019-12-16 20:59:16', NULL, NULL);
INSERT INTO `goods_sku_spec_value` (`id`, `tenant_id`, `spu_id`, `sku_id`, `spec_value_id`, `create_time`, `update_time`, `sort`) VALUES ('48c63476857168f0cd17949deec14364', '872f46d167f7428c8e9e252c17997fb5', 'b13822de6c8ecddc06c167de4c054aeb', '7d194deff8da58f84a6fea43c0aaba6d', 'fd82720178bbf4e198bf689f28b6d072', '2019-12-16 20:59:16', NULL, NULL);
INSERT INTO `goods_sku_spec_value` (`id`, `tenant_id`, `spu_id`, `sku_id`, `spec_value_id`, `create_time`, `update_time`, `sort`) VALUES ('4c778b28778a7c0a7ca4fcd1c8d155a0', '872f46d167f7428c8e9e252c17997fb5', 'b13822de6c8ecddc06c167de4c054aeb', 'a93e101a5923bf5924a24353f9a93f62', '25a8724edc2ecf4fc295bf72f2faf923', '2019-12-16 20:59:16', NULL, NULL);
INSERT INTO `goods_sku_spec_value` (`id`, `tenant_id`, `spu_id`, `sku_id`, `spec_value_id`, `create_time`, `update_time`, `sort`) VALUES ('65dbc3a197236b4fa1bcefad192282aa', '872f46d167f7428c8e9e252c17997fb5', 'b13822de6c8ecddc06c167de4c054aeb', '4bdae99ee87f891eba5ed92fefd6398e', '1d7f73d660f51ed9737614eb7b0041c6', '2019-12-16 20:59:16', NULL, NULL);
INSERT INTO `goods_sku_spec_value` (`id`, `tenant_id`, `spu_id`, `sku_id`, `spec_value_id`, `create_time`, `update_time`, `sort`) VALUES ('910993ee19b4c953797922564510fc13', '872f46d167f7428c8e9e252c17997fb5', 'b13822de6c8ecddc06c167de4c054aeb', '81f6520c7fd6a07c2085ed477401adc6', '25a8724edc2ecf4fc295bf72f2faf923', '2019-12-16 20:59:16', NULL, NULL);
INSERT INTO `goods_sku_spec_value` (`id`, `tenant_id`, `spu_id`, `sku_id`, `spec_value_id`, `create_time`, `update_time`, `sort`) VALUES ('ae43f1b1f0002090b9c928a8f82bb794', '872f46d167f7428c8e9e252c17997fb5', 'b13822de6c8ecddc06c167de4c054aeb', '2ab787084884a7169d5dd2b7a259c9cc', '204fa96e649cc9333aa903d4b53d0f36', '2019-12-16 20:59:16', NULL, NULL);
INSERT INTO `goods_sku_spec_value` (`id`, `tenant_id`, `spu_id`, `sku_id`, `spec_value_id`, `create_time`, `update_time`, `sort`) VALUES ('b34543c50b3f1121bc461d63a67be069', '872f46d167f7428c8e9e252c17997fb5', 'b13822de6c8ecddc06c167de4c054aeb', '81f6520c7fd6a07c2085ed477401adc6', '204fa96e649cc9333aa903d4b53d0f36', '2019-12-16 20:59:16', NULL, NULL);
INSERT INTO `goods_sku_spec_value` (`id`, `tenant_id`, `spu_id`, `sku_id`, `spec_value_id`, `create_time`, `update_time`, `sort`) VALUES ('cd7514dd95c8a7ba5c5e15b379bbcdbf', '872f46d167f7428c8e9e252c17997fb5', 'b13822de6c8ecddc06c167de4c054aeb', '2ab787084884a7169d5dd2b7a259c9cc', 'fd82720178bbf4e198bf689f28b6d072', '2019-12-16 20:59:16', NULL, NULL);
INSERT INTO `goods_sku_spec_value` (`id`, `tenant_id`, `spu_id`, `sku_id`, `spec_value_id`, `create_time`, `update_time`, `sort`) VALUES ('d856a208e914b72b632a4be00f960ee4', '872f46d167f7428c8e9e252c17997fb5', 'b13822de6c8ecddc06c167de4c054aeb', '25382fd4bb10ff4ca5b9000262e7b0e4', '1d7f73d660f51ed9737614eb7b0041c6', '2019-12-16 20:59:16', NULL, NULL);
INSERT INTO `goods_sku_spec_value` (`id`, `tenant_id`, `spu_id`, `sku_id`, `spec_value_id`, `create_time`, `update_time`, `sort`) VALUES ('db7c58cd5320fab23965f7c186c5c48a', '872f46d167f7428c8e9e252c17997fb5', 'b13822de6c8ecddc06c167de4c054aeb', 'a93e101a5923bf5924a24353f9a93f62', '690315b4e8a0642a465167ed93063f9c', '2019-12-16 20:59:16', NULL, NULL);
INSERT INTO `goods_sku_spec_value` (`id`, `tenant_id`, `spu_id`, `sku_id`, `spec_value_id`, `create_time`, `update_time`, `sort`) VALUES ('f8c86f44a2589aaa41feb6115a0bb5e5', '872f46d167f7428c8e9e252c17997fb5', 'b13822de6c8ecddc06c167de4c054aeb', '7d194deff8da58f84a6fea43c0aaba6d', '690315b4e8a0642a465167ed93063f9c', '2019-12-16 20:59:16', NULL, NULL);
COMMIT;

-- ----------------------------
-- Table structure for goods_spec
-- ----------------------------
DROP TABLE IF EXISTS `goods_spec`;
CREATE TABLE `goods_spec` (
  `id` varchar(32) CHARACTER SET utf8mb4 COLLATE utf8mb4_0900_ai_ci NOT NULL COMMENT 'PK',
  `tenant_id` varchar(32) CHARACTER SET utf8mb4 COLLATE utf8mb4_0900_ai_ci NOT NULL COMMENT '所属租户',
  `name` varchar(50) CHARACTER SET utf8mb4 COLLATE utf8mb4_0900_ai_ci NOT NULL DEFAULT '' COMMENT '名称',
  `del_flag` char(2) CHARACTER SET utf8mb4 COLLATE utf8mb4_0900_ai_ci NOT NULL DEFAULT '0' COMMENT '逻辑删除标记（0：显示；1：隐藏）',
  `create_time` datetime NOT NULL DEFAULT CURRENT_TIMESTAMP COMMENT '创建时间',
  `update_time` timestamp NOT NULL DEFAULT CURRENT_TIMESTAMP ON UPDATE CURRENT_TIMESTAMP COMMENT '最后更新时间',
  PRIMARY KEY (`id`) USING BTREE,
  UNIQUE KEY `uk_name` (`tenant_id`,`name`) USING BTREE,
  KEY `ids_tenant_id` (`tenant_id`) USING BTREE
) ENGINE=InnoDB DEFAULT CHARSET=utf8mb4 COLLATE=utf8mb4_0900_ai_ci ROW_FORMAT=DYNAMIC COMMENT='规格表';

-- ----------------------------
-- Records of goods_spec
-- ----------------------------
BEGIN;
INSERT INTO `goods_spec` (`id`, `tenant_id`, `name`, `del_flag`, `create_time`, `update_time`) VALUES ('02c21865a7681cc77f9b7f60d48cf2a1', '1', '购买方式', '0', '2019-08-26 14:53:18', '2019-08-26 14:53:18');
INSERT INTO `goods_spec` (`id`, `tenant_id`, `name`, `del_flag`, `create_time`, `update_time`) VALUES ('030c4a9407b189383113fb3e7988cf38', '1', '版本', '0', '2019-08-14 21:26:21', '2019-08-14 21:26:21');
INSERT INTO `goods_spec` (`id`, `tenant_id`, `name`, `del_flag`, `create_time`, `update_time`) VALUES ('1', '1', '内存', '0', '2019-08-13 11:20:15', '2019-08-13 11:20:15');
INSERT INTO `goods_spec` (`id`, `tenant_id`, `name`, `del_flag`, `create_time`, `update_time`) VALUES ('1306487911832690689', '1', '尺码e', '0', '2020-09-17 14:59:26', '2020-09-17 14:59:26');
INSERT INTO `goods_spec` (`id`, `tenant_id`, `name`, `del_flag`, `create_time`, `update_time`) VALUES ('2', '1', '网络制式', '0', '2019-08-13 14:14:31', '2019-08-13 14:14:31');
INSERT INTO `goods_spec` (`id`, `tenant_id`, `name`, `del_flag`, `create_time`, `update_time`) VALUES ('22d6082e0c1cc2b5a570195f8d91ddad', '1', '容量', '0', '2019-08-26 11:53:04', '2019-08-26 11:53:04');
INSERT INTO `goods_spec` (`id`, `tenant_id`, `name`, `del_flag`, `create_time`, `update_time`) VALUES ('2b2d479c89dfef05ea1e35386a3c4795', '872f46d167f7428c8e9e252c17997fb5', '款式', '0', '2019-12-16 20:58:01', '2019-12-16 20:58:01');
INSERT INTO `goods_spec` (`id`, `tenant_id`, `name`, `del_flag`, `create_time`, `update_time`) VALUES ('3', '1', '颜色', '0', '2019-08-13 21:53:00', '2019-08-13 21:53:00');
INSERT INTO `goods_spec` (`id`, `tenant_id`, `name`, `del_flag`, `create_time`, `update_time`) VALUES ('7e7f8fed52c4627fbf62b5a5dd58151f', '1', '尺码', '0', '2019-08-28 21:40:40', '2019-08-28 21:40:40');
INSERT INTO `goods_spec` (`id`, `tenant_id`, `name`, `del_flag`, `create_time`, `update_time`) VALUES ('7f3333f95900cf5fce3dc41ef93e46bc', '1', '网络规格', '0', '2019-08-26 14:07:45', '2019-08-26 14:07:45');
INSERT INTO `goods_spec` (`id`, `tenant_id`, `name`, `del_flag`, `create_time`, `update_time`) VALUES ('8b0e496328b99e49fb521fa6f880fedf', '1', '用途', '0', '2019-08-16 16:33:57', '2019-08-16 16:33:57');
INSERT INTO `goods_spec` (`id`, `tenant_id`, `name`, `del_flag`, `create_time`, `update_time`) VALUES ('a51fda1bb9fbfb0c3fdc16f988319185', '872f46d167f7428c8e9e252c17997fb5', '颜色', '0', '2019-12-16 20:57:38', '2019-12-16 20:57:38');
INSERT INTO `goods_spec` (`id`, `tenant_id`, `name`, `del_flag`, `create_time`, `update_time`) VALUES ('b38b0d33b310ff6e6c9f6762092e238d', '1', '套餐类型', '0', '2019-08-26 14:55:58', '2019-08-26 14:55:58');
INSERT INTO `goods_spec` (`id`, `tenant_id`, `name`, `del_flag`, `create_time`, `update_time`) VALUES ('dae1169b7a82a1d6accff95ff8406aee', '1', '地区', '0', '2019-08-14 21:28:03', '2019-08-14 21:28:03');
COMMIT;

-- ----------------------------
-- Table structure for goods_spec_value
-- ----------------------------
DROP TABLE IF EXISTS `goods_spec_value`;
CREATE TABLE `goods_spec_value` (
  `id` varchar(32) CHARACTER SET utf8mb4 COLLATE utf8mb4_0900_ai_ci NOT NULL COMMENT 'PK',
  `tenant_id` varchar(32) CHARACTER SET utf8mb4 COLLATE utf8mb4_0900_ai_ci NOT NULL COMMENT '所属租户',
  `spec_id` varchar(32) CHARACTER SET utf8mb4 COLLATE utf8mb4_0900_ai_ci NOT NULL COMMENT '规格Id',
  `name` varchar(50) CHARACTER SET utf8mb4 COLLATE utf8mb4_0900_ai_ci NOT NULL DEFAULT '' COMMENT '名称',
  `del_flag` char(2) CHARACTER SET utf8mb4 COLLATE utf8mb4_0900_ai_ci NOT NULL DEFAULT '0' COMMENT '逻辑删除标记（0：显示；1：隐藏）',
  `create_time` datetime DEFAULT CURRENT_TIMESTAMP COMMENT '创建时间',
  `update_time` timestamp NULL DEFAULT CURRENT_TIMESTAMP ON UPDATE CURRENT_TIMESTAMP COMMENT '最后更新时间',
  PRIMARY KEY (`id`) USING BTREE,
  UNIQUE KEY `uk_name` (`spec_id`,`name`,`tenant_id`) USING BTREE,
  KEY `ids_tenant_id` (`tenant_id`) USING BTREE
) ENGINE=InnoDB DEFAULT CHARSET=utf8mb4 COLLATE=utf8mb4_0900_ai_ci ROW_FORMAT=DYNAMIC COMMENT='规格值表';

-- ----------------------------
-- Records of goods_spec_value
-- ----------------------------
BEGIN;
INSERT INTO `goods_spec_value` (`id`, `tenant_id`, `spec_id`, `name`, `del_flag`, `create_time`, `update_time`) VALUES ('0027fd6892a74bc38431ccc77dd4bb3a', '1', '3', '黑色', '0', '2019-08-28 21:42:51', '2019-08-28 21:42:51');
INSERT INTO `goods_spec_value` (`id`, `tenant_id`, `spec_id`, `name`, `del_flag`, `create_time`, `update_time`) VALUES ('048d8cfbd70c3b01ff2ff5976a64842f', '1', '7e7f8fed52c4627fbf62b5a5dd58151f', 'S', '0', '2019-08-28 21:40:45', '2019-08-28 21:40:45');
INSERT INTO `goods_spec_value` (`id`, `tenant_id`, `spec_id`, `name`, `del_flag`, `create_time`, `update_time`) VALUES ('1', '1', '1', '64G', '0', '2019-08-13 11:20:33', '2019-08-13 11:20:33');
INSERT INTO `goods_spec_value` (`id`, `tenant_id`, `spec_id`, `name`, `del_flag`, `create_time`, `update_time`) VALUES ('1267088719120121858', '1', '3', '黄色', '0', '2020-05-31 21:41:06', '2020-05-31 21:41:06');
INSERT INTO `goods_spec_value` (`id`, `tenant_id`, `spec_id`, `name`, `del_flag`, `create_time`, `update_time`) VALUES ('1267088871239139329', '1', '030c4a9407b189383113fb3e7988cf38', '标准版', '0', '2020-05-31 21:41:42', '2020-05-31 21:41:42');
INSERT INTO `goods_spec_value` (`id`, `tenant_id`, `spec_id`, `name`, `del_flag`, `create_time`, `update_time`) VALUES ('1267088904726462465', '1', '030c4a9407b189383113fb3e7988cf38', '旗舰版', '0', '2020-05-31 21:41:50', '2020-05-31 21:41:50');
INSERT INTO `goods_spec_value` (`id`, `tenant_id`, `spec_id`, `name`, `del_flag`, `create_time`, `update_time`) VALUES ('1d7f73d660f51ed9737614eb7b0041c6', '872f46d167f7428c8e9e252c17997fb5', 'a51fda1bb9fbfb0c3fdc16f988319185', '白色', '0', '2019-12-16 20:57:44', '2019-12-16 20:57:44');
INSERT INTO `goods_spec_value` (`id`, `tenant_id`, `spec_id`, `name`, `del_flag`, `create_time`, `update_time`) VALUES ('2', '1', '1', '32G', '0', '2019-08-13 11:20:48', '2019-08-13 11:20:48');
INSERT INTO `goods_spec_value` (`id`, `tenant_id`, `spec_id`, `name`, `del_flag`, `create_time`, `update_time`) VALUES ('204fa96e649cc9333aa903d4b53d0f36', '872f46d167f7428c8e9e252c17997fb5', 'a51fda1bb9fbfb0c3fdc16f988319185', '黑色', '0', '2019-12-16 20:57:48', '2019-12-16 20:57:48');
INSERT INTO `goods_spec_value` (`id`, `tenant_id`, `spec_id`, `name`, `del_flag`, `create_time`, `update_time`) VALUES ('219547f11911619c247414314762b5eb', '1', '3', '蓝色', '0', '2019-08-24 17:39:42', '2019-08-24 17:39:42');
INSERT INTO `goods_spec_value` (`id`, `tenant_id`, `spec_id`, `name`, `del_flag`, `create_time`, `update_time`) VALUES ('25a8724edc2ecf4fc295bf72f2faf923', '872f46d167f7428c8e9e252c17997fb5', '2b2d479c89dfef05ea1e35386a3c4795', '款式2', '0', '2019-12-16 20:58:14', '2019-12-16 20:58:14');
INSERT INTO `goods_spec_value` (`id`, `tenant_id`, `spec_id`, `name`, `del_flag`, `create_time`, `update_time`) VALUES ('3', '1', '2', '联通', '0', '2019-08-13 14:14:50', '2019-08-13 14:14:50');
INSERT INTO `goods_spec_value` (`id`, `tenant_id`, `spec_id`, `name`, `del_flag`, `create_time`, `update_time`) VALUES ('314393294141bb35417b164ee2bc9a0b', '1', '7e7f8fed52c4627fbf62b5a5dd58151f', '165', '0', '2019-08-28 21:47:39', '2019-08-28 21:47:39');
INSERT INTO `goods_spec_value` (`id`, `tenant_id`, `spec_id`, `name`, `del_flag`, `create_time`, `update_time`) VALUES ('316bf47699774271e344253021b48b47', '1', '3', '珠光贝母', '0', '2019-08-26 11:52:21', '2019-08-26 11:52:21');
INSERT INTO `goods_spec_value` (`id`, `tenant_id`, `spec_id`, `name`, `del_flag`, `create_time`, `update_time`) VALUES ('37251998ff4119058821e0f5ec0d282a', '1', '22d6082e0c1cc2b5a570195f8d91ddad', '8+128GB', '0', '2019-08-26 11:53:48', '2019-08-26 11:53:48');
INSERT INTO `goods_spec_value` (`id`, `tenant_id`, `spec_id`, `name`, `del_flag`, `create_time`, `update_time`) VALUES ('3a6dec5833f02abad0fe5bc287951f53', '1', '7e7f8fed52c4627fbf62b5a5dd58151f', 'L', '0', '2019-08-28 21:43:13', '2019-08-28 21:43:13');
INSERT INTO `goods_spec_value` (`id`, `tenant_id`, `spec_id`, `name`, `del_flag`, `create_time`, `update_time`) VALUES ('4', '1', '2', '移动', '0', '2019-08-13 14:15:03', '2019-08-13 14:15:03');
INSERT INTO `goods_spec_value` (`id`, `tenant_id`, `spec_id`, `name`, `del_flag`, `create_time`, `update_time`) VALUES ('414571f4d40c91b2be1d5039341fb080', '1', '02c21865a7681cc77f9b7f60d48cf2a1', '裸机', '0', '2019-08-26 14:53:26', '2019-08-26 14:53:26');
INSERT INTO `goods_spec_value` (`id`, `tenant_id`, `spec_id`, `name`, `del_flag`, `create_time`, `update_time`) VALUES ('45ca242a5356bc352325a2e7c89e5b40', '1', '7e7f8fed52c4627fbf62b5a5dd58151f', 'M', '0', '2019-08-28 21:43:08', '2019-08-28 21:43:08');
INSERT INTO `goods_spec_value` (`id`, `tenant_id`, `spec_id`, `name`, `del_flag`, `create_time`, `update_time`) VALUES ('4f49ae1a8442793b5d5564f65c910d94', '1', '3', ' 幻夜黑', '0', '2019-08-26 14:52:18', '2019-08-26 14:52:18');
INSERT INTO `goods_spec_value` (`id`, `tenant_id`, `spec_id`, `name`, `del_flag`, `create_time`, `update_time`) VALUES ('5', '1', '2', '电信', '0', '2019-08-14 22:10:52', '2019-08-14 22:10:52');
INSERT INTO `goods_spec_value` (`id`, `tenant_id`, `spec_id`, `name`, `del_flag`, `create_time`, `update_time`) VALUES ('54b91be8f9d4a73e54b9a2488ae6cda5', '1', '3', '欧若拉银', '0', '2019-08-28 22:05:24', '2019-08-28 22:05:24');
INSERT INTO `goods_spec_value` (`id`, `tenant_id`, `spec_id`, `name`, `del_flag`, `create_time`, `update_time`) VALUES ('568e18093656647e8a6ce349d1a81181', '1', 'b38b0d33b310ff6e6c9f6762092e238d', '套餐一', '0', '2019-08-27 21:58:30', '2019-08-27 21:58:30');
INSERT INTO `goods_spec_value` (`id`, `tenant_id`, `spec_id`, `name`, `del_flag`, `create_time`, `update_time`) VALUES ('58b15ffc7fb68aa1057a4a70450af6fb', '1', '2', '全网通', '0', '2019-08-16 10:48:20', '2019-08-16 10:48:20');
INSERT INTO `goods_spec_value` (`id`, `tenant_id`, `spec_id`, `name`, `del_flag`, `create_time`, `update_time`) VALUES ('59df0a8135ab62ba610a84b97fb71fb5', '1', 'b38b0d33b310ff6e6c9f6762092e238d', '官方标配', '0', '2019-08-26 14:56:08', '2019-08-26 14:56:08');
INSERT INTO `goods_spec_value` (`id`, `tenant_id`, `spec_id`, `name`, `del_flag`, `create_time`, `update_time`) VALUES ('5a1eb958744e4b59f0e2f4da15958c57', '1', '3', '琥珀棕', '0', '2019-08-26 14:52:28', '2019-08-26 14:52:28');
INSERT INTO `goods_spec_value` (`id`, `tenant_id`, `spec_id`, `name`, `del_flag`, `create_time`, `update_time`) VALUES ('5de5789a394b2ff6fae227547e59d871', '1', '3', '星光金', '0', '2019-08-28 22:07:10', '2019-08-28 22:07:10');
INSERT INTO `goods_spec_value` (`id`, `tenant_id`, `spec_id`, `name`, `del_flag`, `create_time`, `update_time`) VALUES ('62de70420a9be05b6fbcf3e1c818e0de', '1', '3', '仲夏紫', '0', '2019-08-26 14:39:28', '2019-08-26 14:39:28');
INSERT INTO `goods_spec_value` (`id`, `tenant_id`, `spec_id`, `name`, `del_flag`, `create_time`, `update_time`) VALUES ('63fc0234dc4ebcc9553ab576b36167d2', '1', '3', '极光色', '0', '2019-08-26 11:52:14', '2019-08-26 11:52:14');
INSERT INTO `goods_spec_value` (`id`, `tenant_id`, `spec_id`, `name`, `del_flag`, `create_time`, `update_time`) VALUES ('690315b4e8a0642a465167ed93063f9c', '872f46d167f7428c8e9e252c17997fb5', 'a51fda1bb9fbfb0c3fdc16f988319185', '蓝色', '0', '2019-12-16 20:57:52', '2019-12-16 20:57:52');
INSERT INTO `goods_spec_value` (`id`, `tenant_id`, `spec_id`, `name`, `del_flag`, `create_time`, `update_time`) VALUES ('694d1ae3ffb4d03111a5b901cf1e1a8a', '1', '1', '128G', '0', '2019-08-14 22:31:59', '2019-08-14 22:31:59');
INSERT INTO `goods_spec_value` (`id`, `tenant_id`, `spec_id`, `name`, `del_flag`, `create_time`, `update_time`) VALUES ('69ca24903aa6261ea946ef37d88db23f', '1', '02c21865a7681cc77f9b7f60d48cf2a1', '超值大礼包', '0', '2019-08-26 14:53:34', '2019-08-26 14:53:34');
INSERT INTO `goods_spec_value` (`id`, `tenant_id`, `spec_id`, `name`, `del_flag`, `create_time`, `update_time`) VALUES ('6c69234b70c97c9656b0658b89ff0d1c', '1', '8b0e496328b99e49fb521fa6f880fedf', '家用', '0', '2019-08-16 16:34:16', '2019-08-16 16:34:16');
INSERT INTO `goods_spec_value` (`id`, `tenant_id`, `spec_id`, `name`, `del_flag`, `create_time`, `update_time`) VALUES ('70429b93875a445d88ea90a56f2d4f7f', '1', '1', '86G', '0', '2019-08-14 23:11:34', '2019-08-14 23:11:34');
INSERT INTO `goods_spec_value` (`id`, `tenant_id`, `spec_id`, `name`, `del_flag`, `create_time`, `update_time`) VALUES ('73afb3dac3e734a716381f7d0d53d2ee', '1', 'dae1169b7a82a1d6accff95ff8406aee', '深圳', '0', '2019-09-26 14:10:42', '2019-09-26 14:10:42');
INSERT INTO `goods_spec_value` (`id`, `tenant_id`, `spec_id`, `name`, `del_flag`, `create_time`, `update_time`) VALUES ('829507194471d6aa6425fce05dd578b8', '1', '030c4a9407b189383113fb3e7988cf38', 'WD20EZAZ 2TB 5400转 SATA', '0', '2019-08-24 17:40:27', '2019-08-24 17:40:27');
INSERT INTO `goods_spec_value` (`id`, `tenant_id`, `spec_id`, `name`, `del_flag`, `create_time`, `update_time`) VALUES ('86786c195fbf7f2256bffe67bdf8c943', '1', '7e7f8fed52c4627fbf62b5a5dd58151f', 'XL', '0', '2019-08-28 21:43:17', '2019-08-28 21:43:17');
INSERT INTO `goods_spec_value` (`id`, `tenant_id`, `spec_id`, `name`, `del_flag`, `create_time`, `update_time`) VALUES ('8b4e151487d785f83c4785e8ca197f4a', '1', '7e7f8fed52c4627fbf62b5a5dd58151f', '170', '0', '2019-08-28 21:47:42', '2019-08-28 21:47:42');
INSERT INTO `goods_spec_value` (`id`, `tenant_id`, `spec_id`, `name`, `del_flag`, `create_time`, `update_time`) VALUES ('8c5f2941e6789e692f94bd2b2ae7adc8', '1', '3', '绿色', '0', '2019-08-15 09:28:50', '2019-08-15 09:28:50');
INSERT INTO `goods_spec_value` (`id`, `tenant_id`, `spec_id`, `name`, `del_flag`, `create_time`, `update_time`) VALUES ('8cc278b2924be8aac519b1caf9ea03fb', '1', 'dae1169b7a82a1d6accff95ff8406aee', '湖南', '0', '2019-09-26 14:10:25', '2019-09-26 14:10:25');
INSERT INTO `goods_spec_value` (`id`, `tenant_id`, `spec_id`, `name`, `del_flag`, `create_time`, `update_time`) VALUES ('8f8349aa1dc205cb644c8eccbe9a13c9', '1', '3', '4TB蓝', '0', '2019-08-24 17:41:52', '2019-08-24 17:41:52');
INSERT INTO `goods_spec_value` (`id`, `tenant_id`, `spec_id`, `name`, `del_flag`, `create_time`, `update_time`) VALUES ('958aad754214368594a38428bc09defd', '1', '3', '红色', '0', '2019-08-15 09:28:10', '2019-08-15 09:28:10');
INSERT INTO `goods_spec_value` (`id`, `tenant_id`, `spec_id`, `name`, `del_flag`, `create_time`, `update_time`) VALUES ('9fe64e448e64401d325f2731c0366d62', '1', '22d6082e0c1cc2b5a570195f8d91ddad', '8+64GB', '0', '2019-08-26 11:53:29', '2019-08-26 11:53:29');
INSERT INTO `goods_spec_value` (`id`, `tenant_id`, `spec_id`, `name`, `del_flag`, `create_time`, `update_time`) VALUES ('a9a2957787cff867418635f0587d3046', '1', '030c4a9407b189383113fb3e7988cf38', 'sdg', '0', '2019-08-14 22:35:32', '2019-08-14 22:35:32');
INSERT INTO `goods_spec_value` (`id`, `tenant_id`, `spec_id`, `name`, `del_flag`, `create_time`, `update_time`) VALUES ('ac83f6289072e704fc983f22823b9832', '1', '030c4a9407b189383113fb3e7988cf38', 'WD40EZRZ 4TB 5400转 SATA', '0', '2019-08-24 17:40:56', '2019-08-24 17:40:56');
INSERT INTO `goods_spec_value` (`id`, `tenant_id`, `spec_id`, `name`, `del_flag`, `create_time`, `update_time`) VALUES ('afdff2b138fe9ad54afabcce42ba17ce', '1', '030c4a9407b189383113fb3e7988cf38', 'WD30EZRZ 3TB 5400转 SATA', '0', '2019-08-24 17:40:38', '2019-08-24 17:40:38');
INSERT INTO `goods_spec_value` (`id`, `tenant_id`, `spec_id`, `name`, `del_flag`, `create_time`, `update_time`) VALUES ('b0879152ec0a13dd747e1876fd321f00', '1', '030c4a9407b189383113fb3e7988cf38', 'WD10EZEX 1TB 7200转 SATA', '0', '2019-08-24 17:47:10', '2019-08-24 17:47:10');
INSERT INTO `goods_spec_value` (`id`, `tenant_id`, `spec_id`, `name`, `del_flag`, `create_time`, `update_time`) VALUES ('b50258dcbe378145b0159b4cdf89202e', '1', '3', '天际白', '0', '2019-08-26 15:06:02', '2019-08-26 15:06:02');
INSERT INTO `goods_spec_value` (`id`, `tenant_id`, `spec_id`, `name`, `del_flag`, `create_time`, `update_time`) VALUES ('b8b3ece7283992f1c42826542eb98a43', '1', '3', '天空之境', '0', '2019-08-26 11:52:01', '2019-08-26 11:52:01');
INSERT INTO `goods_spec_value` (`id`, `tenant_id`, `spec_id`, `name`, `del_flag`, `create_time`, `update_time`) VALUES ('bbe044bc2ba48270e27901732624d710', '1', '22d6082e0c1cc2b5a570195f8d91ddad', '8+256GB', '0', '2019-08-26 11:54:07', '2019-08-26 11:54:07');
INSERT INTO `goods_spec_value` (`id`, `tenant_id`, `spec_id`, `name`, `del_flag`, `create_time`, `update_time`) VALUES ('c08a41bfa243e6ea121a0f0c3050517e', '1', '22d6082e0c1cc2b5a570195f8d91ddad', '6+128GB', '0', '2019-08-26 11:54:20', '2019-08-26 11:54:20');
INSERT INTO `goods_spec_value` (`id`, `tenant_id`, `spec_id`, `name`, `del_flag`, `create_time`, `update_time`) VALUES ('c1acf203b7facc656925866200856697', '1', '8b0e496328b99e49fb521fa6f880fedf', '服务器', '0', '2019-08-16 16:34:04', '2019-08-16 16:34:04');
INSERT INTO `goods_spec_value` (`id`, `tenant_id`, `spec_id`, `name`, `del_flag`, `create_time`, `update_time`) VALUES ('c9c9eabb61b4524b7e9415d1cace93df', '1', '3', '粉色', '0', '2019-08-28 21:54:22', '2019-08-28 21:54:22');
INSERT INTO `goods_spec_value` (`id`, `tenant_id`, `spec_id`, `name`, `del_flag`, `create_time`, `update_time`) VALUES ('caf2f679a29e6ea2d34239a513add028', '1', '1', '75G', '0', '2019-08-14 22:43:17', '2019-08-14 22:43:17');
INSERT INTO `goods_spec_value` (`id`, `tenant_id`, `spec_id`, `name`, `del_flag`, `create_time`, `update_time`) VALUES ('cba677f619061b9c326c15d8eceeb31e', '1', '7f3333f95900cf5fce3dc41ef93e46bc', '4G全网通', '0', '2019-08-26 14:34:55', '2019-08-26 14:34:55');
INSERT INTO `goods_spec_value` (`id`, `tenant_id`, `spec_id`, `name`, `del_flag`, `create_time`, `update_time`) VALUES ('cc5eb984477015cfff0b99ba711753d6', '1', '7e7f8fed52c4627fbf62b5a5dd58151f', '160', '0', '2019-08-28 21:47:34', '2019-08-28 21:47:34');
INSERT INTO `goods_spec_value` (`id`, `tenant_id`, `spec_id`, `name`, `del_flag`, `create_time`, `update_time`) VALUES ('d96a8197252a4d260c7868ddbea5e0ea', '1', '3', '赤茶橘', '0', '2019-08-26 11:52:46', '2019-08-26 11:52:46');
INSERT INTO `goods_spec_value` (`id`, `tenant_id`, `spec_id`, `name`, `del_flag`, `create_time`, `update_time`) VALUES ('da0b3c06d18c677984f1b37655aa4505', '1', '1', '256G', '0', '2019-08-26 14:05:44', '2019-08-26 14:05:44');
INSERT INTO `goods_spec_value` (`id`, `tenant_id`, `spec_id`, `name`, `del_flag`, `create_time`, `update_time`) VALUES ('dba851cb5f505e287a65f799121a928f', '1', '7e7f8fed52c4627fbf62b5a5dd58151f', 'XS', '0', '2019-08-28 21:40:48', '2019-08-28 21:40:48');
INSERT INTO `goods_spec_value` (`id`, `tenant_id`, `spec_id`, `name`, `del_flag`, `create_time`, `update_time`) VALUES ('e0b840a51e251badb5606d5ce1faa695', '1', '2', '4g全网通', '0', '2019-08-26 11:51:27', '2019-08-26 11:51:27');
INSERT INTO `goods_spec_value` (`id`, `tenant_id`, `spec_id`, `name`, `del_flag`, `create_time`, `update_time`) VALUES ('e14c2a907231c2bd0d484a9cdc1fb557', '1', '3', '白色', '0', '2019-08-15 09:50:04', '2019-08-15 09:50:04');
INSERT INTO `goods_spec_value` (`id`, `tenant_id`, `spec_id`, `name`, `del_flag`, `create_time`, `update_time`) VALUES ('e9b07c814d143d750ce38293b8497ff1', '1', '030c4a9407b189383113fb3e7988cf38', 'D10EZEX 1TB 7200转 SATA', '0', '2019-08-24 17:40:12', '2019-08-24 17:40:12');
INSERT INTO `goods_spec_value` (`id`, `tenant_id`, `spec_id`, `name`, `del_flag`, `create_time`, `update_time`) VALUES ('ed144c2c87660ead15b4784ed8df5d63', '1', '3', '珊瑚橙', '0', '2019-08-26 14:39:20', '2019-08-26 14:39:20');
INSERT INTO `goods_spec_value` (`id`, `tenant_id`, `spec_id`, `name`, `del_flag`, `create_time`, `update_time`) VALUES ('f06e7ed568c220d2624771b8f5de5b66', '1', '7e7f8fed52c4627fbf62b5a5dd58151f', '175', '0', '2019-08-28 21:47:45', '2019-08-28 21:47:45');
INSERT INTO `goods_spec_value` (`id`, `tenant_id`, `spec_id`, `name`, `del_flag`, `create_time`, `update_time`) VALUES ('f53488c6a79e795ba288d1279a5f98e7', '1', '3', '亮黑色', '0', '2019-08-26 11:51:55', '2019-08-26 11:51:55');
INSERT INTO `goods_spec_value` (`id`, `tenant_id`, `spec_id`, `name`, `del_flag`, `create_time`, `update_time`) VALUES ('f5cae0dec1002ac65be1852e07a94fd2', '1', '7e7f8fed52c4627fbf62b5a5dd58151f', '2XL', '0', '2019-08-28 21:43:29', '2019-08-28 21:43:29');
INSERT INTO `goods_spec_value` (`id`, `tenant_id`, `spec_id`, `name`, `del_flag`, `create_time`, `update_time`) VALUES ('f6459927049f7e3aff811cf106aa04e4', '1', 'dae1169b7a82a1d6accff95ff8406aee', '长沙', '0', '2019-09-26 14:10:36', '2019-09-26 14:10:36');
INSERT INTO `goods_spec_value` (`id`, `tenant_id`, `spec_id`, `name`, `del_flag`, `create_time`, `update_time`) VALUES ('fd82720178bbf4e198bf689f28b6d072', '872f46d167f7428c8e9e252c17997fb5', '2b2d479c89dfef05ea1e35386a3c4795', '款式1', '0', '2019-12-16 20:58:09', '2019-12-16 20:58:09');
COMMIT;

-- ----------------------------
-- Table structure for goods_spu
-- ----------------------------
DROP TABLE IF EXISTS `goods_spu`;
CREATE TABLE `goods_spu` (
  `id` varchar(32) CHARACTER SET utf8mb4 COLLATE utf8mb4_0900_ai_ci NOT NULL COMMENT 'PK',
  `tenant_id` varchar(32) CHARACTER SET utf8mb4 COLLATE utf8mb4_0900_ai_ci NOT NULL COMMENT '所属租户',
  `shop_id` varchar(32) CHARACTER SET utf8mb4 COLLATE utf8mb4_0900_ai_ci NOT NULL COMMENT '店铺Id',
  `spu_code` varchar(32) CHARACTER SET utf8mb4 COLLATE utf8mb4_0900_ai_ci DEFAULT NULL COMMENT 'spu编码',
  `name` varchar(200) CHARACTER SET utf8mb4 COLLATE utf8mb4_0900_ai_ci NOT NULL DEFAULT '' COMMENT 'spu名字',
  `sell_point` varchar(500) CHARACTER SET utf8mb4 COLLATE utf8mb4_0900_ai_ci NOT NULL DEFAULT '' COMMENT '卖点',
  `description` text CHARACTER SET utf8mb4 COLLATE utf8mb4_0900_ai_ci NOT NULL COMMENT '描述',
  `category_first` varchar(32) CHARACTER SET utf8mb4 COLLATE utf8mb4_0900_ai_ci NOT NULL COMMENT '商城商品一级分类ID',
  `category_second` varchar(32) CHARACTER SET utf8mb4 COLLATE utf8mb4_0900_ai_ci DEFAULT NULL COMMENT '商城商品二级分类ID',
  `category_shop_first` varchar(32) NOT NULL COMMENT '店铺商品一级分类ID',
  `category_shop_second` varchar(32) DEFAULT NULL COMMENT '店铺商品二级分类ID',
  `pic_urls` varchar(1024) CHARACTER SET utf8mb4 COLLATE utf8mb4_0900_ai_ci NOT NULL DEFAULT '' COMMENT '商品图片',
  `shelf` char(2) CHARACTER SET utf8mb4 COLLATE utf8mb4_0900_ai_ci NOT NULL DEFAULT '0' COMMENT '是否上架（1是 0否）',
  `sort` int NOT NULL DEFAULT '0' COMMENT '排序字段',
  `price_down` decimal(10,2) DEFAULT NULL COMMENT '最低价',
  `price_up` decimal(10,2) DEFAULT NULL COMMENT '最高价',
  `sale_num` int DEFAULT '0' COMMENT '销量',
  `create_time` datetime NOT NULL DEFAULT CURRENT_TIMESTAMP COMMENT '创建时间',
  `update_time` timestamp NOT NULL DEFAULT CURRENT_TIMESTAMP ON UPDATE CURRENT_TIMESTAMP COMMENT '最后更新时间',
  `spec_type` char(2) CHARACTER SET utf8mb4 COLLATE utf8mb4_0900_ai_ci DEFAULT NULL COMMENT '0统一规格；1多规格',
  `del_flag` char(2) CHARACTER SET utf8mb4 COLLATE utf8mb4_0900_ai_ci NOT NULL DEFAULT '0' COMMENT '逻辑删除标记（0：显示；1：隐藏）',
  `points_give_switch` char(2) CHARACTER SET utf8mb4 COLLATE utf8mb4_0900_ai_ci DEFAULT NULL COMMENT '积分赠送开关（1开 0关）',
  `points_give_num` int DEFAULT NULL COMMENT '积分赠送数量',
  `points_deduct_switch` char(2) CHARACTER SET utf8mb4 COLLATE utf8mb4_0900_ai_ci DEFAULT NULL COMMENT '积分抵扣开关（1开 0关）',
  `points_deduct_scale` int DEFAULT NULL COMMENT '积分抵扣商品金额比例（0~100）',
  `points_deduct_amount` decimal(10,2) DEFAULT NULL COMMENT '1积分数可抵多少元',
  `freight_templat_id` varchar(32) CHARACTER SET utf8mb4 COLLATE utf8mb4_0900_ai_ci NOT NULL COMMENT '运费模板ID',
  `verify_status` char(2) CHARACTER SET utf8mb4 COLLATE utf8mb4_0900_ai_ci NOT NULL DEFAULT '0' COMMENT '审核状态（0审核中 1审核通过 2审核不通过）',
  `verify_detail` varchar(50) CHARACTER SET utf8mb4 COLLATE utf8mb4_0900_ai_ci DEFAULT NULL COMMENT '审核明细',
  PRIMARY KEY (`id`) USING BTREE,
  KEY `ids_tenant_id` (`tenant_id`) USING BTREE
) ENGINE=InnoDB DEFAULT CHARSET=utf8mb4 COLLATE=utf8mb4_0900_ai_ci ROW_FORMAT=DYNAMIC COMMENT='spu表';

-- ----------------------------
-- Records of goods_spu
-- ----------------------------
BEGIN;
INSERT INTO `goods_spu` (`id`, `tenant_id`, `shop_id`, `spu_code`, `name`, `sell_point`, `description`, `category_first`, `category_second`, `category_shop_first`, `category_shop_second`, `pic_urls`, `shelf`, `sort`, `price_down`, `price_up`, `sale_num`, `create_time`, `update_time`, `spec_type`, `del_flag`, `points_give_switch`, `points_give_num`, `points_deduct_switch`, `points_deduct_scale`, `points_deduct_amount`, `freight_templat_id`, `verify_status`, `verify_detail`) VALUES ('1255379800819601410', '1', '1261176336950480898', '', '华为  最新版8epp;', '', '<p>asdgdsagasgq<span style=\"color: rgb(230, 0, 0);\">w tqwtqwet qw qq we</span></p>', '9bb404548cc6513c1c148b532b6db720', '862a74f109f7f14bcbfff1d5adf73cdc', '1298445274408087553', NULL, '[\"https://joolun-base-test.oss-cn-zhangjiakou.aliyuncs.com/22.png\"]', '1', 0, 52.00, 8687.00, 104, '2020-04-29 14:14:03', '2021-10-26 10:10:53', '1', '0', '1', 10, '1', 10, 0.10, 'e2daad9554fc3206bab0ab4788840b42', '1', NULL);
INSERT INTO `goods_spu` (`id`, `tenant_id`, `shop_id`, `spu_code`, `name`, `sell_point`, `description`, `category_first`, `category_second`, `category_shop_first`, `category_shop_second`, `pic_urls`, `shelf`, `sort`, `price_down`, `price_up`, `sale_num`, `create_time`, `update_time`, `spec_type`, `del_flag`, `points_give_switch`, `points_give_num`, `points_deduct_switch`, `points_deduct_scale`, `points_deduct_amount`, `freight_templat_id`, `verify_status`, `verify_detail`) VALUES ('1262322806084739073', '1', '1261193346845495297', '', 'Apple手机特卖', '', '', 'a31ddf2eb997d61bdb70375ffd364153', '8722b34fd15ba8e6cb9f1754d09ec59c', '1298441654367223809', '1323861697661788161', '[\"https://minio.joolun.com/joolun/1/material/10952adc-cad0-4c53-8762-9906d1dde220.jpg\"]', '1', 0, 6.00, 6.00, 9, '2020-05-18 18:03:04', '2021-10-26 10:10:06', '0', '0', '1', 10, '0', 5, 1.00, '1262305528488382466', '1', NULL);
INSERT INTO `goods_spu` (`id`, `tenant_id`, `shop_id`, `spu_code`, `name`, `sell_point`, `description`, `category_first`, `category_second`, `category_shop_first`, `category_shop_second`, `pic_urls`, `shelf`, `sort`, `price_down`, `price_up`, `sale_num`, `create_time`, `update_time`, `spec_type`, `del_flag`, `points_give_switch`, `points_give_num`, `points_deduct_switch`, `points_deduct_scale`, `points_deduct_amount`, `freight_templat_id`, `verify_status`, `verify_detail`) VALUES ('1273186784766128130', '1', '1261176336950480898', '6325', '华为 HUAWEI nova 7 SE 5G 麒麟820 5G SoC芯片 6400万高清AI四摄 40W超级快充 8GB+128GB银月星辉全网通手机', '', '<p><span style=\"color: rgb(102, 102, 102);\"><img src=\"http://img20.360buyimg.com/vc/jfs/t1/119355/3/3364/188125/5ea79726E368a6a0a/147c95b57db73d59.jpg\"><img src=\"http://img20.360buyimg.com/vc/jfs/t1/116544/29/3712/4912358/5ea95df1E83296af0/372aecc4e143ad70.jpg\"></span></p>', '9bb404548cc6513c1c148b532b6db720', '862a74f109f7f14bcbfff1d5adf73cdc', '1298440139472699393', '1298440190471241730', '[\"https://minio.joolun.com/joolun/1/material/40c3ffb7-8f3e-4794-b927-2c9beb084896.jpg\",\"https://minio.joolun.com/joolun/1/material/4e209339-40e6-4999-bef9-16660eda6e3a.jpg\"]', '1', 0, 0.03, 0.20, 88, '2020-06-17 17:32:38', '2021-11-01 15:12:41', '1', '0', '1', 100, '1', 5, 1.00, 'e2daad9554fc3206bab0ab4788840b42', '1', NULL);
INSERT INTO `goods_spu` (`id`, `tenant_id`, `shop_id`, `spu_code`, `name`, `sell_point`, `description`, `category_first`, `category_second`, `category_shop_first`, `category_shop_second`, `pic_urls`, `shelf`, `sort`, `price_down`, `price_up`, `sale_num`, `create_time`, `update_time`, `spec_type`, `del_flag`, `points_give_switch`, `points_give_num`, `points_deduct_switch`, `points_deduct_scale`, `points_deduct_amount`, `freight_templat_id`, `verify_status`, `verify_detail`) VALUES ('1273187904351694850', '1', '1261176336950480898', '3659', '华为 HUAWEI Mate 30 麒麟990旗舰芯片4000万超感光徕卡影像屏内指纹8G+128GB星河银4G全网通版游戏手机', '', '<p><span style=\"color: rgb(102, 102, 102);\"><img src=\"http://img20.360buyimg.com/vc/jfs/t1/78696/16/11566/195886/5d8daf86Efebb0a96/1797cdfc57bed506.jpg\">&nbsp;<img src=\"http://img20.360buyimg.com/vc/jfs/t1/47676/8/16789/186151/5ddcfe7aE972ab628/4d2949b425b32212.jpg\">&nbsp;<img src=\"http://img20.360buyimg.com/vc/jfs/t1/88465/32/17532/3932328/5e85a362E6ed1032f/b3cc23d6ea1c6f97.jpg\"></span></p>', '9bb404548cc6513c1c148b532b6db720', '862a74f109f7f14bcbfff1d5adf73cdc', '1298440139472699393', '1298445205806051329', '[\"https://minio.joolun.com/joolun/1/material/ceab6bcd-83d2-4fa4-b682-62407503b0aa.jpg\",\"https://minio.joolun.com/joolun/1/material/ceab6bcd-83d2-4fa4-b682-62407503b0aa.jpg\",\"https://minio.joolun.com/joolun/1/material/2bc1a1ea-d0a5-476e-97ba-b6fec8ade055.jpg\"]', '1', 0, 4499.00, 4599.00, 95, '2020-06-17 17:37:05', '2021-10-26 10:10:29', '1', '0', '1', 1000, '1', 5, 1.00, 'a73cf89f7a5a0dcd8c45b9cf2b7be681', '1', NULL);
INSERT INTO `goods_spu` (`id`, `tenant_id`, `shop_id`, `spu_code`, `name`, `sell_point`, `description`, `category_first`, `category_second`, `category_shop_first`, `category_shop_second`, `pic_urls`, `shelf`, `sort`, `price_down`, `price_up`, `sale_num`, `create_time`, `update_time`, `spec_type`, `del_flag`, `points_give_switch`, `points_give_num`, `points_deduct_switch`, `points_deduct_scale`, `points_deduct_amount`, `freight_templat_id`, `verify_status`, `verify_detail`) VALUES ('1273189184264531969', '1', '1261193631538073602', '', 'Redmi 10X 4G Helio G85游戏芯 4800万超清四摄 5020mAh大电量 小孔全面屏 128GB大存储 4GB+128GB 冰雾白 游戏智能手机 小米 红米', '', '<p><span style=\"color: rgb(102, 102, 102);\"><img src=\"http://img30.360buyimg.com/popWareDetail/jfs/t1/112394/10/6664/100352/5ebd0c62E69e15fde/76f720d07f99ec11.jpg\"><img src=\"https://img10.360buyimg.com/imgzone/jfs/t1/124893/40/1491/66099/5ebd0c62E8510586d/ec3a07c3c84d621f.jpg\"><img src=\"http://img30.360buyimg.com/popWareDetail/jfs/t1/110327/33/16537/68091/5eb52042E5eef176b/cc95fe76e111ab5c.jpg\"><img src=\"http://img30.360buyimg.com/popWareDetail/jfs/t1/119258/12/5644/70388/5eb52042E09895be9/d25c2b930d528580.jpg\"><img src=\"http://img30.360buyimg.com/popWareDetail/jfs/t1/134332/26/1642/137572/5eda1235E7f32c8ac/435c944960084f14.jpg\"><img src=\"https://img10.360buyimg.com/imgzone/jfs/t1/126527/2/1211/33921/5eba4761E0bbc4a80/f942a2cf883825e5.png\"></span><a href=\"https://item.jd.com/68478167432.html#crumb-wrap\" rel=\"noopener noreferrer\" target=\"_blank\" style=\"color: rgb(102, 102, 102);\"><img src=\"https://img10.360buyimg.com/imgzone/jfs/t1/126960/32/1360/55109/5ebbc588E01c64208/4e1f850bb0cb4a26.jpg\"></a><a href=\"https://item.jd.com/69039676433.html#crumb-wrap\" rel=\"noopener noreferrer\" target=\"_blank\" style=\"color: rgb(243, 2, 19);\"><img src=\"http://img30.360buyimg.com/popWareDetail/jfs/t1/125193/13/1179/303816/5eba48d7E58073667/e4ff2f30a2e9cfb9.png\"></a></p>', '9bb404548cc6513c1c148b532b6db720', '988f1af72652178159de1ec009ab8fb0', '', NULL, '[\"https://minio.joolun.com/joolun/1/material/d770b0b5-0117-4b1d-8eea-92ded66fbf7e.jpg\"]', '1', 0, 1688.00, 3699.00, 0, '2020-06-17 17:42:10', '2021-10-26 10:10:15', '1', '0', '1', 1000, '1', 5, 1.00, '1262360528119889921', '1', NULL);
INSERT INTO `goods_spu` (`id`, `tenant_id`, `shop_id`, `spu_code`, `name`, `sell_point`, `description`, `category_first`, `category_second`, `category_shop_first`, `category_shop_second`, `pic_urls`, `shelf`, `sort`, `price_down`, `price_up`, `sale_num`, `create_time`, `update_time`, `spec_type`, `del_flag`, `points_give_switch`, `points_give_num`, `points_deduct_switch`, `points_deduct_scale`, `points_deduct_amount`, `freight_templat_id`, `verify_status`, `verify_detail`) VALUES ('1273189745068142593', '1', '1261193631538073602', '', 'Redmi K30 王一博同款 120Hz流速屏 前置挖孔双摄 索尼6400万后置四摄 4500mAh超长续航 27W快充 6GB+128GB 紫玉幻境 游戏智能手机 小米 红米', '', '<p><span style=\"color: rgb(102, 102, 102);\"><img src=\"http://img30.360buyimg.com/popWareDetail/jfs/t1/112394/10/6664/100352/5ebd0c62E69e15fde/76f720d07f99ec11.jpg\"><img src=\"https://img10.360buyimg.com/imgzone/jfs/t1/124893/40/1491/66099/5ebd0c62E8510586d/ec3a07c3c84d621f.jpg\"><img src=\"http://img30.360buyimg.com/popWareDetail/jfs/t1/110327/33/16537/68091/5eb52042E5eef176b/cc95fe76e111ab5c.jpg\"><img src=\"http://img30.360buyimg.com/popWareDetail/jfs/t1/119258/12/5644/70388/5eb52042E09895be9/d25c2b930d528580.jpg\"><img src=\"http://img30.360buyimg.com/popWareDetail/jfs/t1/134332/26/1642/137572/5eda1235E7f32c8ac/435c944960084f14.jpg\"><img src=\"https://img10.360buyimg.com/imgzone/jfs/t1/126527/2/1211/33921/5eba4761E0bbc4a80/f942a2cf883825e5.png\"></span><a href=\"https://item.jd.com/68478167432.html#crumb-wrap\" rel=\"noopener noreferrer\" target=\"_blank\" style=\"color: rgb(102, 102, 102);\"><img src=\"https://img10.360buyimg.com/imgzone/jfs/t1/126960/32/1360/55109/5ebbc588E01c64208/4e1f850bb0cb4a26.jpg\"></a><a href=\"https://item.jd.com/69039676433.html#crumb-wrap\" rel=\"noopener noreferrer\" target=\"_blank\" style=\"color: rgb(243, 2, 19);\"><img src=\"http://img30.360buyimg.com/popWareDetail/jfs/t1/125193/13/1179/303816/5eba48d7E58073667/e4ff2f30a2e9cfb9.png\"></a></p>', '9bb404548cc6513c1c148b532b6db720', '988f1af72652178159de1ec009ab8fb0', '', NULL, '[\"https://minio.joolun.com/joolun/1/material/cb601860-0c4c-49fe-8aa0-67dd728a43f6.jpg\"]', '1', 0, 599.00, 2689.00, 2, '2020-06-17 17:44:24', '2021-10-26 10:10:17', '1', '0', '1', 1000, '1', 5, 1.00, '1262360528119889921', '1', NULL);
INSERT INTO `goods_spu` (`id`, `tenant_id`, `shop_id`, `spu_code`, `name`, `sell_point`, `description`, `category_first`, `category_second`, `category_shop_first`, `category_shop_second`, `pic_urls`, `shelf`, `sort`, `price_down`, `price_up`, `sale_num`, `create_time`, `update_time`, `spec_type`, `del_flag`, `points_give_switch`, `points_give_num`, `points_deduct_switch`, `points_deduct_scale`, `points_deduct_amount`, `freight_templat_id`, `verify_status`, `verify_detail`) VALUES ('1273190776913063938', '1', '1261193631538073602', '', '【至高12期免息】小米10 5G游戏手机权益版全网通 冰海蓝 8G+256G', '', '<p><span style=\"color: rgb(102, 102, 102);\"><img src=\"http://img30.360buyimg.com/popWareDetail/jfs/t1/112394/10/6664/100352/5ebd0c62E69e15fde/76f720d07f99ec11.jpg\"><img src=\"https://img10.360buyimg.com/imgzone/jfs/t1/124893/40/1491/66099/5ebd0c62E8510586d/ec3a07c3c84d621f.jpg\"><img src=\"http://img30.360buyimg.com/popWareDetail/jfs/t1/110327/33/16537/68091/5eb52042E5eef176b/cc95fe76e111ab5c.jpg\"><img src=\"http://img30.360buyimg.com/popWareDetail/jfs/t1/119258/12/5644/70388/5eb52042E09895be9/d25c2b930d528580.jpg\"><img src=\"http://img30.360buyimg.com/popWareDetail/jfs/t1/134332/26/1642/137572/5eda1235E7f32c8ac/435c944960084f14.jpg\"><img src=\"https://img10.360buyimg.com/imgzone/jfs/t1/126527/2/1211/33921/5eba4761E0bbc4a80/f942a2cf883825e5.png\"></span><a href=\"https://item.jd.com/68478167432.html#crumb-wrap\" rel=\"noopener noreferrer\" target=\"_blank\" style=\"color: rgb(102, 102, 102);\"><img src=\"https://img10.360buyimg.com/imgzone/jfs/t1/126960/32/1360/55109/5ebbc588E01c64208/4e1f850bb0cb4a26.jpg\"></a><a href=\"https://item.jd.com/69039676433.html#crumb-wrap\" rel=\"noopener noreferrer\" target=\"_blank\" style=\"color: rgb(243, 2, 19);\"><img src=\"http://img30.360buyimg.com/popWareDetail/jfs/t1/125193/13/1179/303816/5eba48d7E58073667/e4ff2f30a2e9cfb9.png\"></a></p>', '9bb404548cc6513c1c148b532b6db720', '988f1af72652178159de1ec009ab8fb0', '', NULL, '[\"https://minio.joolun.com/joolun/1/material/56a86f9e-2186-47f2-92b3-ff7732821094.jpg\"]', '1', 0, 1688.00, 3688.00, 2, '2020-06-17 17:48:30', '2021-11-24 22:21:07', '1', '0', '1', 500, '1', 5, 1.00, '1262360528119889921', '1', NULL);
INSERT INTO `goods_spu` (`id`, `tenant_id`, `shop_id`, `spu_code`, `name`, `sell_point`, `description`, `category_first`, `category_second`, `category_shop_first`, `category_shop_second`, `pic_urls`, `shelf`, `sort`, `price_down`, `price_up`, `sale_num`, `create_time`, `update_time`, `spec_type`, `del_flag`, `points_give_switch`, `points_give_num`, `points_deduct_switch`, `points_deduct_scale`, `points_deduct_amount`, `freight_templat_id`, `verify_status`, `verify_detail`) VALUES ('1273191752084549634', '1', '1261193346845495297', '', 'Apple iPhone 11 (A2223) 128GB 黑色', '', '<p><a href=\"https://img13.360buyimg.com/cms/jfs/t1/99692/26/15472/282293/5e7368acE954980e6/df3f71d9dd06bd0e.jpg\" rel=\"noopener noreferrer\" target=\"_blank\" style=\"color: rgb(102, 102, 102);\"><img src=\"https://img13.360buyimg.com/cms/jfs/t1/99692/26/15472/282293/5e7368acE954980e6/df3f71d9dd06bd0e.jpg\" width=\"100%\"></a></p><p><a href=\"https://itunes.apple.com/subscribe?cc=cn&amp;app=music&amp;at=1010lSmM&amp;ct=danpin&amp;itscg=30997\" rel=\"noopener noreferrer\" target=\"_blank\" style=\"color: rgb(102, 102, 102);\"><img src=\"https://img11.360buyimg.com/cms/jfs/t1/99080/2/10057/108103/5e155097Ebbd1aae0/2644ee2c4fd945a2.jpg\" width=\"100%\"></a></p><p><br></p><p><img src=\"https://img10.360buyimg.com/cms/jfs/t1/86568/20/12008/188587/5e42800cEe266e4cc/290ae5f806775d49.png\">&nbsp;<a href=\"https://pro.jd.com/mall/active/zWkKvbSZFLfS1BKeCLmzQ3otsuT/index.html\" rel=\"noopener noreferrer\" target=\"_blank\" style=\"color: rgb(102, 102, 102);\"><img src=\"https://img10.360buyimg.com/cms/jfs/t1/98196/25/1566/38754/5dc19c96E02e79d8d/39359930dc678038.png\"></a></p><p><br></p><p><img src=\"https://img10.360buyimg.com/cms/jfs/t1/65549/8/10108/60203/5d791babEa7fe0161/feb5c02138b57dfe.jpg\">&nbsp;<img src=\"https://img11.360buyimg.com/cms/jfs/t1/43665/32/14756/2824061/5d77f8b8E3e335a82/af0a3a0ac16b6bb2.png\"></p>', '9bb404548cc6513c1c148b532b6db720', '0f2aa8354eedb3b652b45e90efb54e27', '1298441654367223809', '', '[\"https://minio.joolun.com/joolun/1/material/52152ce2-84fc-4f5b-ac35-92a9f067e1eb.jpg\"]', '1', 0, 0.03, 8567.00, 8, '2020-06-17 17:52:23', '2021-11-24 22:21:07', '1', '0', '1', 500, '1', 5, 1.00, '1262305528488382466', '1', 'sgsdhwey');
INSERT INTO `goods_spu` (`id`, `tenant_id`, `shop_id`, `spu_code`, `name`, `sell_point`, `description`, `category_first`, `category_second`, `category_shop_first`, `category_shop_second`, `pic_urls`, `shelf`, `sort`, `price_down`, `price_up`, `sale_num`, `create_time`, `update_time`, `spec_type`, `del_flag`, `points_give_switch`, `points_give_num`, `points_deduct_switch`, `points_deduct_scale`, `points_deduct_amount`, `freight_templat_id`, `verify_status`, `verify_detail`) VALUES ('1273192146906968065', '1', '1261193346845495297', '', 'Apple iPhone移动联通电信4G手机 双卡双待', '', '<p><a href=\"https://img13.360buyimg.com/cms/jfs/t1/99692/26/15472/282293/5e7368acE954980e6/df3f71d9dd06bd0e.jpg\" rel=\"noopener noreferrer\" target=\"_blank\" style=\"color: rgb(102, 102, 102);\"><img src=\"https://img13.360buyimg.com/cms/jfs/t1/99692/26/15472/282293/5e7368acE954980e6/df3f71d9dd06bd0e.jpg\" width=\"100%\"></a></p><p><a href=\"https://itunes.apple.com/subscribe?cc=cn&amp;app=music&amp;at=1010lSmM&amp;ct=danpin&amp;itscg=30997\" rel=\"noopener noreferrer\" target=\"_blank\" style=\"color: rgb(102, 102, 102);\"><img src=\"https://img11.360buyimg.com/cms/jfs/t1/99080/2/10057/108103/5e155097Ebbd1aae0/2644ee2c4fd945a2.jpg\" width=\"100%\"></a></p><p><br></p><p><img src=\"https://img10.360buyimg.com/cms/jfs/t1/86568/20/12008/188587/5e42800cEe266e4cc/290ae5f806775d49.png\">&nbsp;<a href=\"https://pro.jd.com/mall/active/zWkKvbSZFLfS1BKeCLmzQ3otsuT/index.html\" rel=\"noopener noreferrer\" target=\"_blank\" style=\"color: rgb(102, 102, 102);\"><img src=\"https://img10.360buyimg.com/cms/jfs/t1/98196/25/1566/38754/5dc19c96E02e79d8d/39359930dc678038.png\"></a></p><p><br></p><p><img src=\"https://img10.360buyimg.com/cms/jfs/t1/65549/8/10108/60203/5d791babEa7fe0161/feb5c02138b57dfe.jpg\">&nbsp;<img src=\"https://img11.360buyimg.com/cms/jfs/t1/43665/32/14756/2824061/5d77f8b8E3e335a82/af0a3a0ac16b6bb2.png\"></p>', '9bb404548cc6513c1c148b532b6db720', '0f2aa8354eedb3b652b45e90efb54e27', '1298445538930257922', '', '[\"https://minio.joolun.com/joolun/1/material/10952adc-cad0-4c53-8762-9906d1dde220.jpg\"]', '1', 0, 0.70, 0.70, 2, '2020-06-17 17:53:57', '2021-10-26 10:10:22', '0', '0', '1', 1000, '1', 5, 1.00, '1417329046902091778', '0', '本你爱我苛323');
COMMIT;

-- ----------------------------
-- Table structure for goods_spu_spec
-- ----------------------------
DROP TABLE IF EXISTS `goods_spu_spec`;
CREATE TABLE `goods_spu_spec` (
  `id` varchar(32) CHARACTER SET utf8mb3 COLLATE utf8mb3_general_ci NOT NULL COMMENT 'PK',
  `tenant_id` varchar(32) CHARACTER SET utf8mb4 COLLATE utf8mb4_0900_ai_ci NOT NULL COMMENT '所属租户',
  `spu_id` varchar(32) CHARACTER SET utf8mb4 COLLATE utf8mb4_0900_ai_ci NOT NULL COMMENT 'spu_id',
  `spec_id` varchar(32) CHARACTER SET utf8mb4 COLLATE utf8mb4_0900_ai_ci NOT NULL COMMENT 'spec_id',
  `create_time` datetime DEFAULT CURRENT_TIMESTAMP COMMENT '创建时间',
  `update_time` datetime DEFAULT NULL ON UPDATE CURRENT_TIMESTAMP COMMENT '更新时间',
  `sort` int DEFAULT NULL COMMENT '排序字段',
  PRIMARY KEY (`id`) USING BTREE,
  KEY `ids_tenant_id` (`tenant_id`) USING BTREE
) ENGINE=InnoDB DEFAULT CHARSET=utf8mb4 COLLATE=utf8mb4_0900_ai_ci ROW_FORMAT=DYNAMIC COMMENT='spu规格表';

-- ----------------------------
-- Records of goods_spu_spec
-- ----------------------------
BEGIN;
INSERT INTO `goods_spu_spec` (`id`, `tenant_id`, `spu_id`, `spec_id`, `create_time`, `update_time`, `sort`) VALUES ('1273190776963395586', '1', '1273190776913063938', '1', '2020-06-17 17:48:30', NULL, 0);
INSERT INTO `goods_spu_spec` (`id`, `tenant_id`, `spu_id`, `spec_id`, `create_time`, `update_time`, `sort`) VALUES ('1273190776971784194', '1', '1273190776913063938', '3', '2020-06-17 17:48:30', NULL, 1);
INSERT INTO `goods_spu_spec` (`id`, `tenant_id`, `spu_id`, `spec_id`, `create_time`, `update_time`, `sort`) VALUES ('1273190828918239234', '1', '1273189745068142593', '1', '2020-06-17 17:48:43', NULL, 0);
INSERT INTO `goods_spu_spec` (`id`, `tenant_id`, `spu_id`, `spec_id`, `create_time`, `update_time`, `sort`) VALUES ('1273190866637615106', '1', '1273189184264531969', '1', '2020-06-17 17:48:52', NULL, 0);
INSERT INTO `goods_spu_spec` (`id`, `tenant_id`, `spu_id`, `spec_id`, `create_time`, `update_time`, `sort`) VALUES ('1323801159380525058', '1', '1255379800819601410', '3', '2020-11-04 09:36:06', NULL, 0);
INSERT INTO `goods_spu_spec` (`id`, `tenant_id`, `spu_id`, `spec_id`, `create_time`, `update_time`, `sort`) VALUES ('1323801159380525059', '1', '1255379800819601410', '22d6082e0c1cc2b5a570195f8d91ddad', '2020-11-04 09:36:06', NULL, 1);
INSERT INTO `goods_spu_spec` (`id`, `tenant_id`, `spu_id`, `spec_id`, `create_time`, `update_time`, `sort`) VALUES ('1323801159380525060', '1', '1255379800819601410', '2', '2020-11-04 09:36:06', NULL, 2);
INSERT INTO `goods_spu_spec` (`id`, `tenant_id`, `spu_id`, `spec_id`, `create_time`, `update_time`, `sort`) VALUES ('1377114959438192642', '1', '1273187904351694850', '3', '2021-03-31 12:26:06', NULL, 0);
INSERT INTO `goods_spu_spec` (`id`, `tenant_id`, `spu_id`, `spec_id`, `create_time`, `update_time`, `sort`) VALUES ('1400278040309731330', '1', '1273191752084549634', '1', '2021-06-03 10:27:55', NULL, 0);
INSERT INTO `goods_spu_spec` (`id`, `tenant_id`, `spu_id`, `spec_id`, `create_time`, `update_time`, `sort`) VALUES ('1400278040309731331', '1', '1273191752084549634', '3', '2021-06-03 10:27:55', NULL, 1);
INSERT INTO `goods_spu_spec` (`id`, `tenant_id`, `spu_id`, `spec_id`, `create_time`, `update_time`, `sort`) VALUES ('1400278040309731332', '1', '1273191752084549634', '2', '2021-06-03 10:27:55', NULL, 2);
INSERT INTO `goods_spu_spec` (`id`, `tenant_id`, `spu_id`, `spec_id`, `create_time`, `update_time`, `sort`) VALUES ('1455070175266607105', '1', '1273186784766128130', '3', '2021-11-01 15:12:18', NULL, 0);
INSERT INTO `goods_spu_spec` (`id`, `tenant_id`, `spu_id`, `spec_id`, `create_time`, `update_time`, `sort`) VALUES ('afac75bf80d2d578e8e5175ed2a44852', '872f46d167f7428c8e9e252c17997fb5', 'b13822de6c8ecddc06c167de4c054aeb', '2b2d479c89dfef05ea1e35386a3c4795', '2019-12-16 20:59:16', NULL, NULL);
INSERT INTO `goods_spu_spec` (`id`, `tenant_id`, `spu_id`, `spec_id`, `create_time`, `update_time`, `sort`) VALUES ('e0d34a63c1e4e9e3bd2a6cc18d45dcb1', '872f46d167f7428c8e9e252c17997fb5', 'b13822de6c8ecddc06c167de4c054aeb', 'a51fda1bb9fbfb0c3fdc16f988319185', '2019-12-16 20:59:16', NULL, NULL);
COMMIT;

-- ----------------------------
-- Table structure for groupon_info
-- ----------------------------
DROP TABLE IF EXISTS `groupon_info`;
CREATE TABLE `groupon_info` (
  `id` varchar(32) CHARACTER SET utf8mb4 COLLATE utf8mb4_0900_ai_ci NOT NULL COMMENT 'PK',
  `tenant_id` varchar(32) CHARACTER SET utf8mb4 COLLATE utf8mb4_0900_ai_ci NOT NULL COMMENT '所属租户',
  `shop_id` varchar(32) NOT NULL COMMENT '店铺Id',
  `del_flag` char(2) CHARACTER SET utf8mb4 COLLATE utf8mb4_0900_ai_ci NOT NULL DEFAULT '0' COMMENT '逻辑删除标记（0：显示；1：隐藏）',
  `create_time` datetime NOT NULL DEFAULT CURRENT_TIMESTAMP COMMENT '创建时间',
  `update_time` timestamp NOT NULL DEFAULT CURRENT_TIMESTAMP ON UPDATE CURRENT_TIMESTAMP COMMENT '最后更新时间',
  `create_id` varchar(32) CHARACTER SET utf8mb3 COLLATE utf8mb3_general_ci DEFAULT NULL COMMENT '创建者ID',
  `sort` int NOT NULL DEFAULT '0' COMMENT '排序字段',
  `enable` char(2) CHARACTER SET utf8mb4 COLLATE utf8mb4_0900_ai_ci NOT NULL COMMENT '（1：开启；0：关闭）',
  `spu_id` varchar(32) CHARACTER SET utf8mb4 COLLATE utf8mb4_0900_ai_ci NOT NULL COMMENT '商品Id',
  `sku_id` varchar(32) CHARACTER SET utf8mb4 COLLATE utf8mb4_0900_ai_ci NOT NULL COMMENT 'skuId',
  `name` varchar(100) DEFAULT NULL COMMENT '拼团名称',
  `groupon_num` int DEFAULT '0' COMMENT '拼团人数（几人团）',
  `groupon_price` decimal(10,2) NOT NULL COMMENT '拼团价',
  `duration` int NOT NULL COMMENT '拼团时长（小时）',
  `valid_begin_time` datetime NOT NULL COMMENT '开始时间',
  `valid_end_time` datetime NOT NULL COMMENT '结束时间',
  `launch_num` int DEFAULT '0' COMMENT '发起人数',
  `pic_url` varchar(500) DEFAULT NULL COMMENT '图片',
  `groupon_rule` text COMMENT '拼团规则',
  `share_title` varchar(30) CHARACTER SET utf8mb4 COLLATE utf8mb4_0900_ai_ci NOT NULL COMMENT '分享标题 ',
  PRIMARY KEY (`id`) USING BTREE,
  KEY `ids_tenant_id` (`tenant_id`) USING BTREE
) ENGINE=InnoDB DEFAULT CHARSET=utf8mb4 COLLATE=utf8mb4_0900_ai_ci ROW_FORMAT=DYNAMIC COMMENT='拼团';

-- ----------------------------
-- Records of groupon_info
-- ----------------------------
BEGIN;
INSERT INTO `groupon_info` (`id`, `tenant_id`, `shop_id`, `del_flag`, `create_time`, `update_time`, `create_id`, `sort`, `enable`, `spu_id`, `sku_id`, `name`, `groupon_num`, `groupon_price`, `duration`, `valid_begin_time`, `valid_end_time`, `launch_num`, `pic_url`, `groupon_rule`, `share_title`) VALUES ('1417336177843843074', '1', '1261176336950480898', '0', '2021-07-20 12:10:52', '2021-10-26 10:12:12', NULL, 6, '1', '1273187904351694850', '1273187904368472066', '而也容易', 2, 3999.00, 50, '2021-07-19 00:00:00', '2021-07-31 00:00:00', 3, 'https://minio.joolun.com/joolun/1/material/40c3ffb7-8f3e-4794-b927-2c9beb084896.jpg', '而也容易', '而也容易');
COMMIT;

-- ----------------------------
-- Table structure for groupon_user
-- ----------------------------
DROP TABLE IF EXISTS `groupon_user`;
CREATE TABLE `groupon_user` (
  `id` varchar(32) CHARACTER SET utf8mb4 COLLATE utf8mb4_0900_ai_ci NOT NULL COMMENT 'PK',
  `tenant_id` varchar(32) CHARACTER SET utf8mb4 COLLATE utf8mb4_0900_ai_ci NOT NULL COMMENT '所属租户',
  `shop_id` varchar(32) NOT NULL COMMENT '店铺Id',
  `del_flag` char(2) CHARACTER SET utf8mb4 COLLATE utf8mb4_0900_ai_ci NOT NULL DEFAULT '0' COMMENT '逻辑删除标记（0：显示；1：隐藏）',
  `create_time` datetime NOT NULL DEFAULT CURRENT_TIMESTAMP COMMENT '创建时间',
  `update_time` timestamp NOT NULL DEFAULT CURRENT_TIMESTAMP ON UPDATE CURRENT_TIMESTAMP COMMENT '最后更新时间',
  `create_id` varchar(32) CHARACTER SET utf8mb3 COLLATE utf8mb3_general_ci DEFAULT NULL COMMENT '创建者ID',
  `groupon_id` varchar(32) CHARACTER SET utf8mb4 COLLATE utf8mb4_0900_ai_ci NOT NULL COMMENT '拼团ID',
  `groupon_num` int DEFAULT NULL COMMENT '拼团人数（几人团）',
  `groupon_price` decimal(10,2) DEFAULT NULL COMMENT '拼团价',
  `group_id` varchar(32) NOT NULL COMMENT '组ID（团长的拼团记录ID）',
  `user_id` varchar(32) CHARACTER SET utf8mb4 COLLATE utf8mb4_0900_ai_ci NOT NULL COMMENT '用户ID',
  `nick_name` varchar(100) DEFAULT NULL COMMENT '昵称',
  `headimg_url` varchar(1000) DEFAULT NULL COMMENT '头像',
  `spu_id` varchar(32) CHARACTER SET utf8mb4 COLLATE utf8mb4_0900_ai_ci NOT NULL COMMENT '商品Id',
  `sku_id` varchar(32) CHARACTER SET utf8mb4 COLLATE utf8mb4_0900_ai_ci NOT NULL COMMENT 'skuId',
  `is_leader` char(2) CHARACTER SET utf8mb4 COLLATE utf8mb4_0900_ai_ci DEFAULT NULL COMMENT '是否团长（0：否；1：是）',
  `valid_begin_time` datetime DEFAULT NULL COMMENT '开始时间',
  `valid_end_time` datetime DEFAULT NULL COMMENT '结束时间',
  `order_id` varchar(32) DEFAULT NULL COMMENT '订单Id',
  `status` char(2) DEFAULT NULL COMMENT '状态（0：拼团中；1：完成拼团）',
  PRIMARY KEY (`id`) USING BTREE,
  UNIQUE KEY `uk_group_user` (`group_id`,`user_id`),
  KEY `ids_tenant_id` (`tenant_id`) USING BTREE
) ENGINE=InnoDB DEFAULT CHARSET=utf8mb4 COLLATE=utf8mb4_0900_ai_ci ROW_FORMAT=DYNAMIC COMMENT='拼团记录';

-- ----------------------------
-- Records of groupon_user
-- ----------------------------
BEGIN;
COMMIT;

-- ----------------------------
-- Table structure for material
-- ----------------------------
DROP TABLE IF EXISTS `material`;
CREATE TABLE `material` (
  `id` varchar(32) CHARACTER SET utf8mb4 COLLATE utf8mb4_0900_ai_ci NOT NULL COMMENT 'PK',
  `tenant_id` varchar(32) CHARACTER SET utf8mb4 COLLATE utf8mb4_0900_ai_ci NOT NULL COMMENT '所属租户',
  `shop_id` varchar(32) CHARACTER SET utf8mb4 COLLATE utf8mb4_0900_ai_ci NOT NULL COMMENT '店铺Id（-1为租户素材）',
  `del_flag` char(2) CHARACTER SET utf8mb4 COLLATE utf8mb4_0900_ai_ci NOT NULL DEFAULT '0' COMMENT '逻辑删除标记（0：显示；1：隐藏）',
  `create_time` datetime NOT NULL DEFAULT CURRENT_TIMESTAMP COMMENT '创建时间',
  `update_time` timestamp NOT NULL DEFAULT CURRENT_TIMESTAMP ON UPDATE CURRENT_TIMESTAMP COMMENT '最后更新时间',
  `create_id` varchar(32) CHARACTER SET utf8mb3 COLLATE utf8mb3_general_ci DEFAULT NULL COMMENT '创建者ID',
  `type` char(2) NOT NULL COMMENT '类型1、图片；2、视频',
  `group_id` varchar(32) CHARACTER SET utf8mb4 COLLATE utf8mb4_0900_ai_ci DEFAULT NULL COMMENT '分组ID',
  `name` varchar(200) CHARACTER SET utf8mb4 COLLATE utf8mb4_0900_ai_ci NOT NULL COMMENT '素材名',
  `url` varchar(500) CHARACTER SET utf8mb4 COLLATE utf8mb4_0900_ai_ci DEFAULT '' COMMENT '素材链接',
  PRIMARY KEY (`id`) USING BTREE,
  KEY `ids_tenant_id` (`tenant_id`) USING BTREE
) ENGINE=InnoDB DEFAULT CHARSET=utf8mb4 COLLATE=utf8mb4_0900_ai_ci ROW_FORMAT=DYNAMIC COMMENT='素材库';

-- ----------------------------
-- Records of material
-- ----------------------------
BEGIN;
INSERT INTO `material` (`id`, `tenant_id`, `shop_id`, `del_flag`, `create_time`, `update_time`, `create_id`, `type`, `group_id`, `name`, `url`) VALUES ('1265116920010485761', '1', '1261193346845495297', '0', '2020-05-26 11:05:53', '2021-10-26 10:17:27', '5', '1', '1265116952268877826', 'u=4054928007,212439964&fm=26&gp=0.jpg', 'https://minio.joolun.com/joolun/1/material/f9a039c4-7e8a-4dd2-aa4e-d28c9e91b6ff.jpg');
INSERT INTO `material` (`id`, `tenant_id`, `shop_id`, `del_flag`, `create_time`, `update_time`, `create_id`, `type`, `group_id`, `name`, `url`) VALUES ('1267651335672446977', '1', '1261176336950480898', '0', '2020-06-02 10:56:44', '2021-10-26 10:17:52', '1', '1', NULL, 'u=4054928007,212439964&fm=26&gp=0.jpg', 'https://minio.joolun.com/joolun/1/material/c31e494c-f1ac-4314-bd6c-3f25760d7ff7.jpg');
INSERT INTO `material` (`id`, `tenant_id`, `shop_id`, `del_flag`, `create_time`, `update_time`, `create_id`, `type`, `group_id`, `name`, `url`) VALUES ('1270651093045788673', '1', '-1', '0', '2020-06-10 17:36:42', '2021-10-26 10:17:39', '1', '1', NULL, 'banner3.png', 'https://minio.joolun.com/joolun/1/material/dc0926c9-a3e4-403c-961f-1acb9ec1dce2.png');
INSERT INTO `material` (`id`, `tenant_id`, `shop_id`, `del_flag`, `create_time`, `update_time`, `create_id`, `type`, `group_id`, `name`, `url`) VALUES ('1272452527173201921', '1', '1261193631538073602', '0', '2020-06-15 16:54:58', '2021-10-26 10:17:50', '1', '1', NULL, '店铺-2.png', 'https://minio.joolun.com/joolun/1/material/c9df3faf-7550-4329-9a46-1407ff86c0ea.png');
INSERT INTO `material` (`id`, `tenant_id`, `shop_id`, `del_flag`, `create_time`, `update_time`, `create_id`, `type`, `group_id`, `name`, `url`) VALUES ('1272798667265601538', '1', '-1', '0', '2020-06-16 15:50:24', '2021-10-26 10:17:46', '1', '1', NULL, 'bg-砍价.png', 'https://minio.joolun.com/joolun/1/material/ce2a2500-d11d-4217-9321-cba9873f1906.png');
INSERT INTO `material` (`id`, `tenant_id`, `shop_id`, `del_flag`, `create_time`, `update_time`, `create_id`, `type`, `group_id`, `name`, `url`) VALUES ('1273132111870881794', '1', '-1', '0', '2020-06-17 13:55:23', '2021-10-26 10:18:00', '1', '1', '1273132005989871618', '拼团.png', 'https://minio.joolun.com/joolun/1/material/b4546fae-4cd0-48bc-b1af-6b0503845273.png');
INSERT INTO `material` (`id`, `tenant_id`, `shop_id`, `del_flag`, `create_time`, `update_time`, `create_id`, `type`, `group_id`, `name`, `url`) VALUES ('1273171479427870722', '1', '1261193631538073602', '0', '2020-06-17 16:31:49', '2021-10-26 10:17:53', '1', '1', NULL, '小米50.png', 'https://minio.joolun.com/joolun/1/material/c2f6aa5a-6f0c-4730-9ea8-67ccc980952b.png');
INSERT INTO `material` (`id`, `tenant_id`, `shop_id`, `del_flag`, `create_time`, `update_time`, `create_id`, `type`, `group_id`, `name`, `url`) VALUES ('1273172530893746178', '1', '1261176336950480898', '0', '2020-06-17 16:36:00', '2021-10-26 10:17:34', '1', '1', NULL, '苹果.png', 'https://minio.joolun.com/joolun/1/material/e821c56e-db83-42b3-b745-cef1b358d518.png');
INSERT INTO `material` (`id`, `tenant_id`, `shop_id`, `del_flag`, `create_time`, `update_time`, `create_id`, `type`, `group_id`, `name`, `url`) VALUES ('1273178694335393793', '1', '1261193631538073602', '0', '2020-06-17 17:00:29', '2021-10-26 10:17:31', '1', '1', NULL, 'QQ截图20200617165858.png', 'https://minio.joolun.com/joolun/1/material/eef77972-ce25-4fe9-bb1a-72ac994e04cf.png');
INSERT INTO `material` (`id`, `tenant_id`, `shop_id`, `del_flag`, `create_time`, `update_time`, `create_id`, `type`, `group_id`, `name`, `url`) VALUES ('1273182192380735489', '1', '-1', '0', '2020-06-17 17:14:23', '2021-10-26 10:17:56', '1', '1', NULL, '苹果.png', 'https://minio.joolun.com/joolun/1/material/bc753593-c8e1-4296-8702-007db7f19346.png');
INSERT INTO `material` (`id`, `tenant_id`, `shop_id`, `del_flag`, `create_time`, `update_time`, `create_id`, `type`, `group_id`, `name`, `url`) VALUES ('1273182687350550530', '1', '-1', '0', '2020-06-17 17:16:21', '2021-10-26 10:17:44', '1', '1', NULL, '佳能.png', 'https://minio.joolun.com/joolun/1/material/ce3daaa3-dffe-4c4d-bd25-ca0840f3e7e6.png');
INSERT INTO `material` (`id`, `tenant_id`, `shop_id`, `del_flag`, `create_time`, `update_time`, `create_id`, `type`, `group_id`, `name`, `url`) VALUES ('1273183374704701441', '1', '-1', '0', '2020-06-17 17:19:05', '2021-10-26 10:17:38', '1', '1', NULL, 'QQ截图20200617162346.png', 'https://minio.joolun.com/joolun/1/material/e0a1a0d1-3cf1-4229-a871-5f3fa87550c9.png');
INSERT INTO `material` (`id`, `tenant_id`, `shop_id`, `del_flag`, `create_time`, `update_time`, `create_id`, `type`, `group_id`, `name`, `url`) VALUES ('1273185096634265602', '1', '1261193346845495297', '0', '2020-06-17 17:25:56', '2021-10-26 10:17:36', '1', '1', NULL, '苹果.jpg', 'https://minio.joolun.com/joolun/1/material/e1f90195-18ac-4a9e-9c0e-9a3c4aca36a0.jpg');
INSERT INTO `material` (`id`, `tenant_id`, `shop_id`, `del_flag`, `create_time`, `update_time`, `create_id`, `type`, `group_id`, `name`, `url`) VALUES ('1273185377489055745', '1', '1261193346845495297', '0', '2020-06-17 17:27:03', '2021-10-26 10:17:32', '1', '1', NULL, '苹果1.jpg', 'https://minio.joolun.com/joolun/1/material/edb042d5-5105-4986-92f0-febcef14114f.jpg');
INSERT INTO `material` (`id`, `tenant_id`, `shop_id`, `del_flag`, `create_time`, `update_time`, `create_id`, `type`, `group_id`, `name`, `url`) VALUES ('1273187302737506305', '1', '1261176336950480898', '0', '2020-06-17 17:34:42', '2021-10-26 10:17:43', '1', '1', NULL, '华为3.jpg', 'https://minio.joolun.com/joolun/1/material/ceab6bcd-83d2-4fa4-b682-62407503b0aa.jpg');
INSERT INTO `material` (`id`, `tenant_id`, `shop_id`, `del_flag`, `create_time`, `update_time`, `create_id`, `type`, `group_id`, `name`, `url`) VALUES ('1273188883310637057', '1', '1261193631538073602', '0', '2020-06-17 17:40:59', '2021-10-26 10:17:41', '1', '1', NULL, '小米1.jpg', 'https://minio.joolun.com/joolun/1/material/d770b0b5-0117-4b1d-8eea-92ded66fbf7e.jpg');
INSERT INTO `material` (`id`, `tenant_id`, `shop_id`, `del_flag`, `create_time`, `update_time`, `create_id`, `type`, `group_id`, `name`, `url`) VALUES ('1273189458374881281', '1', '1261193631538073602', '0', '2020-06-17 17:43:16', '2021-10-26 10:17:48', '1', '1', NULL, '小米2.jpg', 'https://minio.joolun.com/joolun/1/material/cb601860-0c4c-49fe-8aa0-67dd728a43f6.jpg');
INSERT INTO `material` (`id`, `tenant_id`, `shop_id`, `del_flag`, `create_time`, `update_time`, `create_id`, `type`, `group_id`, `name`, `url`) VALUES ('1309131914558390274', '2', '-1', '0', '2020-09-24 22:05:45', '2021-10-26 10:17:26', '1279042290712625154', '1', NULL, '1-001.png', 'https://minio.joolun.com/joolun/2/material/d852729c-90e8-4ac9-af3c-908df4223c2e.png');
INSERT INTO `material` (`id`, `tenant_id`, `shop_id`, `del_flag`, `create_time`, `update_time`, `create_id`, `type`, `group_id`, `name`, `url`) VALUES ('1420265684867284994', '1', '1273182913641639938', '0', '2021-07-28 14:11:41', '2021-10-26 10:17:29', '1279041761051721730', '1', NULL, 'n_community_0l.jpg', 'https://minio.joolun.com/joolun/1/material/efa2b8fc-ad77-4ab8-a906-89b5ad04e0d4.jpg');
INSERT INTO `material` (`id`, `tenant_id`, `shop_id`, `del_flag`, `create_time`, `update_time`, `create_id`, `type`, `group_id`, `name`, `url`) VALUES ('1454449577205182465', '1', '-1', '0', '2021-10-30 22:06:16', '2021-10-30 22:06:16', '1279041761051721730', '1', NULL, '5.png', 'http://minio.joolun.com/joolun/1/material/a7ef5da8-832d-4439-8668-f52a06ff60fd.png');
INSERT INTO `material` (`id`, `tenant_id`, `shop_id`, `del_flag`, `create_time`, `update_time`, `create_id`, `type`, `group_id`, `name`, `url`) VALUES ('1454647527017574401', '1', '1261193346845495297', '0', '2021-10-31 11:12:51', '2021-10-31 11:12:51', '1279041761051721730', '1', NULL, '5.png', 'http://minio.joolun.com/joolun/1/material/b290b109-a152-48d3-836b-ede9399ee44c.png');
INSERT INTO `material` (`id`, `tenant_id`, `shop_id`, `del_flag`, `create_time`, `update_time`, `create_id`, `type`, `group_id`, `name`, `url`) VALUES ('1454680557455175681', '1454668419797618688', '-1', '0', '2021-10-31 13:24:06', '2021-10-31 13:24:06', '1279041761051721730', '1', NULL, '5.png', 'http://minio.joolun.com/joolun/1/material/46c96446-4026-40da-8978-72ed6fa9b696.png');
INSERT INTO `material` (`id`, `tenant_id`, `shop_id`, `del_flag`, `create_time`, `update_time`, `create_id`, `type`, `group_id`, `name`, `url`) VALUES ('1454684352176222209', '1454668419797618688', '-1', '0', '2021-10-31 13:39:10', '2021-10-31 13:39:10', '1279041761051721730', '1', NULL, '108x108.png', 'http://minio.joolun.com/joolun/1/material/84ec59a4-4623-4101-829e-6107308f36e1.png');
INSERT INTO `material` (`id`, `tenant_id`, `shop_id`, `del_flag`, `create_time`, `update_time`, `create_id`, `type`, `group_id`, `name`, `url`) VALUES ('1454685071381917698', '1454684865109954560', '-1', '0', '2021-10-31 13:42:02', '2021-10-31 13:42:02', '1279041761051721730', '1', NULL, '5.png', 'http://minio.joolun.com/joolun/1/material/7e8e43b7-f714-4e66-812d-d55150af1e3b.png');
INSERT INTO `material` (`id`, `tenant_id`, `shop_id`, `del_flag`, `create_time`, `update_time`, `create_id`, `type`, `group_id`, `name`, `url`) VALUES ('1458341687088197633', '-1', '-1', '0', '2021-11-10 15:52:07', '2021-11-10 15:52:07', '1279041761051721730', '1', NULL, '微信图片_20210318182431.jpg', 'http://minio.joolun.com/joolun/-1/material/abd275d3-5fc3-445f-9de8-7e0baa0546fa.jpg');
INSERT INTO `material` (`id`, `tenant_id`, `shop_id`, `del_flag`, `create_time`, `update_time`, `create_id`, `type`, `group_id`, `name`, `url`) VALUES ('1458640595056152577', '-1', '-1', '0', '2021-11-11 11:39:52', '2021-11-11 11:39:52', '1279041761051721730', '1', NULL, 'ABUIABADGAAgju3M-gUoiPj4owEwgAU4kAM.gif', 'http://minio.joolun.com/joolun/-1/material/3421a4ca-bdb2-48c3-9081-bef4e379e873.gif');
INSERT INTO `material` (`id`, `tenant_id`, `shop_id`, `del_flag`, `create_time`, `update_time`, `create_id`, `type`, `group_id`, `name`, `url`) VALUES ('1458640637695447042', '-1', '-1', '0', '2021-11-11 11:40:02', '2021-11-11 11:40:02', '1279041761051721730', '1', NULL, '0 (3).jpg', 'http://minio.joolun.com/joolun/-1/material/a9fbcf18-f2b5-4857-acb1-8887bf846768.jpg');
INSERT INTO `material` (`id`, `tenant_id`, `shop_id`, `del_flag`, `create_time`, `update_time`, `create_id`, `type`, `group_id`, `name`, `url`) VALUES ('1458648462316359682', '1', '-1', '0', '2021-11-11 12:11:08', '2021-11-11 12:11:08', '1279041761051721730', '1', NULL, '0 (3).jpg', 'http://minio.joolun.com/joolun/-1/material/397daed7-b761-492b-9a50-3532c39c88e7.jpg');
INSERT INTO `material` (`id`, `tenant_id`, `shop_id`, `del_flag`, `create_time`, `update_time`, `create_id`, `type`, `group_id`, `name`, `url`) VALUES ('1458648730760204290', '1', '-1', '0', '2021-11-11 12:12:12', '2021-11-11 12:12:12', '1279041761051721730', '1', NULL, '615d1f036f198_615d1f03a0211.png', 'http://minio.joolun.com/joolun/-1/material/bf4a628a-b2ab-4d86-880d-b66e8bea1c10.png');
INSERT INTO `material` (`id`, `tenant_id`, `shop_id`, `del_flag`, `create_time`, `update_time`, `create_id`, `type`, `group_id`, `name`, `url`) VALUES ('1458648922456674306', '1', '-1', '0', '2021-11-11 12:12:58', '2021-11-11 12:12:58', '1279041761051721730', '1', NULL, 'qrcode_for_gh_6999ad5cfb2f_258.jpg', 'http://minio.joolun.com/joolun/-1/material/f04c1924-ede6-40f4-8686-ae63065e5a1d.jpg');
INSERT INTO `material` (`id`, `tenant_id`, `shop_id`, `del_flag`, `create_time`, `update_time`, `create_id`, `type`, `group_id`, `name`, `url`) VALUES ('1463489482208063489', '1', '1261193346845495297', '0', '2021-11-24 20:47:37', '2021-11-24 20:47:37', '1279041761051721730', '1', NULL, 'logo-2.png', 'http://minio.joolun.com/joolun/1/material/7997e8df-3f0c-48dc-97c2-945e89704b5f.png');
INSERT INTO `material` (`id`, `tenant_id`, `shop_id`, `del_flag`, `create_time`, `update_time`, `create_id`, `type`, `group_id`, `name`, `url`) VALUES ('1463489914636611585', '1', '1261193346845495297', '0', '2021-11-24 20:49:20', '2021-11-24 20:49:20', '1279041761051721730', '1', NULL, 'logo-2.png', 'http://minio.joolun.com/joolun/1/material/a99d333d-ed50-4c73-867a-82926b6fb988.png');
COMMIT;

-- ----------------------------
-- Table structure for material_group
-- ----------------------------
DROP TABLE IF EXISTS `material_group`;
CREATE TABLE `material_group` (
  `id` varchar(32) CHARACTER SET utf8mb4 COLLATE utf8mb4_0900_ai_ci NOT NULL COMMENT 'PK',
  `tenant_id` varchar(32) CHARACTER SET utf8mb4 COLLATE utf8mb4_0900_ai_ci NOT NULL COMMENT '所属租户',
  `shop_id` varchar(32) CHARACTER SET utf8mb4 COLLATE utf8mb4_0900_ai_ci NOT NULL COMMENT '店铺Id（-1为租户素材）',
  `del_flag` char(2) CHARACTER SET utf8mb4 COLLATE utf8mb4_0900_ai_ci NOT NULL DEFAULT '0' COMMENT '逻辑删除标记（0：显示；1：隐藏）',
  `create_time` datetime NOT NULL DEFAULT CURRENT_TIMESTAMP COMMENT '创建时间',
  `update_time` timestamp NOT NULL DEFAULT CURRENT_TIMESTAMP ON UPDATE CURRENT_TIMESTAMP COMMENT '最后更新时间',
  `create_id` varchar(32) CHARACTER SET utf8mb3 COLLATE utf8mb3_general_ci DEFAULT NULL COMMENT '创建者ID',
  `name` varchar(200) CHARACTER SET utf8mb4 COLLATE utf8mb4_0900_ai_ci NOT NULL COMMENT '分组名',
  PRIMARY KEY (`id`) USING BTREE,
  KEY `ids_tenant_id` (`tenant_id`) USING BTREE
) ENGINE=InnoDB DEFAULT CHARSET=utf8mb4 COLLATE=utf8mb4_0900_ai_ci ROW_FORMAT=DYNAMIC COMMENT='素材分组';

-- ----------------------------
-- Records of material_group
-- ----------------------------
BEGIN;
INSERT INTO `material_group` (`id`, `tenant_id`, `shop_id`, `del_flag`, `create_time`, `update_time`, `create_id`, `name`) VALUES ('1265116952268877826', '1', '1261193346845495297', '0', '2020-05-26 11:06:00', '2020-05-26 11:06:00', '5', '66');
INSERT INTO `material_group` (`id`, `tenant_id`, `shop_id`, `del_flag`, `create_time`, `update_time`, `create_id`, `name`) VALUES ('1273132005989871618', '1', '-1', '0', '2020-06-17 13:54:58', '2020-06-17 13:54:58', '1', 'Icon');
INSERT INTO `material_group` (`id`, `tenant_id`, `shop_id`, `del_flag`, `create_time`, `update_time`, `create_id`, `name`) VALUES ('ca4c67a5e286310cb0d62a7efeabf1b4', '41c120b6bb3c426fa4ec513fa3ff792a', '-1', '0', '2020-01-05 12:46:25', '2020-05-25 18:39:32', '60d4576d9e1d732b14118a695895fa31', '水果');
INSERT INTO `material_group` (`id`, `tenant_id`, `shop_id`, `del_flag`, `create_time`, `update_time`, `create_id`, `name`) VALUES ('def6e4c80222c71bbc0993ac85bcb8ce', '1', '-1', '0', '2019-10-30 11:18:50', '2020-05-25 18:39:33', '1', '分类图');
COMMIT;

-- ----------------------------
-- Table structure for order_info
-- ----------------------------
DROP TABLE IF EXISTS `order_info`;
CREATE TABLE `order_info` (
  `id` varchar(32) CHARACTER SET utf8mb4 COLLATE utf8mb4_0900_ai_ci NOT NULL COMMENT 'PK',
  `tenant_id` varchar(32) CHARACTER SET utf8mb4 COLLATE utf8mb4_0900_ai_ci NOT NULL COMMENT '所属租户',
  `shop_id` varchar(32) NOT NULL COMMENT '店铺Id',
  `del_flag` char(2) CHARACTER SET utf8mb4 COLLATE utf8mb4_0900_ai_ci NOT NULL DEFAULT '0' COMMENT '逻辑删除标记（0：显示；1：隐藏）',
  `create_time` datetime NOT NULL DEFAULT CURRENT_TIMESTAMP COMMENT '创建时间',
  `update_time` timestamp NOT NULL DEFAULT CURRENT_TIMESTAMP ON UPDATE CURRENT_TIMESTAMP COMMENT '最后更新时间',
  `app_type` char(10) CHARACTER SET utf8mb4 COLLATE utf8mb4_0900_ai_ci NOT NULL COMMENT '来源应用（MA：小程序；H5：普通H5；H5-WX：微信H5；APP：app；H5-PC：PC端H5）',
  `app_id` varchar(32) CHARACTER SET utf8mb4 COLLATE utf8mb4_0900_ai_ci DEFAULT NULL COMMENT '应用ID',
  `user_id` varchar(32) CHARACTER SET utf8mb4 COLLATE utf8mb4_0900_ai_ci NOT NULL COMMENT '用户id',
  `order_no` varchar(50) CHARACTER SET utf8mb4 COLLATE utf8mb4_0900_ai_ci NOT NULL COMMENT '订单单号',
  `payment_way` char(2) NOT NULL COMMENT '支付方式1、货到付款；2、在线支付',
  `delivery_way` char(2) CHARACTER SET utf8mb4 COLLATE utf8mb4_0900_ai_ci NOT NULL COMMENT '配送方式1、普通快递；2、上门自提',
  `payment_type` char(2) CHARACTER SET utf8mb4 COLLATE utf8mb4_0900_ai_ci DEFAULT NULL COMMENT '支付类型1、微信支付；2、支付宝支付',
  `trade_type` varchar(20) DEFAULT NULL COMMENT '交易类型',
  `is_pay` char(2) NOT NULL COMMENT '是否支付0、未支付 1、已支付',
  `name` varchar(255) DEFAULT NULL COMMENT '订单名',
  `status` char(2) CHARACTER SET utf8mb4 COLLATE utf8mb4_0900_ai_ci DEFAULT NULL COMMENT '订单状态1、待发货 2、待收货 3、确认收货/已完成 5、已关闭 10、拼团中',
  `appraises_status` char(2) DEFAULT NULL COMMENT '评价状态0、未评；1、已评；2、已追评',
  `freight_price` decimal(10,2) NOT NULL DEFAULT '0.00' COMMENT '运费金额',
  `sales_price` decimal(10,2) NOT NULL DEFAULT '0.00' COMMENT '销售金额',
  `payment_points_price` decimal(10,2) DEFAULT '0.00' COMMENT '积分抵扣金额',
  `payment_coupon_price` decimal(10,2) DEFAULT '0.00' COMMENT '电子券抵扣金额',
  `payment_price` decimal(10,2) NOT NULL DEFAULT '0.00' COMMENT '支付金额（销售金额+运费金额-积分抵扣金额-电子券抵扣金额）',
  `payment_points` int DEFAULT '0' COMMENT '支付积分',
  `payment_time` datetime DEFAULT NULL COMMENT '付款时间',
  `delivery_time` datetime DEFAULT NULL COMMENT '发货时间',
  `receiver_time` datetime DEFAULT NULL COMMENT '收货时间',
  `closing_time` datetime DEFAULT NULL COMMENT '成交时间',
  `user_message` varchar(100) CHARACTER SET utf8mb4 COLLATE utf8mb4_0900_ai_ci DEFAULT NULL COMMENT '买家留言',
  `logistics_id` varchar(32) CHARACTER SET utf8mb4 COLLATE utf8mb4_0900_ai_ci DEFAULT NULL COMMENT '物流id',
  `transaction_id` varchar(32) DEFAULT NULL COMMENT '支付交易ID',
  `order_type` char(2) CHARACTER SET utf8mb4 COLLATE utf8mb4_0900_ai_ci DEFAULT '0' COMMENT '订单类型（0、普通订单；1、砍价订单；2、拼团订单；3、秒杀订单）',
  `market_id` varchar(32) CHARACTER SET utf8mb4 COLLATE utf8mb4_0900_ai_ci DEFAULT NULL COMMENT '营销ID（砍价ID、拼团ID、秒杀ID）',
  `relation_id` varchar(32) CHARACTER SET utf8mb4 COLLATE utf8mb4_0900_ai_ci DEFAULT NULL COMMENT '营销记录ID（砍价记录ID、拼团记录组ID（团长的拼团记录ID））',
  `remark` varchar(255) CHARACTER SET utf8mb4 COLLATE utf8mb4_0900_ai_ci DEFAULT NULL COMMENT '备注',
  PRIMARY KEY (`id`),
  UNIQUE KEY `uk_order_no` (`order_no`),
  KEY `ids_tenant_id` (`tenant_id`,`order_no`)
) ENGINE=InnoDB DEFAULT CHARSET=utf8mb4 COLLATE=utf8mb4_0900_ai_ci ROW_FORMAT=DYNAMIC COMMENT='订单';

-- ----------------------------
-- Records of order_info
-- ----------------------------
BEGIN;
INSERT INTO `order_info` (`id`, `tenant_id`, `shop_id`, `del_flag`, `create_time`, `update_time`, `app_type`, `app_id`, `user_id`, `order_no`, `payment_way`, `delivery_way`, `payment_type`, `trade_type`, `is_pay`, `name`, `status`, `appraises_status`, `freight_price`, `sales_price`, `payment_points_price`, `payment_coupon_price`, `payment_price`, `payment_points`, `payment_time`, `delivery_time`, `receiver_time`, `closing_time`, `user_message`, `logistics_id`, `transaction_id`, `order_type`, `market_id`, `relation_id`, `remark`) VALUES ('1385084352044347393', '1', '1261176336950480898', '0', '2021-04-22 12:13:38', '2021-05-14 10:38:56', 'MA', 'wxb5816383d0305790', '1385064426583863297', '1385084352047611904', '2', '2', '1', NULL, '0', '华为 9 4800万超广角三摄 6GB+128GB全息幻彩蓝 骁龙855 全网通4G 双卡双待 水滴全面屏拍照智能游戏手机', '5', NULL, 0.00, 0.01, 0.00, 0.00, 0.01, 0, NULL, NULL, NULL, NULL, NULL, NULL, NULL, '0', NULL, NULL, NULL);
INSERT INTO `order_info` (`id`, `tenant_id`, `shop_id`, `del_flag`, `create_time`, `update_time`, `app_type`, `app_id`, `user_id`, `order_no`, `payment_way`, `delivery_way`, `payment_type`, `trade_type`, `is_pay`, `name`, `status`, `appraises_status`, `freight_price`, `sales_price`, `payment_points_price`, `payment_coupon_price`, `payment_price`, `payment_points`, `payment_time`, `delivery_time`, `receiver_time`, `closing_time`, `user_message`, `logistics_id`, `transaction_id`, `order_type`, `market_id`, `relation_id`, `remark`) VALUES ('1390276367512297474', '1', '1261176336950480898', '0', '2021-05-06 20:04:51', '2021-05-06 20:04:50', 'MA', 'wxb5816383d0305790', '1385064426583863297', '1390276367471345664', '2', '2', '1', 'JSAPI', '1', '华为 9 4800万超广角三摄 6GB+128GB全息幻彩蓝 骁龙855 全网通4G 双卡双待 水滴全面屏拍照智能游戏手机', '1', NULL, 0.00, 0.01, 0.00, 0.00, 0.01, 0, '2021-05-06 20:06:38', NULL, NULL, NULL, NULL, NULL, '4200001025202105065183586600', '0', NULL, NULL, NULL);
INSERT INTO `order_info` (`id`, `tenant_id`, `shop_id`, `del_flag`, `create_time`, `update_time`, `app_type`, `app_id`, `user_id`, `order_no`, `payment_way`, `delivery_way`, `payment_type`, `trade_type`, `is_pay`, `name`, `status`, `appraises_status`, `freight_price`, `sales_price`, `payment_points_price`, `payment_coupon_price`, `payment_price`, `payment_points`, `payment_time`, `delivery_time`, `receiver_time`, `closing_time`, `user_message`, `logistics_id`, `transaction_id`, `order_type`, `market_id`, `relation_id`, `remark`) VALUES ('1390277809199439873', '1', '1261176336950480898', '0', '2021-05-06 20:10:34', '2021-05-06 20:10:34', 'MA', 'wxb5816383d0305790', '1385064426583863297', '1390277809171070976', '2', '2', '1', 'JSAPI', '1', '华为 9 4800万超广角三摄 6GB+128GB全息幻彩蓝 骁龙855 全网通4G 双卡双待 水滴全面屏拍照智能游戏手机', '1', NULL, 0.00, 0.01, 0.00, 0.00, 0.01, 0, '2021-05-06 20:10:49', NULL, NULL, NULL, NULL, NULL, '4200001000202105063562728192', '0', NULL, NULL, NULL);
INSERT INTO `order_info` (`id`, `tenant_id`, `shop_id`, `del_flag`, `create_time`, `update_time`, `app_type`, `app_id`, `user_id`, `order_no`, `payment_way`, `delivery_way`, `payment_type`, `trade_type`, `is_pay`, `name`, `status`, `appraises_status`, `freight_price`, `sales_price`, `payment_points_price`, `payment_coupon_price`, `payment_price`, `payment_points`, `payment_time`, `delivery_time`, `receiver_time`, `closing_time`, `user_message`, `logistics_id`, `transaction_id`, `order_type`, `market_id`, `relation_id`, `remark`) VALUES ('1390278118592274434', '1', '1261176336950480898', '0', '2021-05-06 20:11:48', '2021-05-06 20:11:48', 'MA', 'wxb5816383d0305790', '1385064426583863297', '1390278118492602368', '2', '2', '1', 'JSAPI', '1', '华为 9 4800万超广角三摄 6GB+128GB全息幻彩蓝 骁龙855 全网通4G 双卡双待 水滴全面屏拍照智能游戏手机', '1', NULL, 0.00, 0.01, 0.00, 0.00, 0.01, 0, '2021-05-06 20:13:24', NULL, NULL, NULL, NULL, NULL, '4200001007202105068788872619', '0', NULL, NULL, NULL);
INSERT INTO `order_info` (`id`, `tenant_id`, `shop_id`, `del_flag`, `create_time`, `update_time`, `app_type`, `app_id`, `user_id`, `order_no`, `payment_way`, `delivery_way`, `payment_type`, `trade_type`, `is_pay`, `name`, `status`, `appraises_status`, `freight_price`, `sales_price`, `payment_points_price`, `payment_coupon_price`, `payment_price`, `payment_points`, `payment_time`, `delivery_time`, `receiver_time`, `closing_time`, `user_message`, `logistics_id`, `transaction_id`, `order_type`, `market_id`, `relation_id`, `remark`) VALUES ('1390279486048632833', '1', '1261176336950480898', '0', '2021-05-06 20:17:14', '2021-05-06 20:17:14', 'MA', 'wxb5816383d0305790', '1385064426583863297', '1390279485927981056', '2', '2', '1', 'JSAPI', '1', '华为 9 4800万超广角三摄 6GB+128GB全息幻彩蓝 骁龙855 全网通4G 双卡双待 水滴全面屏拍照智能游戏手机', '1', NULL, 0.00, 0.01, 0.00, 0.00, 0.01, 0, '2021-05-06 20:17:24', NULL, NULL, NULL, NULL, NULL, '4200001010202105064069175740', '0', NULL, NULL, NULL);
INSERT INTO `order_info` (`id`, `tenant_id`, `shop_id`, `del_flag`, `create_time`, `update_time`, `app_type`, `app_id`, `user_id`, `order_no`, `payment_way`, `delivery_way`, `payment_type`, `trade_type`, `is_pay`, `name`, `status`, `appraises_status`, `freight_price`, `sales_price`, `payment_points_price`, `payment_coupon_price`, `payment_price`, `payment_points`, `payment_time`, `delivery_time`, `receiver_time`, `closing_time`, `user_message`, `logistics_id`, `transaction_id`, `order_type`, `market_id`, `relation_id`, `remark`) VALUES ('1390283278353735682', '1', '1261176336950480898', '0', '2021-05-06 20:32:18', '2021-05-06 20:32:18', 'MA', 'wxb5816383d0305790', '1385064426583863297', '1390283278195359744', '2', '2', '1', 'JSAPI', '1', '华为 9 4800万超广角三摄 6GB+128GB全息幻彩蓝 骁龙855 全网通4G 双卡双待 水滴全面屏拍照智能游戏手机', '1', NULL, 0.00, 0.01, 0.00, 0.00, 0.01, 0, '2021-05-06 20:32:28', NULL, NULL, NULL, NULL, NULL, '4200001022202105063417145556', '0', NULL, NULL, NULL);
INSERT INTO `order_info` (`id`, `tenant_id`, `shop_id`, `del_flag`, `create_time`, `update_time`, `app_type`, `app_id`, `user_id`, `order_no`, `payment_way`, `delivery_way`, `payment_type`, `trade_type`, `is_pay`, `name`, `status`, `appraises_status`, `freight_price`, `sales_price`, `payment_points_price`, `payment_coupon_price`, `payment_price`, `payment_points`, `payment_time`, `delivery_time`, `receiver_time`, `closing_time`, `user_message`, `logistics_id`, `transaction_id`, `order_type`, `market_id`, `relation_id`, `remark`) VALUES ('1390290931075334146', '1', '1261176336950480898', '0', '2021-05-06 21:02:43', '2021-05-06 21:02:42', 'MA', 'wxb5816383d0305790', '1385064426583863297', '1390290930967248896', '2', '2', '1', 'JSAPI', '1', '华为 9 4800万超广角三摄 6GB+128GB全息幻彩蓝 骁龙855 全网通4G 双卡双待 水滴全面屏拍照智能游戏手机', '1', NULL, 0.00, 0.01, 0.00, 0.00, 0.01, 0, '2021-05-06 21:03:00', NULL, NULL, NULL, NULL, NULL, '4200001021202105060710698060', '0', NULL, NULL, NULL);
INSERT INTO `order_info` (`id`, `tenant_id`, `shop_id`, `del_flag`, `create_time`, `update_time`, `app_type`, `app_id`, `user_id`, `order_no`, `payment_way`, `delivery_way`, `payment_type`, `trade_type`, `is_pay`, `name`, `status`, `appraises_status`, `freight_price`, `sales_price`, `payment_points_price`, `payment_coupon_price`, `payment_price`, `payment_points`, `payment_time`, `delivery_time`, `receiver_time`, `closing_time`, `user_message`, `logistics_id`, `transaction_id`, `order_type`, `market_id`, `relation_id`, `remark`) VALUES ('1390291785157263362', '1', '1261176336950480898', '0', '2021-05-06 21:06:07', '2021-05-06 21:06:06', 'MA', 'wxb5816383d0305790', '1385064426583863297', '1390291785120481280', '2', '2', '1', 'JSAPI', '1', '华为 9 4800万超广角三摄 6GB+128GB全息幻彩蓝 骁龙855 全网通4G 双卡双待 水滴全面屏拍照智能游戏手机', '3', '0', 0.00, 0.01, 0.00, 0.00, 0.01, 0, '2021-05-06 21:06:17', NULL, '2021-06-03 12:15:21', NULL, NULL, NULL, '4200001017202105065473183586', '0', NULL, NULL, NULL);
INSERT INTO `order_info` (`id`, `tenant_id`, `shop_id`, `del_flag`, `create_time`, `update_time`, `app_type`, `app_id`, `user_id`, `order_no`, `payment_way`, `delivery_way`, `payment_type`, `trade_type`, `is_pay`, `name`, `status`, `appraises_status`, `freight_price`, `sales_price`, `payment_points_price`, `payment_coupon_price`, `payment_price`, `payment_points`, `payment_time`, `delivery_time`, `receiver_time`, `closing_time`, `user_message`, `logistics_id`, `transaction_id`, `order_type`, `market_id`, `relation_id`, `remark`) VALUES ('1390292443755249665', '1', '1261176336950480898', '0', '2021-05-06 21:08:44', '2021-05-06 21:08:43', 'MA', 'wxb5816383d0305790', '1385064426583863297', '1390292443642986496', '2', '2', '1', 'JSAPI', '1', '华为 9 4800万超广角三摄 6GB+128GB全息幻彩蓝 骁龙855 全网通4G 双卡双待 水滴全面屏拍照智能游戏手机', '3', '0', 0.00, 0.01, 0.00, 0.00, 0.01, 0, '2021-05-06 21:08:53', NULL, '2021-06-03 12:15:17', NULL, NULL, NULL, '4200001004202105065809347611', '0', NULL, NULL, NULL);
INSERT INTO `order_info` (`id`, `tenant_id`, `shop_id`, `del_flag`, `create_time`, `update_time`, `app_type`, `app_id`, `user_id`, `order_no`, `payment_way`, `delivery_way`, `payment_type`, `trade_type`, `is_pay`, `name`, `status`, `appraises_status`, `freight_price`, `sales_price`, `payment_points_price`, `payment_coupon_price`, `payment_price`, `payment_points`, `payment_time`, `delivery_time`, `receiver_time`, `closing_time`, `user_message`, `logistics_id`, `transaction_id`, `order_type`, `market_id`, `relation_id`, `remark`) VALUES ('1390292648038825985', '1', '1261176336950480898', '0', '2021-05-06 21:09:32', '2021-05-06 21:09:32', 'MA', 'wxb5816383d0305790', '1385064426583863297', '1390292648006254592', '2', '2', '1', 'JSAPI', '1', '华为 9 4800万超广角三摄 6GB+128GB全息幻彩蓝 骁龙855 全网通4G 双卡双待 水滴全面屏拍照智能游戏手机', '3', '0', 0.00, 0.01, 0.00, 0.00, 0.01, 0, '2021-05-06 21:09:42', NULL, '2021-06-03 12:15:18', NULL, NULL, NULL, '4200001004202105067933755438', '0', NULL, NULL, NULL);
INSERT INTO `order_info` (`id`, `tenant_id`, `shop_id`, `del_flag`, `create_time`, `update_time`, `app_type`, `app_id`, `user_id`, `order_no`, `payment_way`, `delivery_way`, `payment_type`, `trade_type`, `is_pay`, `name`, `status`, `appraises_status`, `freight_price`, `sales_price`, `payment_points_price`, `payment_coupon_price`, `payment_price`, `payment_points`, `payment_time`, `delivery_time`, `receiver_time`, `closing_time`, `user_message`, `logistics_id`, `transaction_id`, `order_type`, `market_id`, `relation_id`, `remark`) VALUES ('1390292848685940738', '1', '1261176336950480898', '0', '2021-05-06 21:10:20', '2021-06-03 12:10:48', 'MA', 'wxb5816383d0305790', '1385064426583863297', '1390292848649175040', '2', '2', '1', 'JSAPI', '1', '华为 9 4800万超广角三摄 6GB+128GB全息幻彩蓝 骁龙855 全网通4G 双卡双待 水滴全面屏拍照智能游戏手机', '3', '1', 0.00, 0.01, 0.00, 0.00, 0.01, 0, '2021-05-06 21:10:31', NULL, '2021-06-03 12:10:13', '2021-06-03 12:10:49', NULL, NULL, '4200001007202105061378371825', '0', NULL, NULL, NULL);
INSERT INTO `order_info` (`id`, `tenant_id`, `shop_id`, `del_flag`, `create_time`, `update_time`, `app_type`, `app_id`, `user_id`, `order_no`, `payment_way`, `delivery_way`, `payment_type`, `trade_type`, `is_pay`, `name`, `status`, `appraises_status`, `freight_price`, `sales_price`, `payment_points_price`, `payment_coupon_price`, `payment_price`, `payment_points`, `payment_time`, `delivery_time`, `receiver_time`, `closing_time`, `user_message`, `logistics_id`, `transaction_id`, `order_type`, `market_id`, `relation_id`, `remark`) VALUES ('1390293139036635138', '1', '1261176336950480898', '0', '2021-05-06 21:11:29', '2021-06-03 11:46:12', 'MA', 'wxb5816383d0305790', '1385064426583863297', '1390293139008258048', '2', '2', '1', 'JSAPI', '1', '华为 9 4800万超广角三摄 6GB+128GB全息幻彩蓝 骁龙855 全网通4G 双卡双待 水滴全面屏拍照智能游戏手机', '3', '1', 0.00, 0.01, 0.00, 0.00, 0.01, 0, '2021-05-06 21:11:40', NULL, '2021-06-03 09:59:52', '2021-06-03 11:46:12', NULL, NULL, '4200001001202105062127242123', '0', NULL, NULL, NULL);
INSERT INTO `order_info` (`id`, `tenant_id`, `shop_id`, `del_flag`, `create_time`, `update_time`, `app_type`, `app_id`, `user_id`, `order_no`, `payment_way`, `delivery_way`, `payment_type`, `trade_type`, `is_pay`, `name`, `status`, `appraises_status`, `freight_price`, `sales_price`, `payment_points_price`, `payment_coupon_price`, `payment_price`, `payment_points`, `payment_time`, `delivery_time`, `receiver_time`, `closing_time`, `user_message`, `logistics_id`, `transaction_id`, `order_type`, `market_id`, `relation_id`, `remark`) VALUES ('1390490908309389314', '1', '1261193346845495297', '0', '2021-05-07 10:17:21', '2021-05-07 10:19:45', 'MA', 'wxb5816383d0305790', '1385064426583863297', '1390490908276817920', '2', '2', '1', 'JSAPI', '1', 'Apple手机特卖', '5', NULL, 0.00, 6.00, 0.00, 0.00, 6.00, 0, '2021-05-07 10:17:34', NULL, NULL, NULL, NULL, NULL, '4200001009202105070867940132', '0', NULL, NULL, NULL);
INSERT INTO `order_info` (`id`, `tenant_id`, `shop_id`, `del_flag`, `create_time`, `update_time`, `app_type`, `app_id`, `user_id`, `order_no`, `payment_way`, `delivery_way`, `payment_type`, `trade_type`, `is_pay`, `name`, `status`, `appraises_status`, `freight_price`, `sales_price`, `payment_points_price`, `payment_coupon_price`, `payment_price`, `payment_points`, `payment_time`, `delivery_time`, `receiver_time`, `closing_time`, `user_message`, `logistics_id`, `transaction_id`, `order_type`, `market_id`, `relation_id`, `remark`) VALUES ('1390491533759807490', '1', '1261193346845495297', '0', '2021-05-07 10:19:50', '2021-05-07 10:29:26', 'MA', 'wxb5816383d0305790', '1385064426583863297', '1390491533735624704', '2', '2', '1', 'JSAPI', '1', 'Apple手机特卖', '5', NULL, 0.00, 6.00, 0.00, 0.00, 6.00, 0, '2021-05-07 10:20:01', NULL, NULL, NULL, NULL, NULL, '4200001008202105077193429370', '0', NULL, NULL, NULL);
INSERT INTO `order_info` (`id`, `tenant_id`, `shop_id`, `del_flag`, `create_time`, `update_time`, `app_type`, `app_id`, `user_id`, `order_no`, `payment_way`, `delivery_way`, `payment_type`, `trade_type`, `is_pay`, `name`, `status`, `appraises_status`, `freight_price`, `sales_price`, `payment_points_price`, `payment_coupon_price`, `payment_price`, `payment_points`, `payment_time`, `delivery_time`, `receiver_time`, `closing_time`, `user_message`, `logistics_id`, `transaction_id`, `order_type`, `market_id`, `relation_id`, `remark`) VALUES ('1390492358636797953', '1', '1261193346845495297', '0', '2021-05-07 10:23:07', '2021-05-07 10:29:13', 'MA', 'wxb5816383d0305790', '1385064426583863297', '1390492358616809472', '2', '2', '1', 'JSAPI', '1', 'Apple手机特卖', '5', NULL, 0.00, 6.00, 0.00, 0.00, 6.00, 0, '2021-05-07 10:23:26', NULL, NULL, NULL, NULL, NULL, '4200001016202105072971621717', '0', NULL, NULL, NULL);
INSERT INTO `order_info` (`id`, `tenant_id`, `shop_id`, `del_flag`, `create_time`, `update_time`, `app_type`, `app_id`, `user_id`, `order_no`, `payment_way`, `delivery_way`, `payment_type`, `trade_type`, `is_pay`, `name`, `status`, `appraises_status`, `freight_price`, `sales_price`, `payment_points_price`, `payment_coupon_price`, `payment_price`, `payment_points`, `payment_time`, `delivery_time`, `receiver_time`, `closing_time`, `user_message`, `logistics_id`, `transaction_id`, `order_type`, `market_id`, `relation_id`, `remark`) VALUES ('1390492703710576641', '1', '1261193346845495297', '0', '2021-05-07 10:24:29', '2021-05-07 10:29:06', 'MA', 'wxb5816383d0305790', '1385064426583863297', '1390492703711559680', '2', '2', '1', 'JSAPI', '1', 'Apple手机特卖', '5', NULL, 0.00, 6.00, 0.00, 0.00, 6.00, 0, '2021-05-07 10:24:40', NULL, NULL, NULL, NULL, NULL, '4200001011202105071851107856', '0', NULL, NULL, NULL);
INSERT INTO `order_info` (`id`, `tenant_id`, `shop_id`, `del_flag`, `create_time`, `update_time`, `app_type`, `app_id`, `user_id`, `order_no`, `payment_way`, `delivery_way`, `payment_type`, `trade_type`, `is_pay`, `name`, `status`, `appraises_status`, `freight_price`, `sales_price`, `payment_points_price`, `payment_coupon_price`, `payment_price`, `payment_points`, `payment_time`, `delivery_time`, `receiver_time`, `closing_time`, `user_message`, `logistics_id`, `transaction_id`, `order_type`, `market_id`, `relation_id`, `remark`) VALUES ('1390493173443276802', '1', '1261193346845495297', '0', '2021-05-07 10:26:21', '2021-05-07 10:28:59', 'MA', 'wxb5816383d0305790', '1385064426583863297', '1390493173335195648', '2', '2', '1', 'JSAPI', '1', 'Apple手机特卖', '5', NULL, 0.00, 6.00, 0.00, 0.00, 6.00, 0, '2021-05-07 10:26:32', NULL, NULL, NULL, NULL, NULL, '4200001022202105078254323280', '0', NULL, NULL, NULL);
INSERT INTO `order_info` (`id`, `tenant_id`, `shop_id`, `del_flag`, `create_time`, `update_time`, `app_type`, `app_id`, `user_id`, `order_no`, `payment_way`, `delivery_way`, `payment_type`, `trade_type`, `is_pay`, `name`, `status`, `appraises_status`, `freight_price`, `sales_price`, `payment_points_price`, `payment_coupon_price`, `payment_price`, `payment_points`, `payment_time`, `delivery_time`, `receiver_time`, `closing_time`, `user_message`, `logistics_id`, `transaction_id`, `order_type`, `market_id`, `relation_id`, `remark`) VALUES ('1390494491822075905', '1', '1261193346845495297', '0', '2021-05-07 10:31:36', '2021-05-08 12:14:00', 'MA', 'wxb5816383d0305790', '1385064426583863297', '1390494491747549184', '2', '2', '1', 'JSAPI', '1', 'Apple手机特卖', '5', NULL, 0.00, 16.00, 0.00, 0.00, 16.00, 0, '2021-05-07 10:31:51', NULL, NULL, NULL, NULL, NULL, '4200001009202105073938742760', '0', NULL, NULL, NULL);
INSERT INTO `order_info` (`id`, `tenant_id`, `shop_id`, `del_flag`, `create_time`, `update_time`, `app_type`, `app_id`, `user_id`, `order_no`, `payment_way`, `delivery_way`, `payment_type`, `trade_type`, `is_pay`, `name`, `status`, `appraises_status`, `freight_price`, `sales_price`, `payment_points_price`, `payment_coupon_price`, `payment_price`, `payment_points`, `payment_time`, `delivery_time`, `receiver_time`, `closing_time`, `user_message`, `logistics_id`, `transaction_id`, `order_type`, `market_id`, `relation_id`, `remark`) VALUES ('1390873516503560194', '1', '1261193346845495297', '0', '2021-05-08 11:37:42', '2021-05-08 11:45:35', 'MA', 'wxb5816383d0305790', '1385064426583863297', '1390873516433211392', '2', '2', '1', 'JSAPI', '1', '商城流程演示商品，不发货不退款，请谨慎够买', '5', NULL, 0.00, 12.00, 0.00, 0.00, 12.00, 0, '2021-05-08 11:37:59', NULL, NULL, NULL, NULL, NULL, '4200001024202105089423651220', '0', NULL, NULL, NULL);
INSERT INTO `order_info` (`id`, `tenant_id`, `shop_id`, `del_flag`, `create_time`, `update_time`, `app_type`, `app_id`, `user_id`, `order_no`, `payment_way`, `delivery_way`, `payment_type`, `trade_type`, `is_pay`, `name`, `status`, `appraises_status`, `freight_price`, `sales_price`, `payment_points_price`, `payment_coupon_price`, `payment_price`, `payment_points`, `payment_time`, `delivery_time`, `receiver_time`, `closing_time`, `user_message`, `logistics_id`, `transaction_id`, `order_type`, `market_id`, `relation_id`, `remark`) VALUES ('1390875534970404866', '1', '1261193346845495297', '0', '2021-05-08 11:45:43', '2021-05-08 12:13:41', 'MA', 'wxb5816383d0305790', '1385064426583863297', '1390875534853931008', '2', '2', '1', 'JSAPI', '1', 'Apple手机特卖', '5', NULL, 0.00, 11.00, 0.00, 0.00, 11.00, 0, '2021-05-08 11:45:56', NULL, NULL, NULL, NULL, NULL, '4200001020202105083656282915', '0', NULL, NULL, NULL);
INSERT INTO `order_info` (`id`, `tenant_id`, `shop_id`, `del_flag`, `create_time`, `update_time`, `app_type`, `app_id`, `user_id`, `order_no`, `payment_way`, `delivery_way`, `payment_type`, `trade_type`, `is_pay`, `name`, `status`, `appraises_status`, `freight_price`, `sales_price`, `payment_points_price`, `payment_coupon_price`, `payment_price`, `payment_points`, `payment_time`, `delivery_time`, `receiver_time`, `closing_time`, `user_message`, `logistics_id`, `transaction_id`, `order_type`, `market_id`, `relation_id`, `remark`) VALUES ('1392055441230417922', '1', '1261193346845495297', '0', '2021-05-11 17:54:15', '2021-05-11 18:09:59', 'MA', 'wxb5816383d0305790', '1385064426583863297', '1392055441176920064', '2', '2', '1', 'JSAPI', '1', '商城流程演示商品，不发货不退款，请谨慎够买', '5', NULL, 0.00, 12.00, 0.00, 0.00, 12.00, 0, '2021-05-11 17:54:31', NULL, NULL, NULL, NULL, NULL, '4200001021202105116845351003', '0', NULL, NULL, NULL);
INSERT INTO `order_info` (`id`, `tenant_id`, `shop_id`, `del_flag`, `create_time`, `update_time`, `app_type`, `app_id`, `user_id`, `order_no`, `payment_way`, `delivery_way`, `payment_type`, `trade_type`, `is_pay`, `name`, `status`, `appraises_status`, `freight_price`, `sales_price`, `payment_points_price`, `payment_coupon_price`, `payment_price`, `payment_points`, `payment_time`, `delivery_time`, `receiver_time`, `closing_time`, `user_message`, `logistics_id`, `transaction_id`, `order_type`, `market_id`, `relation_id`, `remark`) VALUES ('1400278150959628290', '1', '1261193346845495297', '0', '2021-06-03 10:28:22', '2021-06-03 11:54:02', 'MA', 'wxf5a8653b9e669137', '1385064426583863297', '1400278150897729536', '2', '2', '1', 'JSAPI', '1', 'Apple iPhone 11 (A2223) 128GB 黑色', '3', '1', 0.00, 0.07, 0.00, 0.00, 0.07, 0, '2021-06-03 10:29:47', NULL, '2021-06-03 10:30:02', '2021-06-03 11:54:02', NULL, NULL, '4200001019202106030778382172', '0', NULL, NULL, NULL);
INSERT INTO `order_info` (`id`, `tenant_id`, `shop_id`, `del_flag`, `create_time`, `update_time`, `app_type`, `app_id`, `user_id`, `order_no`, `payment_way`, `delivery_way`, `payment_type`, `trade_type`, `is_pay`, `name`, `status`, `appraises_status`, `freight_price`, `sales_price`, `payment_points_price`, `payment_coupon_price`, `payment_price`, `payment_points`, `payment_time`, `delivery_time`, `receiver_time`, `closing_time`, `user_message`, `logistics_id`, `transaction_id`, `order_type`, `market_id`, `relation_id`, `remark`) VALUES ('1417313190591676417', '1', '1261193346845495297', '0', '2021-07-20 10:39:32', '2021-07-20 10:39:31', 'MA', 'wxf5a8653b9e669137', '1385064426583863297', '1417313190542311424', '2', '2', '1', NULL, '0', 'Apple iPhone移动联通电信4G手机 双卡双待', '5', NULL, 0.00, 0.02, 0.00, 0.00, 0.02, 0, NULL, NULL, NULL, NULL, NULL, NULL, NULL, '0', NULL, NULL, NULL);
INSERT INTO `order_info` (`id`, `tenant_id`, `shop_id`, `del_flag`, `create_time`, `update_time`, `app_type`, `app_id`, `user_id`, `order_no`, `payment_way`, `delivery_way`, `payment_type`, `trade_type`, `is_pay`, `name`, `status`, `appraises_status`, `freight_price`, `sales_price`, `payment_points_price`, `payment_coupon_price`, `payment_price`, `payment_points`, `payment_time`, `delivery_time`, `receiver_time`, `closing_time`, `user_message`, `logistics_id`, `transaction_id`, `order_type`, `market_id`, `relation_id`, `remark`) VALUES ('1417313364063895553', '1', '1261193631538073602', '0', '2021-07-20 10:40:13', '2021-07-20 10:40:13', 'MA', 'wxf5a8653b9e669137', '1385064426583863297', '1417313364035502080', '2', '2', '1', NULL, '0', 'Redmi K30 王一博同款 120Hz流速屏 前置挖孔双摄 索尼6400万后置四摄 4500mAh超长续航 27W快充 6GB+128GB 紫玉幻境 游戏智能手机 小米 红米', '5', NULL, 0.00, 2689.00, 0.00, 403.35, 2285.65, 0, NULL, NULL, NULL, NULL, NULL, NULL, NULL, '0', NULL, NULL, NULL);
INSERT INTO `order_info` (`id`, `tenant_id`, `shop_id`, `del_flag`, `create_time`, `update_time`, `app_type`, `app_id`, `user_id`, `order_no`, `payment_way`, `delivery_way`, `payment_type`, `trade_type`, `is_pay`, `name`, `status`, `appraises_status`, `freight_price`, `sales_price`, `payment_points_price`, `payment_coupon_price`, `payment_price`, `payment_points`, `payment_time`, `delivery_time`, `receiver_time`, `closing_time`, `user_message`, `logistics_id`, `transaction_id`, `order_type`, `market_id`, `relation_id`, `remark`) VALUES ('1417314190752845825', '1', '1261176336950480898', '0', '2021-07-20 10:43:24', '2021-07-20 10:43:30', 'MA', 'wxf5a8653b9e669137', '1385064426583863297', '1417314164543586304', '2', '1', '1', NULL, '0', '华为 HUAWEI Mate 30 麒麟990旗舰芯片4000万超感光徕卡影像屏内指纹8G+128GB星河银4G全网通版游戏手机', '5', NULL, 5.00, 4599.00, 229.00, 0.00, 4375.00, 229, NULL, NULL, NULL, NULL, NULL, '1417314190622822402', NULL, '0', NULL, NULL, NULL);
INSERT INTO `order_info` (`id`, `tenant_id`, `shop_id`, `del_flag`, `create_time`, `update_time`, `app_type`, `app_id`, `user_id`, `order_no`, `payment_way`, `delivery_way`, `payment_type`, `trade_type`, `is_pay`, `name`, `status`, `appraises_status`, `freight_price`, `sales_price`, `payment_points_price`, `payment_coupon_price`, `payment_price`, `payment_points`, `payment_time`, `delivery_time`, `receiver_time`, `closing_time`, `user_message`, `logistics_id`, `transaction_id`, `order_type`, `market_id`, `relation_id`, `remark`) VALUES ('1417314424191029249', '1', '1261176336950480898', '0', '2021-07-20 10:43:43', '2021-07-20 10:44:25', 'MA', 'wxf5a8653b9e669137', '1385064426583863297', '1417314246106021888', '2', '1', '1', NULL, '0', '华为 HUAWEI Mate 30 麒麟990旗舰芯片4000万超感光徕卡影像屏内指纹8G+128GB星河银4G全网通版游戏手机', '5', NULL, 5.00, 4599.00, 0.00, 0.00, 4604.00, 0, NULL, NULL, NULL, NULL, NULL, '1417314424174252034', NULL, '0', NULL, NULL, NULL);
INSERT INTO `order_info` (`id`, `tenant_id`, `shop_id`, `del_flag`, `create_time`, `update_time`, `app_type`, `app_id`, `user_id`, `order_no`, `payment_way`, `delivery_way`, `payment_type`, `trade_type`, `is_pay`, `name`, `status`, `appraises_status`, `freight_price`, `sales_price`, `payment_points_price`, `payment_coupon_price`, `payment_price`, `payment_points`, `payment_time`, `delivery_time`, `receiver_time`, `closing_time`, `user_message`, `logistics_id`, `transaction_id`, `order_type`, `market_id`, `relation_id`, `remark`) VALUES ('1417315000320552962', '1', '1261176336950480898', '0', '2021-07-20 10:46:30', '2021-07-20 10:46:43', 'MA', 'wxf5a8653b9e669137', '1385064426583863297', '1417314944889651200', '2', '1', '1', NULL, '0', '华为 HUAWEI Mate 30 麒麟990旗舰芯片4000万超感光徕卡影像屏内指纹8G+128GB星河银4G全网通版游戏手机', '5', NULL, 5.00, 4599.00, 0.00, 0.00, 4604.00, 0, NULL, NULL, NULL, NULL, NULL, '1417315000190529537', NULL, '0', NULL, NULL, NULL);
INSERT INTO `order_info` (`id`, `tenant_id`, `shop_id`, `del_flag`, `create_time`, `update_time`, `app_type`, `app_id`, `user_id`, `order_no`, `payment_way`, `delivery_way`, `payment_type`, `trade_type`, `is_pay`, `name`, `status`, `appraises_status`, `freight_price`, `sales_price`, `payment_points_price`, `payment_coupon_price`, `payment_price`, `payment_points`, `payment_time`, `delivery_time`, `receiver_time`, `closing_time`, `user_message`, `logistics_id`, `transaction_id`, `order_type`, `market_id`, `relation_id`, `remark`) VALUES ('1417319338954780673', '1', '1261176336950480898', '0', '2021-07-20 11:03:41', '2021-07-20 11:03:57', 'MA', 'wxf5a8653b9e669137', '1385064426583863297', '1417319271100317696', '2', '1', '1', NULL, '0', '华为 HUAWEI Mate 30 麒麟990旗舰芯片4000万超感光徕卡影像屏内指纹8G+128GB星河银4G全网通版游戏手机', '5', NULL, 5.00, 4599.00, 0.00, 0.00, 4604.00, 0, NULL, NULL, NULL, NULL, NULL, '1417319338849923074', NULL, '0', NULL, NULL, NULL);
INSERT INTO `order_info` (`id`, `tenant_id`, `shop_id`, `del_flag`, `create_time`, `update_time`, `app_type`, `app_id`, `user_id`, `order_no`, `payment_way`, `delivery_way`, `payment_type`, `trade_type`, `is_pay`, `name`, `status`, `appraises_status`, `freight_price`, `sales_price`, `payment_points_price`, `payment_coupon_price`, `payment_price`, `payment_points`, `payment_time`, `delivery_time`, `receiver_time`, `closing_time`, `user_message`, `logistics_id`, `transaction_id`, `order_type`, `market_id`, `relation_id`, `remark`) VALUES ('1417319611584540674', '1', '1261176336950480898', '0', '2021-07-20 11:05:03', '2021-07-20 11:05:02', 'MA', 'wxf5a8653b9e669137', '1385064426583863297', '1417319611472281600', '2', '1', '1', NULL, '0', '华为 HUAWEI Mate 30 麒麟990旗舰芯片4000万超感光徕卡影像屏内指纹8G+128GB星河银4G全网通版游戏手机', '5', NULL, 5.00, 4499.00, 0.00, 899.80, 3604.20, 0, NULL, NULL, NULL, NULL, NULL, '1417319611525820417', NULL, '0', NULL, NULL, NULL);
INSERT INTO `order_info` (`id`, `tenant_id`, `shop_id`, `del_flag`, `create_time`, `update_time`, `app_type`, `app_id`, `user_id`, `order_no`, `payment_way`, `delivery_way`, `payment_type`, `trade_type`, `is_pay`, `name`, `status`, `appraises_status`, `freight_price`, `sales_price`, `payment_points_price`, `payment_coupon_price`, `payment_price`, `payment_points`, `payment_time`, `delivery_time`, `receiver_time`, `closing_time`, `user_message`, `logistics_id`, `transaction_id`, `order_type`, `market_id`, `relation_id`, `remark`) VALUES ('1417319654219640833', '1', '1261176336950480898', '0', '2021-07-20 11:05:13', '2021-07-20 11:05:12', 'MA', 'wxf5a8653b9e669137', '1385064426583863297', '1417319654161907712', '2', '1', '1', NULL, '0', '华为 HUAWEI Mate 30 麒麟990旗舰芯片4000万超感光徕卡影像屏内指纹8G+128GB星河银4G全网通版游戏手机', '5', NULL, 5.00, 4499.00, 224.00, 0.00, 4280.00, 224, NULL, NULL, NULL, NULL, NULL, '1417319654165114882', NULL, '0', NULL, NULL, NULL);
INSERT INTO `order_info` (`id`, `tenant_id`, `shop_id`, `del_flag`, `create_time`, `update_time`, `app_type`, `app_id`, `user_id`, `order_no`, `payment_way`, `delivery_way`, `payment_type`, `trade_type`, `is_pay`, `name`, `status`, `appraises_status`, `freight_price`, `sales_price`, `payment_points_price`, `payment_coupon_price`, `payment_price`, `payment_points`, `payment_time`, `delivery_time`, `receiver_time`, `closing_time`, `user_message`, `logistics_id`, `transaction_id`, `order_type`, `market_id`, `relation_id`, `remark`) VALUES ('1417319719558508545', '1', '1261176336950480898', '0', '2021-07-20 11:05:28', '2021-07-20 11:05:28', 'MA', 'wxf5a8653b9e669137', '1385064426583863297', '1417319719492386816', '2', '1', '1', NULL, '0', '华为 HUAWEI Mate 30 麒麟990旗舰芯片4000万超感光徕卡影像屏内指纹8G+128GB星河银4G全网通版游戏手机', '5', NULL, 5.00, 4499.00, 0.00, 0.00, 4504.00, 0, NULL, NULL, NULL, NULL, NULL, '1417319719545925634', NULL, '0', NULL, NULL, NULL);
INSERT INTO `order_info` (`id`, `tenant_id`, `shop_id`, `del_flag`, `create_time`, `update_time`, `app_type`, `app_id`, `user_id`, `order_no`, `payment_way`, `delivery_way`, `payment_type`, `trade_type`, `is_pay`, `name`, `status`, `appraises_status`, `freight_price`, `sales_price`, `payment_points_price`, `payment_coupon_price`, `payment_price`, `payment_points`, `payment_time`, `delivery_time`, `receiver_time`, `closing_time`, `user_message`, `logistics_id`, `transaction_id`, `order_type`, `market_id`, `relation_id`, `remark`) VALUES ('1417320374905925633', '1', '1261193631538073602', '0', '2021-07-20 11:06:08', '2021-07-20 11:08:04', 'MA', 'wxf5a8653b9e669137', '1385064426583863297', '1417319887889498112', '2', '1', '1', NULL, '0', 'Redmi K30 王一博同款 120Hz流速屏 前置挖孔双摄 索尼6400万后置四摄 4500mAh超长续航 27W快充 6GB+128GB 紫玉幻境 游戏智能手机 小米 红米', '5', NULL, 0.00, 2689.00, 134.00, 403.35, 2151.65, 134, NULL, NULL, NULL, NULL, NULL, '1417320374838816770', NULL, '0', NULL, NULL, NULL);
INSERT INTO `order_info` (`id`, `tenant_id`, `shop_id`, `del_flag`, `create_time`, `update_time`, `app_type`, `app_id`, `user_id`, `order_no`, `payment_way`, `delivery_way`, `payment_type`, `trade_type`, `is_pay`, `name`, `status`, `appraises_status`, `freight_price`, `sales_price`, `payment_points_price`, `payment_coupon_price`, `payment_price`, `payment_points`, `payment_time`, `delivery_time`, `receiver_time`, `closing_time`, `user_message`, `logistics_id`, `transaction_id`, `order_type`, `market_id`, `relation_id`, `remark`) VALUES ('1417320743111331842', '1', '1261176336950480898', '0', '2021-07-20 11:09:32', '2021-07-20 11:09:32', 'MA', 'wxf5a8653b9e669137', '1385064426583863297', '1417320742906757120', '2', '1', '1', NULL, '0', '华为 HUAWEI Mate 30 麒麟990旗舰芯片4000万超感光徕卡影像屏内指纹8G+128GB星河银4G全网通版游戏手机', '5', NULL, 5.00, 4499.00, 224.00, 899.80, 3380.20, 224, NULL, NULL, NULL, NULL, NULL, '1417320743002279938', NULL, '0', NULL, NULL, NULL);
INSERT INTO `order_info` (`id`, `tenant_id`, `shop_id`, `del_flag`, `create_time`, `update_time`, `app_type`, `app_id`, `user_id`, `order_no`, `payment_way`, `delivery_way`, `payment_type`, `trade_type`, `is_pay`, `name`, `status`, `appraises_status`, `freight_price`, `sales_price`, `payment_points_price`, `payment_coupon_price`, `payment_price`, `payment_points`, `payment_time`, `delivery_time`, `receiver_time`, `closing_time`, `user_message`, `logistics_id`, `transaction_id`, `order_type`, `market_id`, `relation_id`, `remark`) VALUES ('1417320858790236162', '1', '1261176336950480898', '0', '2021-07-20 11:10:00', '2021-07-20 11:09:59', 'MA', 'wxf5a8653b9e669137', '1385064426583863297', '1417320858749239296', '2', '2', '1', NULL, '0', '华为 HUAWEI Mate 30 麒麟990旗舰芯片4000万超感光徕卡影像屏内指纹8G+128GB星河银4G全网通版游戏手机', '5', NULL, 0.00, 4599.00, 229.00, 919.80, 3450.20, 229, NULL, NULL, NULL, NULL, NULL, NULL, NULL, '0', NULL, NULL, NULL);
INSERT INTO `order_info` (`id`, `tenant_id`, `shop_id`, `del_flag`, `create_time`, `update_time`, `app_type`, `app_id`, `user_id`, `order_no`, `payment_way`, `delivery_way`, `payment_type`, `trade_type`, `is_pay`, `name`, `status`, `appraises_status`, `freight_price`, `sales_price`, `payment_points_price`, `payment_coupon_price`, `payment_price`, `payment_points`, `payment_time`, `delivery_time`, `receiver_time`, `closing_time`, `user_message`, `logistics_id`, `transaction_id`, `order_type`, `market_id`, `relation_id`, `remark`) VALUES ('1417321167172243459', '1', '1261193631538073602', '0', '2021-07-20 11:11:13', '2021-07-20 11:11:13', 'MA', 'wxf5a8653b9e669137', '1385064426583863297', '1417321167072526336', '2', '1', '1', NULL, '0', 'Redmi K30 王一博同款 120Hz流速屏 前置挖孔双摄 索尼6400万后置四摄 4500mAh超长续航 27W快充 6GB+128GB 紫玉幻境 游戏智能手机 小米 红米', '5', NULL, 0.00, 1698.00, 84.00, 254.70, 1359.30, 84, NULL, NULL, NULL, NULL, NULL, '1417321167172243458', NULL, '0', NULL, NULL, NULL);
INSERT INTO `order_info` (`id`, `tenant_id`, `shop_id`, `del_flag`, `create_time`, `update_time`, `app_type`, `app_id`, `user_id`, `order_no`, `payment_way`, `delivery_way`, `payment_type`, `trade_type`, `is_pay`, `name`, `status`, `appraises_status`, `freight_price`, `sales_price`, `payment_points_price`, `payment_coupon_price`, `payment_price`, `payment_points`, `payment_time`, `delivery_time`, `receiver_time`, `closing_time`, `user_message`, `logistics_id`, `transaction_id`, `order_type`, `market_id`, `relation_id`, `remark`) VALUES ('1417321167474233345', '1', '1261176336950480898', '0', '2021-07-20 11:11:14', '2021-07-20 11:11:13', 'MA', 'wxf5a8653b9e669137', '1385064426583863297', '1417321167357739008', '2', '1', '1', NULL, '0', '华为 HUAWEI Mate 30 麒麟990旗舰芯片4000万超感光徕卡影像屏内指纹8G+128GB星河银4G全网通版游戏手机', '5', NULL, 5.00, 9198.00, 459.00, 1839.60, 6904.40, 459, NULL, NULL, NULL, NULL, NULL, '1417321167457456129', NULL, '0', NULL, NULL, NULL);
INSERT INTO `order_info` (`id`, `tenant_id`, `shop_id`, `del_flag`, `create_time`, `update_time`, `app_type`, `app_id`, `user_id`, `order_no`, `payment_way`, `delivery_way`, `payment_type`, `trade_type`, `is_pay`, `name`, `status`, `appraises_status`, `freight_price`, `sales_price`, `payment_points_price`, `payment_coupon_price`, `payment_price`, `payment_points`, `payment_time`, `delivery_time`, `receiver_time`, `closing_time`, `user_message`, `logistics_id`, `transaction_id`, `order_type`, `market_id`, `relation_id`, `remark`) VALUES ('1417323366820450306', '1', '1261176336950480898', '0', '2021-07-20 11:19:46', '2021-07-20 11:19:57', 'MA', 'wxf5a8653b9e669137', '1385064426583863297', '1417323316787544064', '2', '1', '1', NULL, '0', '华为 HUAWEI Mate 30 麒麟990旗舰芯片4000万超感光徕卡影像屏内指纹8G+128GB星河银4G全网通版游戏手机', '5', NULL, 5.00, 4499.00, 224.00, 0.00, 4280.00, 224, NULL, NULL, NULL, NULL, NULL, '1417323366761730050', NULL, '0', NULL, NULL, NULL);
INSERT INTO `order_info` (`id`, `tenant_id`, `shop_id`, `del_flag`, `create_time`, `update_time`, `app_type`, `app_id`, `user_id`, `order_no`, `payment_way`, `delivery_way`, `payment_type`, `trade_type`, `is_pay`, `name`, `status`, `appraises_status`, `freight_price`, `sales_price`, `payment_points_price`, `payment_coupon_price`, `payment_price`, `payment_points`, `payment_time`, `delivery_time`, `receiver_time`, `closing_time`, `user_message`, `logistics_id`, `transaction_id`, `order_type`, `market_id`, `relation_id`, `remark`) VALUES ('1417323493698146306', '1', '1261176336950480898', '0', '2021-07-20 11:20:28', '2021-07-20 11:20:28', 'MA', 'wxf5a8653b9e669137', '1385064426583863297', '1417323493590040576', '2', '1', '1', NULL, '0', '华为 HUAWEI Mate 30 麒麟990旗舰芯片4000万超感光徕卡影像屏内指纹8G+128GB星河银4G全网通版游戏手机', '5', NULL, 5.00, 4599.00, 229.00, 919.80, 3455.20, 229, NULL, NULL, NULL, NULL, NULL, '1417323493656203266', NULL, '0', NULL, NULL, NULL);
INSERT INTO `order_info` (`id`, `tenant_id`, `shop_id`, `del_flag`, `create_time`, `update_time`, `app_type`, `app_id`, `user_id`, `order_no`, `payment_way`, `delivery_way`, `payment_type`, `trade_type`, `is_pay`, `name`, `status`, `appraises_status`, `freight_price`, `sales_price`, `payment_points_price`, `payment_coupon_price`, `payment_price`, `payment_points`, `payment_time`, `delivery_time`, `receiver_time`, `closing_time`, `user_message`, `logistics_id`, `transaction_id`, `order_type`, `market_id`, `relation_id`, `remark`) VALUES ('1417328530054754305', '1', '1261176336950480898', '0', '2021-07-20 11:40:29', '2021-07-20 11:40:28', 'MA', 'wxf5a8653b9e669137', '1385064426583863297', '1417328529908957184', '2', '1', '1', NULL, '0', '华为 HUAWEI Mate 30 麒麟990旗舰芯片4000万超感光徕卡影像屏内指纹8G+128GB星河银4G全网通版游戏手机', '5', NULL, 0.00, 4499.00, 0.00, 0.00, 0.01, 0, NULL, NULL, NULL, NULL, NULL, '1417328530021199873', NULL, '3', '1315832419623915521', '1293453653337763841', NULL);
INSERT INTO `order_info` (`id`, `tenant_id`, `shop_id`, `del_flag`, `create_time`, `update_time`, `app_type`, `app_id`, `user_id`, `order_no`, `payment_way`, `delivery_way`, `payment_type`, `trade_type`, `is_pay`, `name`, `status`, `appraises_status`, `freight_price`, `sales_price`, `payment_points_price`, `payment_coupon_price`, `payment_price`, `payment_points`, `payment_time`, `delivery_time`, `receiver_time`, `closing_time`, `user_message`, `logistics_id`, `transaction_id`, `order_type`, `market_id`, `relation_id`, `remark`) VALUES ('1417328771923488769', '1', '1261176336950480898', '0', '2021-07-20 11:41:09', '2021-07-20 11:41:26', 'MA', 'wxf5a8653b9e669137', '1385064426583863297', '1417328697072943104', '2', '1', '1', NULL, '0', '华为 HUAWEI Mate 30 麒麟990旗舰芯片4000万超感光徕卡影像屏内指纹8G+128GB星河银4G全网通版游戏手机', '5', NULL, 0.00, 4499.00, 0.00, 0.00, 0.01, 0, NULL, NULL, NULL, NULL, NULL, '1417328771847991298', NULL, '3', '1315832419623915521', '1293453653337763841', NULL);
INSERT INTO `order_info` (`id`, `tenant_id`, `shop_id`, `del_flag`, `create_time`, `update_time`, `app_type`, `app_id`, `user_id`, `order_no`, `payment_way`, `delivery_way`, `payment_type`, `trade_type`, `is_pay`, `name`, `status`, `appraises_status`, `freight_price`, `sales_price`, `payment_points_price`, `payment_coupon_price`, `payment_price`, `payment_points`, `payment_time`, `delivery_time`, `receiver_time`, `closing_time`, `user_message`, `logistics_id`, `transaction_id`, `order_type`, `market_id`, `relation_id`, `remark`) VALUES ('1417334920517324801', '1', '1261176336950480898', '0', '2021-07-20 12:05:40', '2021-07-20 12:05:52', 'MA', 'wxf5a8653b9e669137', '1385064426583863297', '1417334866453725184', '2', '1', '1', NULL, '0', '华为 HUAWEI Mate 30 麒麟990旗舰芯片4000万超感光徕卡影像屏内指纹8G+128GB星河银4G全网通版游戏手机', '5', NULL, 5.00, 4599.00, 0.00, 0.00, 4398.00, 0, NULL, NULL, NULL, NULL, NULL, '1417334920458604546', NULL, '1', '1417334727617097729', '1417334768876457985', NULL);
INSERT INTO `order_info` (`id`, `tenant_id`, `shop_id`, `del_flag`, `create_time`, `update_time`, `app_type`, `app_id`, `user_id`, `order_no`, `payment_way`, `delivery_way`, `payment_type`, `trade_type`, `is_pay`, `name`, `status`, `appraises_status`, `freight_price`, `sales_price`, `payment_points_price`, `payment_coupon_price`, `payment_price`, `payment_points`, `payment_time`, `delivery_time`, `receiver_time`, `closing_time`, `user_message`, `logistics_id`, `transaction_id`, `order_type`, `market_id`, `relation_id`, `remark`) VALUES ('1417335352148955138', '1', '1261176336950480898', '0', '2021-07-20 12:07:35', '2021-07-20 12:07:35', 'MA', 'wxf5a8653b9e669137', '1385064426583863297', '1417335352070242304', '2', '1', '1', NULL, '0', '华为 HUAWEI Mate 30 麒麟990旗舰芯片4000万超感光徕卡影像屏内指纹8G+128GB星河银4G全网通版游戏手机', '5', NULL, 5.00, 4499.00, 0.00, 0.00, 4005.00, 0, NULL, NULL, NULL, NULL, NULL, '1417335352132177921', NULL, '1', '1417335275934265345', '1417335317558530050', NULL);
INSERT INTO `order_info` (`id`, `tenant_id`, `shop_id`, `del_flag`, `create_time`, `update_time`, `app_type`, `app_id`, `user_id`, `order_no`, `payment_way`, `delivery_way`, `payment_type`, `trade_type`, `is_pay`, `name`, `status`, `appraises_status`, `freight_price`, `sales_price`, `payment_points_price`, `payment_coupon_price`, `payment_price`, `payment_points`, `payment_time`, `delivery_time`, `receiver_time`, `closing_time`, `user_message`, `logistics_id`, `transaction_id`, `order_type`, `market_id`, `relation_id`, `remark`) VALUES ('1417335388693925889', '1', '1261176336950480898', '0', '2021-07-20 12:07:44', '2021-07-20 12:07:44', 'MA', 'wxf5a8653b9e669137', '1385064426583863297', '1417335388648767488', '2', '2', '1', NULL, '0', '华为 HUAWEI Mate 30 麒麟990旗舰芯片4000万超感光徕卡影像屏内指纹8G+128GB星河银4G全网通版游戏手机', '5', NULL, 0.00, 4499.00, 0.00, 0.00, 4000.00, 0, NULL, NULL, NULL, NULL, NULL, NULL, NULL, '1', '1417335275934265345', '1417335317558530050', NULL);
INSERT INTO `order_info` (`id`, `tenant_id`, `shop_id`, `del_flag`, `create_time`, `update_time`, `app_type`, `app_id`, `user_id`, `order_no`, `payment_way`, `delivery_way`, `payment_type`, `trade_type`, `is_pay`, `name`, `status`, `appraises_status`, `freight_price`, `sales_price`, `payment_points_price`, `payment_coupon_price`, `payment_price`, `payment_points`, `payment_time`, `delivery_time`, `receiver_time`, `closing_time`, `user_message`, `logistics_id`, `transaction_id`, `order_type`, `market_id`, `relation_id`, `remark`) VALUES ('1417336688659718145', '1', '1261176336950480898', '0', '2021-07-20 12:12:54', '2021-07-20 12:12:54', 'MA', 'wxf5a8653b9e669137', '1385064426583863297', '1417336688450994176', '2', '1', '1', NULL, '0', '华为 HUAWEI Mate 30 麒麟990旗舰芯片4000万超感光徕卡影像屏内指纹8G+128GB星河银4G全网通版游戏手机', '5', NULL, 5.00, 4599.00, 0.00, 0.00, 4004.00, 0, NULL, NULL, NULL, NULL, NULL, '1417336688609386497', NULL, '2', '1417336177843843074', NULL, NULL);
INSERT INTO `order_info` (`id`, `tenant_id`, `shop_id`, `del_flag`, `create_time`, `update_time`, `app_type`, `app_id`, `user_id`, `order_no`, `payment_way`, `delivery_way`, `payment_type`, `trade_type`, `is_pay`, `name`, `status`, `appraises_status`, `freight_price`, `sales_price`, `payment_points_price`, `payment_coupon_price`, `payment_price`, `payment_points`, `payment_time`, `delivery_time`, `receiver_time`, `closing_time`, `user_message`, `logistics_id`, `transaction_id`, `order_type`, `market_id`, `relation_id`, `remark`) VALUES ('1417336774353543169', '1', '1261176336950480898', '0', '2021-07-20 12:13:08', '2021-07-20 12:13:14', 'MA', 'wxf5a8653b9e669137', '1385064426583863297', '1417336748555370496', '2', '2', '1', NULL, '0', '华为 HUAWEI Mate 30 麒麟990旗舰芯片4000万超感光徕卡影像屏内指纹8G+128GB星河银4G全网通版游戏手机', '5', NULL, 0.00, 4599.00, 0.00, 0.00, 3999.00, 0, NULL, NULL, NULL, NULL, NULL, NULL, NULL, '2', '1417336177843843074', NULL, NULL);
INSERT INTO `order_info` (`id`, `tenant_id`, `shop_id`, `del_flag`, `create_time`, `update_time`, `app_type`, `app_id`, `user_id`, `order_no`, `payment_way`, `delivery_way`, `payment_type`, `trade_type`, `is_pay`, `name`, `status`, `appraises_status`, `freight_price`, `sales_price`, `payment_points_price`, `payment_coupon_price`, `payment_price`, `payment_points`, `payment_time`, `delivery_time`, `receiver_time`, `closing_time`, `user_message`, `logistics_id`, `transaction_id`, `order_type`, `market_id`, `relation_id`, `remark`) VALUES ('1417337173420593154', '1', '1261176336950480898', '0', '2021-07-20 12:14:43', '2021-07-20 12:14:49', 'MA', 'wxf5a8653b9e669137', '1385064426583863297', '1417337147458846720', '2', '1', '1', NULL, '0', '华为 HUAWEI Mate 30 麒麟990旗舰芯片4000万超感光徕卡影像屏内指纹8G+128GB星河银4G全网通版游戏手机', '5', NULL, 5.00, 4599.00, 0.00, 0.00, 4004.00, 0, NULL, NULL, NULL, NULL, NULL, '1417337173382844417', NULL, '2', '1417336177843843074', NULL, NULL);
INSERT INTO `order_info` (`id`, `tenant_id`, `shop_id`, `del_flag`, `create_time`, `update_time`, `app_type`, `app_id`, `user_id`, `order_no`, `payment_way`, `delivery_way`, `payment_type`, `trade_type`, `is_pay`, `name`, `status`, `appraises_status`, `freight_price`, `sales_price`, `payment_points_price`, `payment_coupon_price`, `payment_price`, `payment_points`, `payment_time`, `delivery_time`, `receiver_time`, `closing_time`, `user_message`, `logistics_id`, `transaction_id`, `order_type`, `market_id`, `relation_id`, `remark`) VALUES ('1417337227946545153', '1', '1261176336950480898', '0', '2021-07-20 12:14:59', '2021-07-20 12:15:02', 'MA', 'wxf5a8653b9e669137', '1385064426583863297', '1417337211874967552', '2', '2', '1', NULL, '0', '华为 HUAWEI Mate 30 麒麟990旗舰芯片4000万超感光徕卡影像屏内指纹8G+128GB星河银4G全网通版游戏手机', '5', NULL, 0.00, 4599.00, 0.00, 0.00, 3999.00, 0, NULL, NULL, NULL, NULL, NULL, NULL, NULL, '2', '1417336177843843074', NULL, NULL);
INSERT INTO `order_info` (`id`, `tenant_id`, `shop_id`, `del_flag`, `create_time`, `update_time`, `app_type`, `app_id`, `user_id`, `order_no`, `payment_way`, `delivery_way`, `payment_type`, `trade_type`, `is_pay`, `name`, `status`, `appraises_status`, `freight_price`, `sales_price`, `payment_points_price`, `payment_coupon_price`, `payment_price`, `payment_points`, `payment_time`, `delivery_time`, `receiver_time`, `closing_time`, `user_message`, `logistics_id`, `transaction_id`, `order_type`, `market_id`, `relation_id`, `remark`) VALUES ('1421325354092490753', '1', '1261193346845495297', '0', '2021-07-31 12:22:26', '2021-07-31 12:22:26', 'MA', 'wxf5a8653b9e669137', '1385064426583863297', '1421325354009624576', '2', '1', '1', 'JSAPI', '1', 'Apple iPhone 11 (A2223) 128GB 黑色', '3', '0', 0.00, 0.03, 0.00, 0.00, 0.03, 0, '2021-07-31 12:23:32', '2021-07-31 12:24:15', '2021-08-07 12:24:17', NULL, NULL, '1421325354084102145', '4200001126202107314382464600', '0', NULL, NULL, NULL);
INSERT INTO `order_info` (`id`, `tenant_id`, `shop_id`, `del_flag`, `create_time`, `update_time`, `app_type`, `app_id`, `user_id`, `order_no`, `payment_way`, `delivery_way`, `payment_type`, `trade_type`, `is_pay`, `name`, `status`, `appraises_status`, `freight_price`, `sales_price`, `payment_points_price`, `payment_coupon_price`, `payment_price`, `payment_points`, `payment_time`, `delivery_time`, `receiver_time`, `closing_time`, `user_message`, `logistics_id`, `transaction_id`, `order_type`, `market_id`, `relation_id`, `remark`) VALUES ('1444928335792066561', '1', '1261193631538073602', '0', '2021-10-04 15:32:15', '2021-10-04 15:32:15', 'H5-PC', NULL, '1387751568009359361', '1444928335778938880', '2', '2', '1', NULL, '0', 'Redmi K30 王一博同款 120Hz流速屏 前置挖孔双摄 索尼6400万后置四摄 4500mAh超长续航 27W快充 6GB+128GB 紫玉幻境 游戏智能手机 小米 红米', '5', NULL, 0.00, 1698.00, 0.00, 0.00, 1698.00, 0, NULL, NULL, NULL, NULL, NULL, NULL, NULL, '0', NULL, NULL, NULL);
INSERT INTO `order_info` (`id`, `tenant_id`, `shop_id`, `del_flag`, `create_time`, `update_time`, `app_type`, `app_id`, `user_id`, `order_no`, `payment_way`, `delivery_way`, `payment_type`, `trade_type`, `is_pay`, `name`, `status`, `appraises_status`, `freight_price`, `sales_price`, `payment_points_price`, `payment_coupon_price`, `payment_price`, `payment_points`, `payment_time`, `delivery_time`, `receiver_time`, `closing_time`, `user_message`, `logistics_id`, `transaction_id`, `order_type`, `market_id`, `relation_id`, `remark`) VALUES ('1444929213685059586', '1', '1261193631538073602', '0', '2021-10-04 15:35:45', '2021-10-04 15:35:44', 'H5-PC', NULL, '1387751568009359361', '1444929213655154688', '2', '2', '1', NULL, '0', 'Redmi K30 王一博同款 120Hz流速屏 前置挖孔双摄 索尼6400万后置四摄 4500mAh超长续航 27W快充 6GB+128GB 紫玉幻境 游戏智能手机 小米 红米', '5', NULL, 0.00, 1698.00, 0.00, 0.00, 1698.00, 0, NULL, NULL, NULL, NULL, NULL, NULL, NULL, '0', NULL, NULL, NULL);
INSERT INTO `order_info` (`id`, `tenant_id`, `shop_id`, `del_flag`, `create_time`, `update_time`, `app_type`, `app_id`, `user_id`, `order_no`, `payment_way`, `delivery_way`, `payment_type`, `trade_type`, `is_pay`, `name`, `status`, `appraises_status`, `freight_price`, `sales_price`, `payment_points_price`, `payment_coupon_price`, `payment_price`, `payment_points`, `payment_time`, `delivery_time`, `receiver_time`, `closing_time`, `user_message`, `logistics_id`, `transaction_id`, `order_type`, `market_id`, `relation_id`, `remark`) VALUES ('1444938445851570178', '1', '1261193631538073602', '0', '2021-10-04 16:12:26', '2021-10-04 16:12:25', 'H5-PC', NULL, '1387751568009359361', '1444938445716717568', '2', '2', NULL, NULL, '0', 'Redmi K30 王一博同款 120Hz流速屏 前置挖孔双摄 索尼6400万后置四摄 4500mAh超长续航 27W快充 6GB+128GB 紫玉幻境 游戏智能手机 小米 红米', '5', NULL, 0.00, 1698.00, 0.00, 0.00, 1698.00, 0, NULL, NULL, NULL, NULL, NULL, NULL, NULL, '0', NULL, NULL, NULL);
INSERT INTO `order_info` (`id`, `tenant_id`, `shop_id`, `del_flag`, `create_time`, `update_time`, `app_type`, `app_id`, `user_id`, `order_no`, `payment_way`, `delivery_way`, `payment_type`, `trade_type`, `is_pay`, `name`, `status`, `appraises_status`, `freight_price`, `sales_price`, `payment_points_price`, `payment_coupon_price`, `payment_price`, `payment_points`, `payment_time`, `delivery_time`, `receiver_time`, `closing_time`, `user_message`, `logistics_id`, `transaction_id`, `order_type`, `market_id`, `relation_id`, `remark`) VALUES ('1444953996002959362', '1', '1261193631538073602', '0', '2021-10-04 17:14:13', '2021-10-04 17:14:13', 'H5-PC', NULL, '1387751568009359361', '1444953995998134272', '2', '2', NULL, NULL, '0', 'Redmi K30 王一博同款 120Hz流速屏 前置挖孔双摄 索尼6400万后置四摄 4500mAh超长续航 27W快充 6GB+128GB 紫玉幻境 游戏智能手机 小米 红米', '5', NULL, 0.00, 2689.00, 0.00, 0.00, 2689.00, 0, NULL, NULL, NULL, NULL, NULL, NULL, NULL, '0', NULL, NULL, NULL);
INSERT INTO `order_info` (`id`, `tenant_id`, `shop_id`, `del_flag`, `create_time`, `update_time`, `app_type`, `app_id`, `user_id`, `order_no`, `payment_way`, `delivery_way`, `payment_type`, `trade_type`, `is_pay`, `name`, `status`, `appraises_status`, `freight_price`, `sales_price`, `payment_points_price`, `payment_coupon_price`, `payment_price`, `payment_points`, `payment_time`, `delivery_time`, `receiver_time`, `closing_time`, `user_message`, `logistics_id`, `transaction_id`, `order_type`, `market_id`, `relation_id`, `remark`) VALUES ('1444963011172868097', '1', '1261193631538073602', '0', '2021-10-04 17:50:03', '2021-10-04 17:50:02', 'H5-PC', NULL, '1387751568009359361', '1444963011163848704', '2', '2', NULL, NULL, '0', 'Redmi K30 王一博同款 120Hz流速屏 前置挖孔双摄 索尼6400万后置四摄 4500mAh超长续航 27W快充 6GB+128GB 紫玉幻境 游戏智能手机 小米 红米', '5', NULL, 0.00, 2689.00, 0.00, 0.00, 2689.00, 0, NULL, NULL, NULL, NULL, NULL, NULL, NULL, '0', NULL, NULL, NULL);
INSERT INTO `order_info` (`id`, `tenant_id`, `shop_id`, `del_flag`, `create_time`, `update_time`, `app_type`, `app_id`, `user_id`, `order_no`, `payment_way`, `delivery_way`, `payment_type`, `trade_type`, `is_pay`, `name`, `status`, `appraises_status`, `freight_price`, `sales_price`, `payment_points_price`, `payment_coupon_price`, `payment_price`, `payment_points`, `payment_time`, `delivery_time`, `receiver_time`, `closing_time`, `user_message`, `logistics_id`, `transaction_id`, `order_type`, `market_id`, `relation_id`, `remark`) VALUES ('1445294988245712898', '1', '1261193631538073602', '0', '2021-10-05 15:49:12', '2021-10-05 15:49:12', 'H5-PC', NULL, '1387751568009359361', '1445294988169576448', '2', '2', NULL, NULL, '0', 'Redmi K30 王一博同款 120Hz流速屏 前置挖孔双摄 索尼6400万后置四摄 4500mAh超长续航 27W快充 6GB+128GB 紫玉幻境 游戏智能手机 小米 红米', '5', NULL, 0.00, 2689.00, 0.00, 0.00, 2689.00, 0, NULL, NULL, NULL, NULL, NULL, NULL, NULL, '0', NULL, NULL, NULL);
INSERT INTO `order_info` (`id`, `tenant_id`, `shop_id`, `del_flag`, `create_time`, `update_time`, `app_type`, `app_id`, `user_id`, `order_no`, `payment_way`, `delivery_way`, `payment_type`, `trade_type`, `is_pay`, `name`, `status`, `appraises_status`, `freight_price`, `sales_price`, `payment_points_price`, `payment_coupon_price`, `payment_price`, `payment_points`, `payment_time`, `delivery_time`, `receiver_time`, `closing_time`, `user_message`, `logistics_id`, `transaction_id`, `order_type`, `market_id`, `relation_id`, `remark`) VALUES ('1445302658457518081', '1', '1261193631538073602', '0', '2021-10-05 16:19:41', '2021-10-05 16:19:40', 'H5-PC', NULL, '1387751568009359361', '1445302658431713280', '2', '2', NULL, NULL, '0', 'Redmi K30 王一博同款 120Hz流速屏 前置挖孔双摄 索尼6400万后置四摄 4500mAh超长续航 27W快充 6GB+128GB 紫玉幻境 游戏智能手机 小米 红米', '5', NULL, 0.00, 1698.00, 0.00, 0.00, 1698.00, 0, NULL, NULL, NULL, NULL, NULL, NULL, NULL, '0', NULL, NULL, NULL);
INSERT INTO `order_info` (`id`, `tenant_id`, `shop_id`, `del_flag`, `create_time`, `update_time`, `app_type`, `app_id`, `user_id`, `order_no`, `payment_way`, `delivery_way`, `payment_type`, `trade_type`, `is_pay`, `name`, `status`, `appraises_status`, `freight_price`, `sales_price`, `payment_points_price`, `payment_coupon_price`, `payment_price`, `payment_points`, `payment_time`, `delivery_time`, `receiver_time`, `closing_time`, `user_message`, `logistics_id`, `transaction_id`, `order_type`, `market_id`, `relation_id`, `remark`) VALUES ('1445310815565103105', '1', '1261193346845495297', '0', '2021-10-05 16:52:06', '2021-10-05 16:52:05', 'H5-PC', NULL, '1387751568009359361', '1445310815543492608', '2', '2', '1', 'NATIVE', '1', 'Apple iPhone 11 (A2223) 128GB 黑色', '1', NULL, 0.00, 0.03, 0.00, 0.00, 0.03, 0, '2021-10-05 16:55:55', NULL, NULL, NULL, NULL, NULL, '4200001217202110051982176394', '0', NULL, NULL, NULL);
INSERT INTO `order_info` (`id`, `tenant_id`, `shop_id`, `del_flag`, `create_time`, `update_time`, `app_type`, `app_id`, `user_id`, `order_no`, `payment_way`, `delivery_way`, `payment_type`, `trade_type`, `is_pay`, `name`, `status`, `appraises_status`, `freight_price`, `sales_price`, `payment_points_price`, `payment_coupon_price`, `payment_price`, `payment_points`, `payment_time`, `delivery_time`, `receiver_time`, `closing_time`, `user_message`, `logistics_id`, `transaction_id`, `order_type`, `market_id`, `relation_id`, `remark`) VALUES ('1445322977087856641', '1', '1261193346845495297', '0', '2021-10-05 17:40:25', '2021-10-05 17:40:25', 'H5-PC', NULL, '1387751568009359361', '1445322977011826688', '2', '2', NULL, NULL, '0', 'Apple iPhone 11 (A2223) 128GB 黑色', '5', NULL, 0.00, 0.03, 0.00, 0.00, 0.03, 0, NULL, NULL, NULL, NULL, NULL, NULL, NULL, '0', NULL, NULL, NULL);
INSERT INTO `order_info` (`id`, `tenant_id`, `shop_id`, `del_flag`, `create_time`, `update_time`, `app_type`, `app_id`, `user_id`, `order_no`, `payment_way`, `delivery_way`, `payment_type`, `trade_type`, `is_pay`, `name`, `status`, `appraises_status`, `freight_price`, `sales_price`, `payment_points_price`, `payment_coupon_price`, `payment_price`, `payment_points`, `payment_time`, `delivery_time`, `receiver_time`, `closing_time`, `user_message`, `logistics_id`, `transaction_id`, `order_type`, `market_id`, `relation_id`, `remark`) VALUES ('1445323134164541442', '1', '1261193346845495297', '0', '2021-10-05 17:41:03', '2021-10-05 17:41:02', 'H5-PC', NULL, '1387751568009359361', '1445323134130454528', '2', '2', NULL, NULL, '0', 'Apple iPhone 11 (A2223) 128GB 黑色', '5', NULL, 0.00, 0.03, 0.00, 0.00, 0.03, 0, NULL, NULL, NULL, NULL, NULL, NULL, NULL, '0', NULL, NULL, NULL);
INSERT INTO `order_info` (`id`, `tenant_id`, `shop_id`, `del_flag`, `create_time`, `update_time`, `app_type`, `app_id`, `user_id`, `order_no`, `payment_way`, `delivery_way`, `payment_type`, `trade_type`, `is_pay`, `name`, `status`, `appraises_status`, `freight_price`, `sales_price`, `payment_points_price`, `payment_coupon_price`, `payment_price`, `payment_points`, `payment_time`, `delivery_time`, `receiver_time`, `closing_time`, `user_message`, `logistics_id`, `transaction_id`, `order_type`, `market_id`, `relation_id`, `remark`) VALUES ('1445325507054272514', '1', '1261193346845495297', '0', '2021-10-05 17:50:28', '2021-10-05 17:50:28', 'H5-PC', NULL, '1387751568009359361', '1445325506999222272', '2', '2', NULL, NULL, '0', 'Apple iPhone 11 (A2223) 128GB 黑色', '5', NULL, 0.00, 0.03, 0.00, 0.00, 0.03, 0, NULL, NULL, NULL, NULL, NULL, NULL, NULL, '0', NULL, NULL, NULL);
INSERT INTO `order_info` (`id`, `tenant_id`, `shop_id`, `del_flag`, `create_time`, `update_time`, `app_type`, `app_id`, `user_id`, `order_no`, `payment_way`, `delivery_way`, `payment_type`, `trade_type`, `is_pay`, `name`, `status`, `appraises_status`, `freight_price`, `sales_price`, `payment_points_price`, `payment_coupon_price`, `payment_price`, `payment_points`, `payment_time`, `delivery_time`, `receiver_time`, `closing_time`, `user_message`, `logistics_id`, `transaction_id`, `order_type`, `market_id`, `relation_id`, `remark`) VALUES ('1445327244871950337', '1', '1261193346845495297', '0', '2021-10-05 17:57:23', '2021-10-05 17:57:22', 'H5-PC', NULL, '1387751568009359361', '1445327244783255552', '2', '2', NULL, NULL, '0', 'Apple iPhone 11 (A2223) 128GB 黑色', '5', NULL, 0.00, 0.03, 0.00, 0.00, 0.03, 0, NULL, NULL, NULL, NULL, NULL, NULL, NULL, '0', NULL, NULL, NULL);
INSERT INTO `order_info` (`id`, `tenant_id`, `shop_id`, `del_flag`, `create_time`, `update_time`, `app_type`, `app_id`, `user_id`, `order_no`, `payment_way`, `delivery_way`, `payment_type`, `trade_type`, `is_pay`, `name`, `status`, `appraises_status`, `freight_price`, `sales_price`, `payment_points_price`, `payment_coupon_price`, `payment_price`, `payment_points`, `payment_time`, `delivery_time`, `receiver_time`, `closing_time`, `user_message`, `logistics_id`, `transaction_id`, `order_type`, `market_id`, `relation_id`, `remark`) VALUES ('1445328540555386882', '1', '1261193346845495297', '0', '2021-10-05 18:02:32', '2021-10-05 18:02:31', 'H5-PC', NULL, '1387751568009359361', '1445328540449898496', '2', '2', NULL, NULL, '0', 'Apple iPhone 11 (A2223) 128GB 黑色', '5', NULL, 0.00, 0.03, 0.00, 0.00, 0.03, 0, NULL, NULL, NULL, NULL, NULL, NULL, NULL, '0', NULL, NULL, NULL);
INSERT INTO `order_info` (`id`, `tenant_id`, `shop_id`, `del_flag`, `create_time`, `update_time`, `app_type`, `app_id`, `user_id`, `order_no`, `payment_way`, `delivery_way`, `payment_type`, `trade_type`, `is_pay`, `name`, `status`, `appraises_status`, `freight_price`, `sales_price`, `payment_points_price`, `payment_coupon_price`, `payment_price`, `payment_points`, `payment_time`, `delivery_time`, `receiver_time`, `closing_time`, `user_message`, `logistics_id`, `transaction_id`, `order_type`, `market_id`, `relation_id`, `remark`) VALUES ('1445333096907423746', '1', '1261193346845495297', '0', '2021-10-05 18:20:38', '2021-10-05 18:20:37', 'H5-PC', NULL, '1387751568009359361', '1445333096827191296', '2', '2', '1', NULL, '1', 'Apple iPhone 11 (A2223) 128GB 黑色', '1', NULL, 0.00, 0.03, 0.00, 0.00, 0.03, 0, '2021-10-05 18:21:21', NULL, NULL, NULL, NULL, NULL, NULL, '0', NULL, NULL, NULL);
INSERT INTO `order_info` (`id`, `tenant_id`, `shop_id`, `del_flag`, `create_time`, `update_time`, `app_type`, `app_id`, `user_id`, `order_no`, `payment_way`, `delivery_way`, `payment_type`, `trade_type`, `is_pay`, `name`, `status`, `appraises_status`, `freight_price`, `sales_price`, `payment_points_price`, `payment_coupon_price`, `payment_price`, `payment_points`, `payment_time`, `delivery_time`, `receiver_time`, `closing_time`, `user_message`, `logistics_id`, `transaction_id`, `order_type`, `market_id`, `relation_id`, `remark`) VALUES ('1445333548722044929', '1', '1261193346845495297', '0', '2021-10-05 18:22:26', '2021-10-05 18:22:25', 'H5-PC', NULL, '1387751568009359361', '1445333548721504256', '2', '2', NULL, NULL, '0', 'Apple iPhone 11 (A2223) 128GB 黑色', '5', NULL, 0.00, 0.03, 0.00, 0.00, 0.03, 0, NULL, NULL, NULL, NULL, NULL, NULL, NULL, '0', NULL, NULL, NULL);
INSERT INTO `order_info` (`id`, `tenant_id`, `shop_id`, `del_flag`, `create_time`, `update_time`, `app_type`, `app_id`, `user_id`, `order_no`, `payment_way`, `delivery_way`, `payment_type`, `trade_type`, `is_pay`, `name`, `status`, `appraises_status`, `freight_price`, `sales_price`, `payment_points_price`, `payment_coupon_price`, `payment_price`, `payment_points`, `payment_time`, `delivery_time`, `receiver_time`, `closing_time`, `user_message`, `logistics_id`, `transaction_id`, `order_type`, `market_id`, `relation_id`, `remark`) VALUES ('1445334797991297026', '1', '1261193631538073602', '0', '2021-10-05 18:27:24', '2021-10-05 18:27:23', 'H5-PC', NULL, '1387751568009359361', '1445334797969784832', '2', '2', NULL, NULL, '0', 'Redmi K30 王一博同款 120Hz流速屏 前置挖孔双摄 索尼6400万后置四摄 4500mAh超长续航 27W快充 6GB+128GB 紫玉幻境 游戏智能手机 小米 红米', '5', NULL, 0.00, 599.00, 0.00, 0.00, 599.00, 0, NULL, NULL, NULL, NULL, NULL, NULL, NULL, '0', NULL, NULL, NULL);
INSERT INTO `order_info` (`id`, `tenant_id`, `shop_id`, `del_flag`, `create_time`, `update_time`, `app_type`, `app_id`, `user_id`, `order_no`, `payment_way`, `delivery_way`, `payment_type`, `trade_type`, `is_pay`, `name`, `status`, `appraises_status`, `freight_price`, `sales_price`, `payment_points_price`, `payment_coupon_price`, `payment_price`, `payment_points`, `payment_time`, `delivery_time`, `receiver_time`, `closing_time`, `user_message`, `logistics_id`, `transaction_id`, `order_type`, `market_id`, `relation_id`, `remark`) VALUES ('1445337244977602561', '1', '1261193346845495297', '0', '2021-10-05 18:37:07', '2021-10-05 18:37:06', 'H5-PC', NULL, '1387751568009359361', '1445337244935127040', '2', '2', '1', NULL, '1', 'Apple iPhone 11 (A2223) 128GB 黑色', '1', NULL, 0.00, 0.03, 0.00, 0.00, 0.03, 0, '2021-10-05 18:39:39', NULL, NULL, NULL, NULL, NULL, NULL, '0', NULL, NULL, NULL);
INSERT INTO `order_info` (`id`, `tenant_id`, `shop_id`, `del_flag`, `create_time`, `update_time`, `app_type`, `app_id`, `user_id`, `order_no`, `payment_way`, `delivery_way`, `payment_type`, `trade_type`, `is_pay`, `name`, `status`, `appraises_status`, `freight_price`, `sales_price`, `payment_points_price`, `payment_coupon_price`, `payment_price`, `payment_points`, `payment_time`, `delivery_time`, `receiver_time`, `closing_time`, `user_message`, `logistics_id`, `transaction_id`, `order_type`, `market_id`, `relation_id`, `remark`) VALUES ('1445340393725497345', '1', '1261193346845495297', '0', '2021-10-05 18:49:38', '2021-10-05 18:49:37', 'H5-PC', NULL, '1387751568009359361', '1445340393683025920', '2', '2', '1', NULL, '1', 'Apple iPhone 11 (A2223) 128GB 黑色', '1', NULL, 0.00, 0.03, 0.00, 0.00, 0.03, 0, '2021-10-05 18:49:52', NULL, NULL, NULL, NULL, NULL, NULL, '0', NULL, NULL, NULL);
INSERT INTO `order_info` (`id`, `tenant_id`, `shop_id`, `del_flag`, `create_time`, `update_time`, `app_type`, `app_id`, `user_id`, `order_no`, `payment_way`, `delivery_way`, `payment_type`, `trade_type`, `is_pay`, `name`, `status`, `appraises_status`, `freight_price`, `sales_price`, `payment_points_price`, `payment_coupon_price`, `payment_price`, `payment_points`, `payment_time`, `delivery_time`, `receiver_time`, `closing_time`, `user_message`, `logistics_id`, `transaction_id`, `order_type`, `market_id`, `relation_id`, `remark`) VALUES ('1445603842724585474', '1', '1261193346845495297', '0', '2021-10-06 12:16:29', '2021-10-06 12:16:28', 'H5-PC', NULL, '1387751568009359361', '1445603842715549696', '2', '2', NULL, NULL, '0', 'Apple iPhone 11 (A2223) 128GB 黑色', '5', NULL, 0.00, 0.03, 0.00, 0.00, 0.03, 0, NULL, NULL, NULL, NULL, NULL, NULL, NULL, '0', NULL, NULL, NULL);
INSERT INTO `order_info` (`id`, `tenant_id`, `shop_id`, `del_flag`, `create_time`, `update_time`, `app_type`, `app_id`, `user_id`, `order_no`, `payment_way`, `delivery_way`, `payment_type`, `trade_type`, `is_pay`, `name`, `status`, `appraises_status`, `freight_price`, `sales_price`, `payment_points_price`, `payment_coupon_price`, `payment_price`, `payment_points`, `payment_time`, `delivery_time`, `receiver_time`, `closing_time`, `user_message`, `logistics_id`, `transaction_id`, `order_type`, `market_id`, `relation_id`, `remark`) VALUES ('1445614059394768898', '1', '1261176336950480898', '0', '2021-10-06 12:57:05', '2021-10-06 12:57:04', 'H5-PC', NULL, '1387751568009359361', '1445614059352227840', '2', '2', NULL, NULL, '0', '华为 HUAWEI Mate 30 麒麟990旗舰芯片4000万超感光徕卡影像屏内指纹8G+128GB星河银4G全网通版游戏手机', '5', NULL, 0.00, 4499.00, 0.00, 0.00, 4499.00, 0, NULL, NULL, NULL, NULL, NULL, NULL, NULL, '0', NULL, NULL, NULL);
INSERT INTO `order_info` (`id`, `tenant_id`, `shop_id`, `del_flag`, `create_time`, `update_time`, `app_type`, `app_id`, `user_id`, `order_no`, `payment_way`, `delivery_way`, `payment_type`, `trade_type`, `is_pay`, `name`, `status`, `appraises_status`, `freight_price`, `sales_price`, `payment_points_price`, `payment_coupon_price`, `payment_price`, `payment_points`, `payment_time`, `delivery_time`, `receiver_time`, `closing_time`, `user_message`, `logistics_id`, `transaction_id`, `order_type`, `market_id`, `relation_id`, `remark`) VALUES ('1445622881328914434', '1', '1261176336950480898', '0', '2021-10-06 13:32:08', '2021-10-06 13:32:07', 'H5-PC', NULL, '1387751568009359361', '1445622881286356992', '2', '2', NULL, NULL, '0', '华为 HUAWEI Mate 30 麒麟990旗舰芯片4000万超感光徕卡影像屏内指纹8G+128GB星河银4G全网通版游戏手机', '5', NULL, 0.00, 4599.00, 0.00, 0.00, 4599.00, 0, NULL, NULL, NULL, NULL, NULL, NULL, NULL, '0', NULL, NULL, NULL);
INSERT INTO `order_info` (`id`, `tenant_id`, `shop_id`, `del_flag`, `create_time`, `update_time`, `app_type`, `app_id`, `user_id`, `order_no`, `payment_way`, `delivery_way`, `payment_type`, `trade_type`, `is_pay`, `name`, `status`, `appraises_status`, `freight_price`, `sales_price`, `payment_points_price`, `payment_coupon_price`, `payment_price`, `payment_points`, `payment_time`, `delivery_time`, `receiver_time`, `closing_time`, `user_message`, `logistics_id`, `transaction_id`, `order_type`, `market_id`, `relation_id`, `remark`) VALUES ('1445624387679674370', '1', '1261193631538073602', '0', '2021-10-06 13:38:07', '2021-10-06 13:38:07', 'H5-PC', NULL, '1387751568009359361', '1445624387653861376', '2', '2', NULL, NULL, '0', '【至高12期免息】小米10 5G游戏手机权益版全网通 冰海蓝 8G+256G', '5', NULL, 0.00, 1688.00, 0.00, 0.00, 1688.00, 0, NULL, NULL, NULL, NULL, NULL, NULL, NULL, '0', NULL, NULL, NULL);
INSERT INTO `order_info` (`id`, `tenant_id`, `shop_id`, `del_flag`, `create_time`, `update_time`, `app_type`, `app_id`, `user_id`, `order_no`, `payment_way`, `delivery_way`, `payment_type`, `trade_type`, `is_pay`, `name`, `status`, `appraises_status`, `freight_price`, `sales_price`, `payment_points_price`, `payment_coupon_price`, `payment_price`, `payment_points`, `payment_time`, `delivery_time`, `receiver_time`, `closing_time`, `user_message`, `logistics_id`, `transaction_id`, `order_type`, `market_id`, `relation_id`, `remark`) VALUES ('1445624709445705730', '1', '1261176336950480898', '0', '2021-10-06 13:39:24', '2021-10-06 13:39:23', 'H5-PC', NULL, '1387751568009359361', '1445624709428281344', '2', '2', NULL, NULL, '0', '华为 HUAWEI Mate 30 麒麟990旗舰芯片4000万超感光徕卡影像屏内指纹8G+128GB星河银4G全网通版游戏手机', '5', NULL, 0.00, 4499.00, 0.00, 0.00, 4499.00, 0, NULL, NULL, NULL, NULL, NULL, NULL, NULL, '0', NULL, NULL, NULL);
INSERT INTO `order_info` (`id`, `tenant_id`, `shop_id`, `del_flag`, `create_time`, `update_time`, `app_type`, `app_id`, `user_id`, `order_no`, `payment_way`, `delivery_way`, `payment_type`, `trade_type`, `is_pay`, `name`, `status`, `appraises_status`, `freight_price`, `sales_price`, `payment_points_price`, `payment_coupon_price`, `payment_price`, `payment_points`, `payment_time`, `delivery_time`, `receiver_time`, `closing_time`, `user_message`, `logistics_id`, `transaction_id`, `order_type`, `market_id`, `relation_id`, `remark`) VALUES ('1445638638381142017', '1', '1261176336950480898', '0', '2021-10-06 14:34:45', '2021-10-06 14:34:44', 'H5-PC', NULL, '1387751568009359361', '1445638638342766592', '2', '2', NULL, NULL, '0', '华为 HUAWEI Mate 30 麒麟990旗舰芯片4000万超感光徕卡影像屏内指纹8G+128GB星河银4G全网通版游戏手机', '5', NULL, 0.00, 4599.00, 0.00, 0.00, 4599.00, 0, NULL, NULL, NULL, NULL, NULL, NULL, NULL, '0', NULL, NULL, NULL);
INSERT INTO `order_info` (`id`, `tenant_id`, `shop_id`, `del_flag`, `create_time`, `update_time`, `app_type`, `app_id`, `user_id`, `order_no`, `payment_way`, `delivery_way`, `payment_type`, `trade_type`, `is_pay`, `name`, `status`, `appraises_status`, `freight_price`, `sales_price`, `payment_points_price`, `payment_coupon_price`, `payment_price`, `payment_points`, `payment_time`, `delivery_time`, `receiver_time`, `closing_time`, `user_message`, `logistics_id`, `transaction_id`, `order_type`, `market_id`, `relation_id`, `remark`) VALUES ('1445638994423025666', '1', '1261193631538073602', '0', '2021-10-06 14:36:10', '2021-10-06 14:36:09', 'H5-PC', NULL, '1387751568009359361', '1445638994434981888', '2', '2', NULL, NULL, '0', '【至高12期免息】小米10 5G游戏手机权益版全网通 冰海蓝 8G+256G', '5', NULL, 0.00, 3688.00, 0.00, 0.00, 3688.00, 0, NULL, NULL, NULL, NULL, NULL, NULL, NULL, '0', NULL, NULL, NULL);
INSERT INTO `order_info` (`id`, `tenant_id`, `shop_id`, `del_flag`, `create_time`, `update_time`, `app_type`, `app_id`, `user_id`, `order_no`, `payment_way`, `delivery_way`, `payment_type`, `trade_type`, `is_pay`, `name`, `status`, `appraises_status`, `freight_price`, `sales_price`, `payment_points_price`, `payment_coupon_price`, `payment_price`, `payment_points`, `payment_time`, `delivery_time`, `receiver_time`, `closing_time`, `user_message`, `logistics_id`, `transaction_id`, `order_type`, `market_id`, `relation_id`, `remark`) VALUES ('1445639050995798018', '1', '1261193631538073602', '0', '2021-10-06 14:36:23', '2021-10-06 14:36:23', 'H5-PC', NULL, '1387751568009359361', '1445639051003559936', '2', '2', NULL, NULL, '0', '【至高12期免息】小米10 5G游戏手机权益版全网通 冰海蓝 8G+256G', '5', NULL, 0.00, 2688.00, 0.00, 0.00, 2688.00, 0, NULL, NULL, NULL, NULL, NULL, NULL, NULL, '0', NULL, NULL, NULL);
INSERT INTO `order_info` (`id`, `tenant_id`, `shop_id`, `del_flag`, `create_time`, `update_time`, `app_type`, `app_id`, `user_id`, `order_no`, `payment_way`, `delivery_way`, `payment_type`, `trade_type`, `is_pay`, `name`, `status`, `appraises_status`, `freight_price`, `sales_price`, `payment_points_price`, `payment_coupon_price`, `payment_price`, `payment_points`, `payment_time`, `delivery_time`, `receiver_time`, `closing_time`, `user_message`, `logistics_id`, `transaction_id`, `order_type`, `market_id`, `relation_id`, `remark`) VALUES ('1445639143627001858', '1', '1261193631538073602', '0', '2021-10-06 14:36:45', '2021-10-06 14:36:45', 'H5-PC', NULL, '1387751568009359361', '1445639143609597952', '2', '2', NULL, NULL, '0', '【至高12期免息】小米10 5G游戏手机权益版全网通 冰海蓝 8G+256G', '5', NULL, 0.00, 2688.00, 0.00, 0.00, 2688.00, 0, NULL, NULL, NULL, NULL, NULL, NULL, NULL, '0', NULL, NULL, NULL);
INSERT INTO `order_info` (`id`, `tenant_id`, `shop_id`, `del_flag`, `create_time`, `update_time`, `app_type`, `app_id`, `user_id`, `order_no`, `payment_way`, `delivery_way`, `payment_type`, `trade_type`, `is_pay`, `name`, `status`, `appraises_status`, `freight_price`, `sales_price`, `payment_points_price`, `payment_coupon_price`, `payment_price`, `payment_points`, `payment_time`, `delivery_time`, `receiver_time`, `closing_time`, `user_message`, `logistics_id`, `transaction_id`, `order_type`, `market_id`, `relation_id`, `remark`) VALUES ('1445659345030844417', '1', '1261193346845495297', '0', '2021-10-06 15:57:02', '2021-10-06 15:57:01', 'H5-PC', NULL, '1387751568009359361', '1445659345013440512', '2', '2', '1', NULL, '1', 'Apple iPhone 11 (A2223) 128GB 黑色', '1', NULL, 0.00, 0.03, 0.00, 0.00, 0.03, 0, '2021-10-06 15:57:42', NULL, NULL, NULL, NULL, NULL, NULL, '0', NULL, NULL, NULL);
INSERT INTO `order_info` (`id`, `tenant_id`, `shop_id`, `del_flag`, `create_time`, `update_time`, `app_type`, `app_id`, `user_id`, `order_no`, `payment_way`, `delivery_way`, `payment_type`, `trade_type`, `is_pay`, `name`, `status`, `appraises_status`, `freight_price`, `sales_price`, `payment_points_price`, `payment_coupon_price`, `payment_price`, `payment_points`, `payment_time`, `delivery_time`, `receiver_time`, `closing_time`, `user_message`, `logistics_id`, `transaction_id`, `order_type`, `market_id`, `relation_id`, `remark`) VALUES ('1445660080619474945', '1', '1261193346845495297', '0', '2021-10-06 15:59:57', '2021-10-06 15:59:56', 'H5-PC', NULL, '1387751568009359361', '1445660080614670336', '2', '2', '2', NULL, '1', 'Apple iPhone 11 (A2223) 128GB 黑色', '1', NULL, 0.00, 0.03, 0.00, 0.00, 0.03, 0, '2021-10-06 16:00:10', NULL, NULL, NULL, NULL, NULL, NULL, '0', NULL, NULL, NULL);
INSERT INTO `order_info` (`id`, `tenant_id`, `shop_id`, `del_flag`, `create_time`, `update_time`, `app_type`, `app_id`, `user_id`, `order_no`, `payment_way`, `delivery_way`, `payment_type`, `trade_type`, `is_pay`, `name`, `status`, `appraises_status`, `freight_price`, `sales_price`, `payment_points_price`, `payment_coupon_price`, `payment_price`, `payment_points`, `payment_time`, `delivery_time`, `receiver_time`, `closing_time`, `user_message`, `logistics_id`, `transaction_id`, `order_type`, `market_id`, `relation_id`, `remark`) VALUES ('1445695507195867138', '1', '1261193346845495297', '0', '2021-10-06 18:20:43', '2021-10-06 18:20:43', 'H5-PC', NULL, '1387751568009359361', '1445695507165872128', '2', '2', NULL, NULL, '0', 'Apple iPhone 11 (A2223) 128GB 黑色', '5', NULL, 0.00, 7025.00, 0.00, 0.00, 7025.00, 0, NULL, NULL, NULL, NULL, NULL, NULL, NULL, '0', NULL, NULL, NULL);
INSERT INTO `order_info` (`id`, `tenant_id`, `shop_id`, `del_flag`, `create_time`, `update_time`, `app_type`, `app_id`, `user_id`, `order_no`, `payment_way`, `delivery_way`, `payment_type`, `trade_type`, `is_pay`, `name`, `status`, `appraises_status`, `freight_price`, `sales_price`, `payment_points_price`, `payment_coupon_price`, `payment_price`, `payment_points`, `payment_time`, `delivery_time`, `receiver_time`, `closing_time`, `user_message`, `logistics_id`, `transaction_id`, `order_type`, `market_id`, `relation_id`, `remark`) VALUES ('1445696460284342274', '1', '1261193346845495297', '0', '2021-10-06 18:24:30', '2021-10-06 18:24:30', 'H5-PC', NULL, '1387751568009359361', '1445696459579064320', '2', '2', NULL, NULL, '0', 'Apple iPhone 11 (A2223) 128GB 黑色', '5', NULL, 0.00, 7025.00, 0.00, 0.00, 7025.00, 0, NULL, NULL, NULL, NULL, NULL, NULL, NULL, '0', NULL, NULL, NULL);
INSERT INTO `order_info` (`id`, `tenant_id`, `shop_id`, `del_flag`, `create_time`, `update_time`, `app_type`, `app_id`, `user_id`, `order_no`, `payment_way`, `delivery_way`, `payment_type`, `trade_type`, `is_pay`, `name`, `status`, `appraises_status`, `freight_price`, `sales_price`, `payment_points_price`, `payment_coupon_price`, `payment_price`, `payment_points`, `payment_time`, `delivery_time`, `receiver_time`, `closing_time`, `user_message`, `logistics_id`, `transaction_id`, `order_type`, `market_id`, `relation_id`, `remark`) VALUES ('1445696840711806978', '1', '1261193346845495297', '0', '2021-10-06 18:26:01', '2021-10-06 18:26:01', 'H5-PC', NULL, '1387751568009359361', '1445696840635777024', '2', '2', NULL, NULL, '0', 'Apple iPhone 11 (A2223) 128GB 黑色', '5', NULL, 0.00, 7025.00, 0.00, 0.00, 7025.00, 0, NULL, NULL, NULL, NULL, NULL, NULL, NULL, '0', NULL, NULL, NULL);
INSERT INTO `order_info` (`id`, `tenant_id`, `shop_id`, `del_flag`, `create_time`, `update_time`, `app_type`, `app_id`, `user_id`, `order_no`, `payment_way`, `delivery_way`, `payment_type`, `trade_type`, `is_pay`, `name`, `status`, `appraises_status`, `freight_price`, `sales_price`, `payment_points_price`, `payment_coupon_price`, `payment_price`, `payment_points`, `payment_time`, `delivery_time`, `receiver_time`, `closing_time`, `user_message`, `logistics_id`, `transaction_id`, `order_type`, `market_id`, `relation_id`, `remark`) VALUES ('1445696964749959169', '1', '1261193346845495297', '0', '2021-10-06 18:26:31', '2021-10-06 18:26:30', 'H5-PC', NULL, '1387751568009359361', '1445696964728455168', '2', '2', NULL, NULL, '0', 'Apple iPhone 11 (A2223) 128GB 黑色', '5', NULL, 0.00, 7025.00, 0.00, 0.00, 7025.00, 0, NULL, NULL, NULL, NULL, NULL, NULL, NULL, '0', NULL, NULL, NULL);
INSERT INTO `order_info` (`id`, `tenant_id`, `shop_id`, `del_flag`, `create_time`, `update_time`, `app_type`, `app_id`, `user_id`, `order_no`, `payment_way`, `delivery_way`, `payment_type`, `trade_type`, `is_pay`, `name`, `status`, `appraises_status`, `freight_price`, `sales_price`, `payment_points_price`, `payment_coupon_price`, `payment_price`, `payment_points`, `payment_time`, `delivery_time`, `receiver_time`, `closing_time`, `user_message`, `logistics_id`, `transaction_id`, `order_type`, `market_id`, `relation_id`, `remark`) VALUES ('1445698492697157633', '1', '1261193346845495297', '0', '2021-10-06 18:32:35', '2021-10-06 18:32:35', 'H5-PC', NULL, '1387751568009359361', '1445698492700819456', '2', '2', NULL, NULL, '0', 'Apple iPhone 11 (A2223) 128GB 黑色', '5', NULL, 0.00, 7025.00, 0.00, 0.00, 7025.00, 0, NULL, NULL, NULL, NULL, NULL, NULL, NULL, '0', NULL, NULL, NULL);
INSERT INTO `order_info` (`id`, `tenant_id`, `shop_id`, `del_flag`, `create_time`, `update_time`, `app_type`, `app_id`, `user_id`, `order_no`, `payment_way`, `delivery_way`, `payment_type`, `trade_type`, `is_pay`, `name`, `status`, `appraises_status`, `freight_price`, `sales_price`, `payment_points_price`, `payment_coupon_price`, `payment_price`, `payment_points`, `payment_time`, `delivery_time`, `receiver_time`, `closing_time`, `user_message`, `logistics_id`, `transaction_id`, `order_type`, `market_id`, `relation_id`, `remark`) VALUES ('1445698620317245442', '1', '1261193346845495297', '0', '2021-10-06 18:33:06', '2021-10-06 18:33:05', 'H5-PC', NULL, '1387751568009359361', '1445698620329295872', '2', '2', NULL, NULL, '0', 'Apple iPhone 11 (A2223) 128GB 黑色', '5', NULL, 0.00, 7025.00, 0.00, 0.00, 7025.00, 0, NULL, NULL, NULL, NULL, NULL, NULL, NULL, '0', NULL, NULL, NULL);
INSERT INTO `order_info` (`id`, `tenant_id`, `shop_id`, `del_flag`, `create_time`, `update_time`, `app_type`, `app_id`, `user_id`, `order_no`, `payment_way`, `delivery_way`, `payment_type`, `trade_type`, `is_pay`, `name`, `status`, `appraises_status`, `freight_price`, `sales_price`, `payment_points_price`, `payment_coupon_price`, `payment_price`, `payment_points`, `payment_time`, `delivery_time`, `receiver_time`, `closing_time`, `user_message`, `logistics_id`, `transaction_id`, `order_type`, `market_id`, `relation_id`, `remark`) VALUES ('1445699294522253313', '1', '1261193346845495297', '0', '2021-10-06 18:35:46', '2021-10-06 18:35:46', 'H5-PC', NULL, '1387751568009359361', '1445699294500749312', '2', '2', NULL, NULL, '0', 'Apple iPhone 11 (A2223) 128GB 黑色', '5', NULL, 0.00, 7025.00, 0.00, 0.00, 7025.00, 0, NULL, NULL, NULL, NULL, NULL, NULL, NULL, '0', NULL, NULL, NULL);
INSERT INTO `order_info` (`id`, `tenant_id`, `shop_id`, `del_flag`, `create_time`, `update_time`, `app_type`, `app_id`, `user_id`, `order_no`, `payment_way`, `delivery_way`, `payment_type`, `trade_type`, `is_pay`, `name`, `status`, `appraises_status`, `freight_price`, `sales_price`, `payment_points_price`, `payment_coupon_price`, `payment_price`, `payment_points`, `payment_time`, `delivery_time`, `receiver_time`, `closing_time`, `user_message`, `logistics_id`, `transaction_id`, `order_type`, `market_id`, `relation_id`, `remark`) VALUES ('1445699517629865986', '1', '1261193346845495297', '0', '2021-10-06 18:36:39', '2021-10-06 18:36:39', 'H5-PC', NULL, '1387751568009359361', '1445699517646110720', '2', '2', NULL, NULL, '0', 'Apple iPhone 11 (A2223) 128GB 黑色', '5', NULL, 0.00, 7025.00, 0.00, 0.00, 7025.00, 0, NULL, NULL, NULL, NULL, NULL, NULL, NULL, '0', NULL, NULL, NULL);
INSERT INTO `order_info` (`id`, `tenant_id`, `shop_id`, `del_flag`, `create_time`, `update_time`, `app_type`, `app_id`, `user_id`, `order_no`, `payment_way`, `delivery_way`, `payment_type`, `trade_type`, `is_pay`, `name`, `status`, `appraises_status`, `freight_price`, `sales_price`, `payment_points_price`, `payment_coupon_price`, `payment_price`, `payment_points`, `payment_time`, `delivery_time`, `receiver_time`, `closing_time`, `user_message`, `logistics_id`, `transaction_id`, `order_type`, `market_id`, `relation_id`, `remark`) VALUES ('1445725377284071425', '1', '1261176336950480898', '0', '2021-10-06 20:19:25', '2021-10-06 20:19:24', 'H5-PC', NULL, '1387751568009359361', '1445725377224769536', '2', '2', '2', NULL, '1', '华为 HUAWEI nova 7 SE 5G 麒麟820 5G SoC芯片 6400万高清AI四摄 40W超级快充 8GB+128GB银月星辉全网通手机', '1', NULL, 0.00, 0.03, 0.00, 0.00, 0.03, 0, '2021-10-06 20:19:41', NULL, NULL, NULL, NULL, NULL, NULL, '0', NULL, NULL, NULL);
INSERT INTO `order_info` (`id`, `tenant_id`, `shop_id`, `del_flag`, `create_time`, `update_time`, `app_type`, `app_id`, `user_id`, `order_no`, `payment_way`, `delivery_way`, `payment_type`, `trade_type`, `is_pay`, `name`, `status`, `appraises_status`, `freight_price`, `sales_price`, `payment_points_price`, `payment_coupon_price`, `payment_price`, `payment_points`, `payment_time`, `delivery_time`, `receiver_time`, `closing_time`, `user_message`, `logistics_id`, `transaction_id`, `order_type`, `market_id`, `relation_id`, `remark`) VALUES ('1445737956442222593', '1', '1261176336950480898', '0', '2021-10-06 21:09:24', '2021-10-06 21:09:23', 'H5-PC', NULL, '1387751568009359361', '1445737956395450368', '2', '2', '1', 'NATIVE', '1', '华为 HUAWEI nova 7 SE 5G 麒麟820 5G SoC芯片 6400万高清AI四摄 40W超级快充 8GB+128GB银月星辉全网通手机', '1', NULL, 0.00, 0.03, 0.00, 0.00, 0.03, 0, '2021-10-06 21:09:38', NULL, NULL, NULL, NULL, NULL, '4200001219202110067133985400', '0', NULL, NULL, NULL);
INSERT INTO `order_info` (`id`, `tenant_id`, `shop_id`, `del_flag`, `create_time`, `update_time`, `app_type`, `app_id`, `user_id`, `order_no`, `payment_way`, `delivery_way`, `payment_type`, `trade_type`, `is_pay`, `name`, `status`, `appraises_status`, `freight_price`, `sales_price`, `payment_points_price`, `payment_coupon_price`, `payment_price`, `payment_points`, `payment_time`, `delivery_time`, `receiver_time`, `closing_time`, `user_message`, `logistics_id`, `transaction_id`, `order_type`, `market_id`, `relation_id`, `remark`) VALUES ('1445739260036100098', '1', '1261176336950480898', '0', '2021-10-06 21:14:35', '2021-10-06 21:14:34', 'H5-PC', NULL, '1387751568009359361', '1445739260018688000', '2', '2', '1', 'NATIVE', '1', '华为 HUAWEI nova 7 SE 5G 麒麟820 5G SoC芯片 6400万高清AI四摄 40W超级快充 8GB+128GB银月星辉全网通手机', '1', NULL, 0.00, 0.03, 0.00, 0.00, 0.03, 0, '2021-10-06 21:14:48', NULL, NULL, NULL, NULL, NULL, '4200001230202110064993728699', '0', NULL, NULL, NULL);
INSERT INTO `order_info` (`id`, `tenant_id`, `shop_id`, `del_flag`, `create_time`, `update_time`, `app_type`, `app_id`, `user_id`, `order_no`, `payment_way`, `delivery_way`, `payment_type`, `trade_type`, `is_pay`, `name`, `status`, `appraises_status`, `freight_price`, `sales_price`, `payment_points_price`, `payment_coupon_price`, `payment_price`, `payment_points`, `payment_time`, `delivery_time`, `receiver_time`, `closing_time`, `user_message`, `logistics_id`, `transaction_id`, `order_type`, `market_id`, `relation_id`, `remark`) VALUES ('1445742213430046721', '1', '1261176336950480898', '0', '2021-10-06 21:26:19', '2021-10-06 21:26:18', 'H5-PC', NULL, '1387751568009359361', '1445742213387517952', '2', '2', '1', 'NATIVE', '1', '华为 HUAWEI nova 7 SE 5G 麒麟820 5G SoC芯片 6400万高清AI四摄 40W超级快充 8GB+128GB银月星辉全网通手机', '1', NULL, 0.00, 0.03, 0.00, 0.00, 0.03, 0, '2021-10-06 21:26:32', NULL, NULL, NULL, NULL, NULL, '4200001209202110066731182974', '0', NULL, NULL, NULL);
INSERT INTO `order_info` (`id`, `tenant_id`, `shop_id`, `del_flag`, `create_time`, `update_time`, `app_type`, `app_id`, `user_id`, `order_no`, `payment_way`, `delivery_way`, `payment_type`, `trade_type`, `is_pay`, `name`, `status`, `appraises_status`, `freight_price`, `sales_price`, `payment_points_price`, `payment_coupon_price`, `payment_price`, `payment_points`, `payment_time`, `delivery_time`, `receiver_time`, `closing_time`, `user_message`, `logistics_id`, `transaction_id`, `order_type`, `market_id`, `relation_id`, `remark`) VALUES ('1445950100563636226', '1', '1261176336950480898', '0', '2021-10-07 11:12:23', '2021-10-07 11:13:24', 'H5-PC', NULL, '1387751568009359361', '1445950100521091072', '2', '2', '1', 'NATIVE', '1', '华为 HUAWEI nova 7 SE 5G 麒麟820 5G SoC芯片 6400万高清AI四摄 40W超级快充 8GB+128GB银月星辉全网通手机', '5', NULL, 0.00, 0.03, 0.00, 0.00, 0.03, 0, '2021-10-07 11:12:38', NULL, NULL, NULL, NULL, NULL, '4200001125202110074159451366', '0', NULL, NULL, NULL);
INSERT INTO `order_info` (`id`, `tenant_id`, `shop_id`, `del_flag`, `create_time`, `update_time`, `app_type`, `app_id`, `user_id`, `order_no`, `payment_way`, `delivery_way`, `payment_type`, `trade_type`, `is_pay`, `name`, `status`, `appraises_status`, `freight_price`, `sales_price`, `payment_points_price`, `payment_coupon_price`, `payment_price`, `payment_points`, `payment_time`, `delivery_time`, `receiver_time`, `closing_time`, `user_message`, `logistics_id`, `transaction_id`, `order_type`, `market_id`, `relation_id`, `remark`) VALUES ('1445951116059160578', '1', '1261176336950480898', '0', '2021-10-07 11:16:25', '2021-10-07 11:16:25', 'H5-PC', NULL, '1387751568009359361', '1445951116045975552', '2', '2', '2', NULL, '1', '华为 HUAWEI nova 7 SE 5G 麒麟820 5G SoC芯片 6400万高清AI四摄 40W超级快充 8GB+128GB银月星辉全网通手机', '1', NULL, 0.00, 0.03, 0.00, 0.00, 0.03, 0, '2021-10-07 11:16:41', NULL, NULL, NULL, NULL, NULL, NULL, '0', NULL, NULL, NULL);
INSERT INTO `order_info` (`id`, `tenant_id`, `shop_id`, `del_flag`, `create_time`, `update_time`, `app_type`, `app_id`, `user_id`, `order_no`, `payment_way`, `delivery_way`, `payment_type`, `trade_type`, `is_pay`, `name`, `status`, `appraises_status`, `freight_price`, `sales_price`, `payment_points_price`, `payment_coupon_price`, `payment_price`, `payment_points`, `payment_time`, `delivery_time`, `receiver_time`, `closing_time`, `user_message`, `logistics_id`, `transaction_id`, `order_type`, `market_id`, `relation_id`, `remark`) VALUES ('1445951981415321602', '1', '1261176336950480898', '0', '2021-10-07 11:19:52', '2021-10-07 11:19:51', 'H5-PC', NULL, '1387751568009359361', '1445951981389611008', '2', '2', '2', NULL, '1', '华为 HUAWEI nova 7 SE 5G 麒麟820 5G SoC芯片 6400万高清AI四摄 40W超级快充 8GB+128GB银月星辉全网通手机', '1', NULL, 0.00, 0.03, 0.00, 0.00, 0.03, 0, '2021-10-07 11:20:03', NULL, NULL, NULL, NULL, NULL, NULL, '0', NULL, NULL, NULL);
INSERT INTO `order_info` (`id`, `tenant_id`, `shop_id`, `del_flag`, `create_time`, `update_time`, `app_type`, `app_id`, `user_id`, `order_no`, `payment_way`, `delivery_way`, `payment_type`, `trade_type`, `is_pay`, `name`, `status`, `appraises_status`, `freight_price`, `sales_price`, `payment_points_price`, `payment_coupon_price`, `payment_price`, `payment_points`, `payment_time`, `delivery_time`, `receiver_time`, `closing_time`, `user_message`, `logistics_id`, `transaction_id`, `order_type`, `market_id`, `relation_id`, `remark`) VALUES ('1445955960140578817', '1', '1261176336950480898', '0', '2021-10-07 11:35:40', '2021-10-07 11:35:40', 'H5-PC', NULL, '1387751568009359361', '1445955960118968320', '2', '2', '2', NULL, '1', '华为 HUAWEI nova 7 SE 5G 麒麟820 5G SoC芯片 6400万高清AI四摄 40W超级快充 8GB+128GB银月星辉全网通手机', '1', NULL, 0.00, 0.03, 0.00, 0.00, 0.03, 0, '2021-10-07 11:35:52', NULL, NULL, NULL, NULL, NULL, NULL, '0', NULL, NULL, NULL);
INSERT INTO `order_info` (`id`, `tenant_id`, `shop_id`, `del_flag`, `create_time`, `update_time`, `app_type`, `app_id`, `user_id`, `order_no`, `payment_way`, `delivery_way`, `payment_type`, `trade_type`, `is_pay`, `name`, `status`, `appraises_status`, `freight_price`, `sales_price`, `payment_points_price`, `payment_coupon_price`, `payment_price`, `payment_points`, `payment_time`, `delivery_time`, `receiver_time`, `closing_time`, `user_message`, `logistics_id`, `transaction_id`, `order_type`, `market_id`, `relation_id`, `remark`) VALUES ('1445956733683367937', '1', '1261176336950480898', '0', '2021-10-07 11:38:45', '2021-10-07 11:38:44', 'H5-PC', NULL, '1387751568009359361', '1445956733523460096', '2', '2', '2', NULL, '1', '华为 HUAWEI nova 7 SE 5G 麒麟820 5G SoC芯片 6400万高清AI四摄 40W超级快充 8GB+128GB银月星辉全网通手机', '1', NULL, 0.00, 0.23, 0.00, 0.00, 0.23, 0, '2021-10-07 11:39:00', NULL, NULL, NULL, NULL, NULL, NULL, '0', NULL, NULL, NULL);
INSERT INTO `order_info` (`id`, `tenant_id`, `shop_id`, `del_flag`, `create_time`, `update_time`, `app_type`, `app_id`, `user_id`, `order_no`, `payment_way`, `delivery_way`, `payment_type`, `trade_type`, `is_pay`, `name`, `status`, `appraises_status`, `freight_price`, `sales_price`, `payment_points_price`, `payment_coupon_price`, `payment_price`, `payment_points`, `payment_time`, `delivery_time`, `receiver_time`, `closing_time`, `user_message`, `logistics_id`, `transaction_id`, `order_type`, `market_id`, `relation_id`, `remark`) VALUES ('1446026188379725826', '1', '1261176336950480898', '0', '2021-10-07 16:14:44', '2021-10-07 16:14:43', 'H5-PC', NULL, '1387751568009359361', '1446026188307824640', '2', '2', '2', NULL, '1', '华为 HUAWEI nova 7 SE 5G 麒麟820 5G SoC芯片 6400万高清AI四摄 40W超级快充 8GB+128GB银月星辉全网通手机', '1', NULL, 0.00, 0.03, 0.00, 0.00, 0.03, 0, '2021-10-07 16:14:58', NULL, NULL, NULL, NULL, NULL, NULL, '0', NULL, NULL, NULL);
INSERT INTO `order_info` (`id`, `tenant_id`, `shop_id`, `del_flag`, `create_time`, `update_time`, `app_type`, `app_id`, `user_id`, `order_no`, `payment_way`, `delivery_way`, `payment_type`, `trade_type`, `is_pay`, `name`, `status`, `appraises_status`, `freight_price`, `sales_price`, `payment_points_price`, `payment_coupon_price`, `payment_price`, `payment_points`, `payment_time`, `delivery_time`, `receiver_time`, `closing_time`, `user_message`, `logistics_id`, `transaction_id`, `order_type`, `market_id`, `relation_id`, `remark`) VALUES ('1446027073105240065', '1', '1261176336950480898', '0', '2021-10-07 16:18:15', '2021-10-07 16:18:14', 'H5-PC', NULL, '1387751568009359361', '1446027073129807872', '2', '2', '2', NULL, '1', '华为 HUAWEI nova 7 SE 5G 麒麟820 5G SoC芯片 6400万高清AI四摄 40W超级快充 8GB+128GB银月星辉全网通手机', '1', NULL, 0.00, 0.03, 0.00, 0.00, 0.03, 0, '2021-10-07 16:18:26', NULL, NULL, NULL, NULL, NULL, NULL, '0', NULL, NULL, NULL);
INSERT INTO `order_info` (`id`, `tenant_id`, `shop_id`, `del_flag`, `create_time`, `update_time`, `app_type`, `app_id`, `user_id`, `order_no`, `payment_way`, `delivery_way`, `payment_type`, `trade_type`, `is_pay`, `name`, `status`, `appraises_status`, `freight_price`, `sales_price`, `payment_points_price`, `payment_coupon_price`, `payment_price`, `payment_points`, `payment_time`, `delivery_time`, `receiver_time`, `closing_time`, `user_message`, `logistics_id`, `transaction_id`, `order_type`, `market_id`, `relation_id`, `remark`) VALUES ('1446028000335831041', '1', '1261176336950480898', '0', '2021-10-07 16:21:56', '2021-10-07 16:21:55', 'H5-PC', NULL, '1387751568009359361', '1446028000297484288', '2', '2', '2', NULL, '1', '华为 HUAWEI nova 7 SE 5G 麒麟820 5G SoC芯片 6400万高清AI四摄 40W超级快充 8GB+128GB银月星辉全网通手机', '1', NULL, 0.00, 0.03, 0.00, 0.00, 0.03, 0, '2021-10-07 16:22:05', NULL, NULL, NULL, NULL, NULL, NULL, '0', NULL, NULL, NULL);
INSERT INTO `order_info` (`id`, `tenant_id`, `shop_id`, `del_flag`, `create_time`, `update_time`, `app_type`, `app_id`, `user_id`, `order_no`, `payment_way`, `delivery_way`, `payment_type`, `trade_type`, `is_pay`, `name`, `status`, `appraises_status`, `freight_price`, `sales_price`, `payment_points_price`, `payment_coupon_price`, `payment_price`, `payment_points`, `payment_time`, `delivery_time`, `receiver_time`, `closing_time`, `user_message`, `logistics_id`, `transaction_id`, `order_type`, `market_id`, `relation_id`, `remark`) VALUES ('1446029400151236609', '1', '1261176336950480898', '0', '2021-10-07 16:27:30', '2021-10-07 16:27:29', 'H5-PC', NULL, '1387751568009359361', '1446029400146444288', '2', '2', '2', NULL, '1', '华为 HUAWEI nova 7 SE 5G 麒麟820 5G SoC芯片 6400万高清AI四摄 40W超级快充 8GB+128GB银月星辉全网通手机', '1', NULL, 0.00, 0.03, 0.00, 0.00, 0.03, 0, '2021-10-07 16:27:41', NULL, NULL, NULL, NULL, NULL, NULL, '0', NULL, NULL, NULL);
INSERT INTO `order_info` (`id`, `tenant_id`, `shop_id`, `del_flag`, `create_time`, `update_time`, `app_type`, `app_id`, `user_id`, `order_no`, `payment_way`, `delivery_way`, `payment_type`, `trade_type`, `is_pay`, `name`, `status`, `appraises_status`, `freight_price`, `sales_price`, `payment_points_price`, `payment_coupon_price`, `payment_price`, `payment_points`, `payment_time`, `delivery_time`, `receiver_time`, `closing_time`, `user_message`, `logistics_id`, `transaction_id`, `order_type`, `market_id`, `relation_id`, `remark`) VALUES ('1446030725752627202', '1', '1261176336950480898', '0', '2021-10-07 16:32:46', '2021-10-07 16:32:45', 'H5-PC', NULL, '1387751568009359361', '1446030725726863360', '2', '2', '2', NULL, '1', '华为 HUAWEI nova 7 SE 5G 麒麟820 5G SoC芯片 6400万高清AI四摄 40W超级快充 8GB+128GB银月星辉全网通手机', '1', NULL, 0.00, 0.03, 0.00, 0.00, 0.03, 0, '2021-10-07 16:32:59', NULL, NULL, NULL, NULL, NULL, NULL, '0', NULL, NULL, NULL);
INSERT INTO `order_info` (`id`, `tenant_id`, `shop_id`, `del_flag`, `create_time`, `update_time`, `app_type`, `app_id`, `user_id`, `order_no`, `payment_way`, `delivery_way`, `payment_type`, `trade_type`, `is_pay`, `name`, `status`, `appraises_status`, `freight_price`, `sales_price`, `payment_points_price`, `payment_coupon_price`, `payment_price`, `payment_points`, `payment_time`, `delivery_time`, `receiver_time`, `closing_time`, `user_message`, `logistics_id`, `transaction_id`, `order_type`, `market_id`, `relation_id`, `remark`) VALUES ('1446034634869121026', '1', '1261176336950480898', '0', '2021-10-07 16:48:18', '2021-10-07 16:48:17', 'H5-PC', NULL, '1387751568009359361', '1446034634830774272', '2', '2', '1', 'NATIVE', '1', '华为 HUAWEI nova 7 SE 5G 麒麟820 5G SoC芯片 6400万高清AI四摄 40W超级快充 8GB+128GB银月星辉全网通手机', '1', NULL, 0.00, 0.03, 0.00, 0.00, 0.03, 0, '2021-10-07 16:48:29', NULL, NULL, NULL, NULL, NULL, '4200001212202110077231245685', '0', NULL, NULL, NULL);
INSERT INTO `order_info` (`id`, `tenant_id`, `shop_id`, `del_flag`, `create_time`, `update_time`, `app_type`, `app_id`, `user_id`, `order_no`, `payment_way`, `delivery_way`, `payment_type`, `trade_type`, `is_pay`, `name`, `status`, `appraises_status`, `freight_price`, `sales_price`, `payment_points_price`, `payment_coupon_price`, `payment_price`, `payment_points`, `payment_time`, `delivery_time`, `receiver_time`, `closing_time`, `user_message`, `logistics_id`, `transaction_id`, `order_type`, `market_id`, `relation_id`, `remark`) VALUES ('1446035140777680898', '1', '1261176336950480898', '0', '2021-10-07 16:50:18', '2021-10-07 16:50:18', 'H5-PC', NULL, '1387751568009359361', '1446035140785471488', '2', '2', '1', 'NATIVE', '1', '华为 HUAWEI nova 7 SE 5G 麒麟820 5G SoC芯片 6400万高清AI四摄 40W超级快充 8GB+128GB银月星辉全网通手机', '1', NULL, 0.00, 0.03, 0.00, 0.00, 0.03, 0, '2021-10-07 16:50:29', NULL, NULL, NULL, NULL, NULL, '4200001124202110074134745777', '0', NULL, NULL, NULL);
INSERT INTO `order_info` (`id`, `tenant_id`, `shop_id`, `del_flag`, `create_time`, `update_time`, `app_type`, `app_id`, `user_id`, `order_no`, `payment_way`, `delivery_way`, `payment_type`, `trade_type`, `is_pay`, `name`, `status`, `appraises_status`, `freight_price`, `sales_price`, `payment_points_price`, `payment_coupon_price`, `payment_price`, `payment_points`, `payment_time`, `delivery_time`, `receiver_time`, `closing_time`, `user_message`, `logistics_id`, `transaction_id`, `order_type`, `market_id`, `relation_id`, `remark`) VALUES ('1446035921157300226', '1', '1261176336950480898', '0', '2021-10-07 16:53:24', '2021-10-07 16:54:12', 'H5-PC', NULL, '1387751568009359361', '1446035921135730688', '2', '2', '1', 'NATIVE', '1', '华为 HUAWEI nova 7 SE 5G 麒麟820 5G SoC芯片 6400万高清AI四摄 40W超级快充 8GB+128GB银月星辉全网通手机', '5', NULL, 0.00, 0.03, 0.00, 0.00, 0.03, 0, '2021-10-07 16:53:35', NULL, NULL, NULL, NULL, NULL, '4200001226202110079422543270', '0', NULL, NULL, NULL);
INSERT INTO `order_info` (`id`, `tenant_id`, `shop_id`, `del_flag`, `create_time`, `update_time`, `app_type`, `app_id`, `user_id`, `order_no`, `payment_way`, `delivery_way`, `payment_type`, `trade_type`, `is_pay`, `name`, `status`, `appraises_status`, `freight_price`, `sales_price`, `payment_points_price`, `payment_coupon_price`, `payment_price`, `payment_points`, `payment_time`, `delivery_time`, `receiver_time`, `closing_time`, `user_message`, `logistics_id`, `transaction_id`, `order_type`, `market_id`, `relation_id`, `remark`) VALUES ('1446038227672178689', '1', '1261176336950480898', '0', '2021-10-07 17:02:34', '2021-10-07 17:05:10', 'H5-PC', NULL, '1387751568009359361', '1446038227650609152', '2', '2', '2', NULL, '1', '华为 HUAWEI nova 7 SE 5G 麒麟820 5G SoC芯片 6400万高清AI四摄 40W超级快充 8GB+128GB银月星辉全网通手机', '5', NULL, 0.00, 0.03, 0.00, 0.00, 0.03, 0, '2021-10-07 17:02:46', NULL, NULL, NULL, NULL, NULL, NULL, '0', NULL, NULL, NULL);
INSERT INTO `order_info` (`id`, `tenant_id`, `shop_id`, `del_flag`, `create_time`, `update_time`, `app_type`, `app_id`, `user_id`, `order_no`, `payment_way`, `delivery_way`, `payment_type`, `trade_type`, `is_pay`, `name`, `status`, `appraises_status`, `freight_price`, `sales_price`, `payment_points_price`, `payment_coupon_price`, `payment_price`, `payment_points`, `payment_time`, `delivery_time`, `receiver_time`, `closing_time`, `user_message`, `logistics_id`, `transaction_id`, `order_type`, `market_id`, `relation_id`, `remark`) VALUES ('1446051749659488259', '1', '1261193631538073602', '0', '2021-10-07 17:56:18', '2021-10-07 17:56:18', 'MA', 'wxf5a8653b9e669137', '1385064426583863297', '1446051749554028544', '2', '1', NULL, NULL, '0', 'Redmi K30 王一博同款 120Hz流速屏 前置挖孔双摄 索尼6400万后置四摄 4500mAh超长续航 27W快充 6GB+128GB 紫玉幻境 游戏智能手机 小米 红米', '5', NULL, 0.00, 1698.00, 0.00, 0.00, 1698.00, 0, NULL, NULL, NULL, NULL, NULL, '1446051749659488258', NULL, '0', NULL, NULL, NULL);
INSERT INTO `order_info` (`id`, `tenant_id`, `shop_id`, `del_flag`, `create_time`, `update_time`, `app_type`, `app_id`, `user_id`, `order_no`, `payment_way`, `delivery_way`, `payment_type`, `trade_type`, `is_pay`, `name`, `status`, `appraises_status`, `freight_price`, `sales_price`, `payment_points_price`, `payment_coupon_price`, `payment_price`, `payment_points`, `payment_time`, `delivery_time`, `receiver_time`, `closing_time`, `user_message`, `logistics_id`, `transaction_id`, `order_type`, `market_id`, `relation_id`, `remark`) VALUES ('1446059350166155265', '1', '1261193631538073602', '0', '2021-10-07 18:26:30', '2021-10-07 18:26:30', 'MA', 'wxf5a8653b9e669137', '1385064426583863297', '1446059350069084160', '2', '1', NULL, NULL, '0', 'Redmi K30 王一博同款 120Hz流速屏 前置挖孔双摄 索尼6400万后置四摄 4500mAh超长续航 27W快充 6GB+128GB 紫玉幻境 游戏智能手机 小米 红米', '5', NULL, 0.00, 1698.00, 0.00, 0.00, 1698.00, 0, NULL, NULL, NULL, NULL, NULL, '1446059350094852097', NULL, '0', NULL, NULL, NULL);
INSERT INTO `order_info` (`id`, `tenant_id`, `shop_id`, `del_flag`, `create_time`, `update_time`, `app_type`, `app_id`, `user_id`, `order_no`, `payment_way`, `delivery_way`, `payment_type`, `trade_type`, `is_pay`, `name`, `status`, `appraises_status`, `freight_price`, `sales_price`, `payment_points_price`, `payment_coupon_price`, `payment_price`, `payment_points`, `payment_time`, `delivery_time`, `receiver_time`, `closing_time`, `user_message`, `logistics_id`, `transaction_id`, `order_type`, `market_id`, `relation_id`, `remark`) VALUES ('1446066985342939137', '1', '1261193631538073602', '0', '2021-10-07 18:56:51', '2021-10-07 18:56:50', 'MA', 'wxf5a8653b9e669137', '1385064426583863297', '1446066985300393984', '2', '1', NULL, NULL, '0', 'Redmi K30 王一博同款 120Hz流速屏 前置挖孔双摄 索尼6400万后置四摄 4500mAh超长续航 27W快充 6GB+128GB 紫玉幻境 游戏智能手机 小米 红米', '5', NULL, 0.00, 1698.00, 0.00, 0.00, 1698.00, 0, NULL, NULL, NULL, NULL, NULL, '1446066985321967617', NULL, '0', NULL, NULL, NULL);
INSERT INTO `order_info` (`id`, `tenant_id`, `shop_id`, `del_flag`, `create_time`, `update_time`, `app_type`, `app_id`, `user_id`, `order_no`, `payment_way`, `delivery_way`, `payment_type`, `trade_type`, `is_pay`, `name`, `status`, `appraises_status`, `freight_price`, `sales_price`, `payment_points_price`, `payment_coupon_price`, `payment_price`, `payment_points`, `payment_time`, `delivery_time`, `receiver_time`, `closing_time`, `user_message`, `logistics_id`, `transaction_id`, `order_type`, `market_id`, `relation_id`, `remark`) VALUES ('1446074604816248834', '1', '1261193631538073602', '0', '2021-10-07 19:27:07', '2021-10-07 19:27:07', 'MA', 'wxf5a8653b9e669137', '1385064426583863297', '1446074604807258112', '2', '1', NULL, NULL, '0', 'Redmi K30 王一博同款 120Hz流速屏 前置挖孔双摄 索尼6400万后置四摄 4500mAh超长续航 27W快充 6GB+128GB 紫玉幻境 游戏智能手机 小米 红米', '5', NULL, 0.00, 599.00, 0.00, 0.00, 599.00, 0, NULL, NULL, NULL, NULL, NULL, '1446074604816248833', NULL, '0', NULL, NULL, NULL);
INSERT INTO `order_info` (`id`, `tenant_id`, `shop_id`, `del_flag`, `create_time`, `update_time`, `app_type`, `app_id`, `user_id`, `order_no`, `payment_way`, `delivery_way`, `payment_type`, `trade_type`, `is_pay`, `name`, `status`, `appraises_status`, `freight_price`, `sales_price`, `payment_points_price`, `payment_coupon_price`, `payment_price`, `payment_points`, `payment_time`, `delivery_time`, `receiver_time`, `closing_time`, `user_message`, `logistics_id`, `transaction_id`, `order_type`, `market_id`, `relation_id`, `remark`) VALUES ('1446301277226610691', '1', '1261193631538073602', '0', '2021-10-08 10:27:50', '2021-10-08 10:27:50', 'MA', 'wxf5a8653b9e669137', '1385064426583863297', '1446301277200842752', '2', '1', NULL, NULL, '0', 'Redmi K30 王一博同款 120Hz流速屏 前置挖孔双摄 索尼6400万后置四摄 4500mAh超长续航 27W快充 6GB+128GB 紫玉幻境 游戏智能手机 小米 红米', '5', NULL, 0.00, 2689.00, 0.00, 0.00, 2689.00, 0, NULL, NULL, NULL, NULL, NULL, '1446301277226610690', NULL, '0', NULL, NULL, NULL);
INSERT INTO `order_info` (`id`, `tenant_id`, `shop_id`, `del_flag`, `create_time`, `update_time`, `app_type`, `app_id`, `user_id`, `order_no`, `payment_way`, `delivery_way`, `payment_type`, `trade_type`, `is_pay`, `name`, `status`, `appraises_status`, `freight_price`, `sales_price`, `payment_points_price`, `payment_coupon_price`, `payment_price`, `payment_points`, `payment_time`, `delivery_time`, `receiver_time`, `closing_time`, `user_message`, `logistics_id`, `transaction_id`, `order_type`, `market_id`, `relation_id`, `remark`) VALUES ('1446309054774849537', '1', '1261193631538073602', '0', '2021-10-08 10:58:44', '2021-10-08 10:58:44', 'MA', 'wxf5a8653b9e669137', '1385064426583863297', '1446309054736498688', '2', '1', NULL, NULL, '0', 'Redmi K30 王一博同款 120Hz流速屏 前置挖孔双摄 索尼6400万后置四摄 4500mAh超长续航 27W快充 6GB+128GB 紫玉幻境 游戏智能手机 小米 红米', '5', NULL, 0.00, 1698.00, 0.00, 0.00, 1698.00, 0, NULL, NULL, NULL, NULL, NULL, '1446309054703546369', NULL, '0', NULL, NULL, NULL);
INSERT INTO `order_info` (`id`, `tenant_id`, `shop_id`, `del_flag`, `create_time`, `update_time`, `app_type`, `app_id`, `user_id`, `order_no`, `payment_way`, `delivery_way`, `payment_type`, `trade_type`, `is_pay`, `name`, `status`, `appraises_status`, `freight_price`, `sales_price`, `payment_points_price`, `payment_coupon_price`, `payment_price`, `payment_points`, `payment_time`, `delivery_time`, `receiver_time`, `closing_time`, `user_message`, `logistics_id`, `transaction_id`, `order_type`, `market_id`, `relation_id`, `remark`) VALUES ('1446315737257422850', '1', '1261176336950480898', '0', '2021-10-08 11:25:18', '2021-10-08 11:25:17', 'APP', NULL, '1387751568009359361', '1446315737244237824', '2', '2', NULL, NULL, '0', '华为 HUAWEI nova 7 SE 5G 麒麟820 5G SoC芯片 6400万高清AI四摄 40W超级快充 8GB+128GB银月星辉全网通手机', '5', NULL, 0.00, 0.03, 0.00, 0.00, 0.03, 0, NULL, NULL, NULL, NULL, NULL, NULL, NULL, '0', NULL, NULL, NULL);
INSERT INTO `order_info` (`id`, `tenant_id`, `shop_id`, `del_flag`, `create_time`, `update_time`, `app_type`, `app_id`, `user_id`, `order_no`, `payment_way`, `delivery_way`, `payment_type`, `trade_type`, `is_pay`, `name`, `status`, `appraises_status`, `freight_price`, `sales_price`, `payment_points_price`, `payment_coupon_price`, `payment_price`, `payment_points`, `payment_time`, `delivery_time`, `receiver_time`, `closing_time`, `user_message`, `logistics_id`, `transaction_id`, `order_type`, `market_id`, `relation_id`, `remark`) VALUES ('1446317133725773825', '1', '1261176336950480898', '0', '2021-10-08 11:30:51', '2021-10-08 11:30:50', 'APP', NULL, '1387751568009359361', '1446317133712588800', '2', '2', NULL, NULL, '0', '华为 HUAWEI nova 7 SE 5G 麒麟820 5G SoC芯片 6400万高清AI四摄 40W超级快充 8GB+128GB银月星辉全网通手机', '5', NULL, 0.00, 0.03, 0.00, 0.00, 0.03, 0, NULL, NULL, NULL, NULL, NULL, NULL, NULL, '0', NULL, NULL, NULL);
INSERT INTO `order_info` (`id`, `tenant_id`, `shop_id`, `del_flag`, `create_time`, `update_time`, `app_type`, `app_id`, `user_id`, `order_no`, `payment_way`, `delivery_way`, `payment_type`, `trade_type`, `is_pay`, `name`, `status`, `appraises_status`, `freight_price`, `sales_price`, `payment_points_price`, `payment_coupon_price`, `payment_price`, `payment_points`, `payment_time`, `delivery_time`, `receiver_time`, `closing_time`, `user_message`, `logistics_id`, `transaction_id`, `order_type`, `market_id`, `relation_id`, `remark`) VALUES ('1446317296439603201', '1', '1261176336950480898', '0', '2021-10-08 11:31:29', '2021-10-08 11:31:29', 'APP', NULL, '1387751568009359361', '1446317296455778304', '2', '2', NULL, NULL, '0', '华为 HUAWEI nova 7 SE 5G 麒麟820 5G SoC芯片 6400万高清AI四摄 40W超级快充 8GB+128GB银月星辉全网通手机', '5', NULL, 0.00, 0.03, 0.00, 0.00, 0.03, 0, NULL, NULL, NULL, NULL, NULL, NULL, NULL, '0', NULL, NULL, NULL);
INSERT INTO `order_info` (`id`, `tenant_id`, `shop_id`, `del_flag`, `create_time`, `update_time`, `app_type`, `app_id`, `user_id`, `order_no`, `payment_way`, `delivery_way`, `payment_type`, `trade_type`, `is_pay`, `name`, `status`, `appraises_status`, `freight_price`, `sales_price`, `payment_points_price`, `payment_coupon_price`, `payment_price`, `payment_points`, `payment_time`, `delivery_time`, `receiver_time`, `closing_time`, `user_message`, `logistics_id`, `transaction_id`, `order_type`, `market_id`, `relation_id`, `remark`) VALUES ('1446317610211291138', '1', '1261176336950480898', '0', '2021-10-08 11:32:44', '2021-10-08 11:32:44', 'MA', 'wxf5a8653b9e669137', '1385064426583863297', '1446317610198106112', '2', '2', '1', 'JSAPI', '1', '华为 HUAWEI nova 7 SE 5G 麒麟820 5G SoC芯片 6400万高清AI四摄 40W超级快充 8GB+128GB银月星辉全网通手机', '1', NULL, 0.00, 0.03, 0.00, 0.00, 0.03, 0, '2021-10-08 11:33:00', NULL, NULL, NULL, NULL, NULL, '4200001118202110082765900351', '0', NULL, NULL, NULL);
INSERT INTO `order_info` (`id`, `tenant_id`, `shop_id`, `del_flag`, `create_time`, `update_time`, `app_type`, `app_id`, `user_id`, `order_no`, `payment_way`, `delivery_way`, `payment_type`, `trade_type`, `is_pay`, `name`, `status`, `appraises_status`, `freight_price`, `sales_price`, `payment_points_price`, `payment_coupon_price`, `payment_price`, `payment_points`, `payment_time`, `delivery_time`, `receiver_time`, `closing_time`, `user_message`, `logistics_id`, `transaction_id`, `order_type`, `market_id`, `relation_id`, `remark`) VALUES ('1446317779086553090', '1', '1261176336950480898', '0', '2021-10-08 11:33:24', '2021-10-08 11:33:24', 'MA', 'wxf5a8653b9e669137', '1385064426583863297', '1446317779073368064', '2', '2', '1', 'JSAPI', '1', '华为 HUAWEI nova 7 SE 5G 麒麟820 5G SoC芯片 6400万高清AI四摄 40W超级快充 8GB+128GB银月星辉全网通手机', '1', NULL, 0.00, 0.03, 0.00, 0.00, 0.03, 0, '2021-10-08 11:33:39', NULL, NULL, NULL, NULL, NULL, '4200001129202110081978737707', '0', NULL, NULL, NULL);
INSERT INTO `order_info` (`id`, `tenant_id`, `shop_id`, `del_flag`, `create_time`, `update_time`, `app_type`, `app_id`, `user_id`, `order_no`, `payment_way`, `delivery_way`, `payment_type`, `trade_type`, `is_pay`, `name`, `status`, `appraises_status`, `freight_price`, `sales_price`, `payment_points_price`, `payment_coupon_price`, `payment_price`, `payment_points`, `payment_time`, `delivery_time`, `receiver_time`, `closing_time`, `user_message`, `logistics_id`, `transaction_id`, `order_type`, `market_id`, `relation_id`, `remark`) VALUES ('1446325070154174466', '1', '1261176336950480898', '0', '2021-10-08 12:02:23', '2021-10-08 12:03:51', 'APP', NULL, '1387751568009359361', '1446325070107508736', '2', '2', '2', NULL, '1', '华为 HUAWEI nova 7 SE 5G 麒麟820 5G SoC芯片 6400万高清AI四摄 40W超级快充 8GB+128GB银月星辉全网通手机', '5', NULL, 0.00, 0.03, 0.00, 0.00, 0.03, 0, '2021-10-08 12:02:33', NULL, NULL, NULL, NULL, NULL, NULL, '0', NULL, NULL, NULL);
INSERT INTO `order_info` (`id`, `tenant_id`, `shop_id`, `del_flag`, `create_time`, `update_time`, `app_type`, `app_id`, `user_id`, `order_no`, `payment_way`, `delivery_way`, `payment_type`, `trade_type`, `is_pay`, `name`, `status`, `appraises_status`, `freight_price`, `sales_price`, `payment_points_price`, `payment_coupon_price`, `payment_price`, `payment_points`, `payment_time`, `delivery_time`, `receiver_time`, `closing_time`, `user_message`, `logistics_id`, `transaction_id`, `order_type`, `market_id`, `relation_id`, `remark`) VALUES ('1446326472645644290', '1', '1261176336950480898', '0', '2021-10-08 12:07:57', '2021-10-08 12:07:57', 'APP', NULL, '1387751568009359361', '1446326472607268864', '2', '2', '2', NULL, '1', '华为 HUAWEI nova 7 SE 5G 麒麟820 5G SoC芯片 6400万高清AI四摄 40W超级快充 8GB+128GB银月星辉全网通手机', '1', NULL, 0.00, 0.03, 0.00, 0.00, 0.03, 0, '2021-10-08 12:08:07', NULL, NULL, NULL, NULL, NULL, NULL, '0', NULL, NULL, NULL);
INSERT INTO `order_info` (`id`, `tenant_id`, `shop_id`, `del_flag`, `create_time`, `update_time`, `app_type`, `app_id`, `user_id`, `order_no`, `payment_way`, `delivery_way`, `payment_type`, `trade_type`, `is_pay`, `name`, `status`, `appraises_status`, `freight_price`, `sales_price`, `payment_points_price`, `payment_coupon_price`, `payment_price`, `payment_points`, `payment_time`, `delivery_time`, `receiver_time`, `closing_time`, `user_message`, `logistics_id`, `transaction_id`, `order_type`, `market_id`, `relation_id`, `remark`) VALUES ('1446327238890459137', '1', '1261176336950480898', '0', '2021-10-08 12:11:00', '2021-10-08 12:10:59', 'APP', NULL, '1387751568009359361', '1446327238906609664', '2', '2', '2', NULL, '1', '华为 HUAWEI nova 7 SE 5G 麒麟820 5G SoC芯片 6400万高清AI四摄 40W超级快充 8GB+128GB银月星辉全网通手机', '1', NULL, 0.00, 0.03, 0.00, 0.00, 0.03, 0, '2021-10-08 12:11:37', NULL, NULL, NULL, NULL, NULL, NULL, '0', NULL, NULL, NULL);
INSERT INTO `order_info` (`id`, `tenant_id`, `shop_id`, `del_flag`, `create_time`, `update_time`, `app_type`, `app_id`, `user_id`, `order_no`, `payment_way`, `delivery_way`, `payment_type`, `trade_type`, `is_pay`, `name`, `status`, `appraises_status`, `freight_price`, `sales_price`, `payment_points_price`, `payment_coupon_price`, `payment_price`, `payment_points`, `payment_time`, `delivery_time`, `receiver_time`, `closing_time`, `user_message`, `logistics_id`, `transaction_id`, `order_type`, `market_id`, `relation_id`, `remark`) VALUES ('1446328615679135746', '1', '1261176336950480898', '0', '2021-10-08 12:16:28', '2021-10-08 12:16:28', 'APP', NULL, '1387751568009359361', '1446328615661731840', '2', '2', '2', NULL, '1', '华为 HUAWEI nova 7 SE 5G 麒麟820 5G SoC芯片 6400万高清AI四摄 40W超级快充 8GB+128GB银月星辉全网通手机', '1', NULL, 0.00, 0.03, 0.00, 0.00, 0.03, 0, '2021-10-08 12:16:43', NULL, NULL, NULL, NULL, NULL, NULL, '0', NULL, NULL, NULL);
INSERT INTO `order_info` (`id`, `tenant_id`, `shop_id`, `del_flag`, `create_time`, `update_time`, `app_type`, `app_id`, `user_id`, `order_no`, `payment_way`, `delivery_way`, `payment_type`, `trade_type`, `is_pay`, `name`, `status`, `appraises_status`, `freight_price`, `sales_price`, `payment_points_price`, `payment_coupon_price`, `payment_price`, `payment_points`, `payment_time`, `delivery_time`, `receiver_time`, `closing_time`, `user_message`, `logistics_id`, `transaction_id`, `order_type`, `market_id`, `relation_id`, `remark`) VALUES ('1446329231524597761', '1', '1261176336950480898', '0', '2021-10-08 12:18:55', '2021-10-08 12:19:39', 'APP', NULL, '1387751568009359361', '1446329231507193856', '2', '2', '2', NULL, '1', '华为 HUAWEI nova 7 SE 5G 麒麟820 5G SoC芯片 6400万高清AI四摄 40W超级快充 8GB+128GB银月星辉全网通手机', '5', NULL, 0.00, 0.03, 0.00, 0.00, 0.03, 0, '2021-10-08 12:19:02', NULL, NULL, NULL, NULL, NULL, NULL, '0', NULL, NULL, NULL);
INSERT INTO `order_info` (`id`, `tenant_id`, `shop_id`, `del_flag`, `create_time`, `update_time`, `app_type`, `app_id`, `user_id`, `order_no`, `payment_way`, `delivery_way`, `payment_type`, `trade_type`, `is_pay`, `name`, `status`, `appraises_status`, `freight_price`, `sales_price`, `payment_points_price`, `payment_coupon_price`, `payment_price`, `payment_points`, `payment_time`, `delivery_time`, `receiver_time`, `closing_time`, `user_message`, `logistics_id`, `transaction_id`, `order_type`, `market_id`, `relation_id`, `remark`) VALUES ('1446329683683151873', '1', '1261176336950480898', '0', '2021-10-08 12:20:43', '2021-10-08 12:23:53', 'APP', NULL, '1387751568009359361', '1446329683665747968', '2', '2', '2', NULL, '1', '华为 HUAWEI nova 7 SE 5G 麒麟820 5G SoC芯片 6400万高清AI四摄 40W超级快充 8GB+128GB银月星辉全网通手机', '5', NULL, 0.00, 0.03, 0.00, 0.00, 0.03, 0, '2021-10-08 12:20:53', NULL, NULL, NULL, NULL, NULL, NULL, '0', NULL, NULL, NULL);
INSERT INTO `order_info` (`id`, `tenant_id`, `shop_id`, `del_flag`, `create_time`, `update_time`, `app_type`, `app_id`, `user_id`, `order_no`, `payment_way`, `delivery_way`, `payment_type`, `trade_type`, `is_pay`, `name`, `status`, `appraises_status`, `freight_price`, `sales_price`, `payment_points_price`, `payment_coupon_price`, `payment_price`, `payment_points`, `payment_time`, `delivery_time`, `receiver_time`, `closing_time`, `user_message`, `logistics_id`, `transaction_id`, `order_type`, `market_id`, `relation_id`, `remark`) VALUES ('1446330582254063618', '1', '1261176336950480898', '0', '2021-10-08 12:24:17', '2021-10-08 12:25:05', 'APP', NULL, '1387751568009359361', '1446330582236659712', '2', '2', '2', NULL, '1', '华为 HUAWEI nova 7 SE 5G 麒麟820 5G SoC芯片 6400万高清AI四摄 40W超级快充 8GB+128GB银月星辉全网通手机', '5', NULL, 0.00, 0.03, 0.00, 0.00, 0.03, 0, '2021-10-08 12:24:26', NULL, NULL, NULL, NULL, NULL, NULL, '0', NULL, NULL, NULL);
INSERT INTO `order_info` (`id`, `tenant_id`, `shop_id`, `del_flag`, `create_time`, `update_time`, `app_type`, `app_id`, `user_id`, `order_no`, `payment_way`, `delivery_way`, `payment_type`, `trade_type`, `is_pay`, `name`, `status`, `appraises_status`, `freight_price`, `sales_price`, `payment_points_price`, `payment_coupon_price`, `payment_price`, `payment_points`, `payment_time`, `delivery_time`, `receiver_time`, `closing_time`, `user_message`, `logistics_id`, `transaction_id`, `order_type`, `market_id`, `relation_id`, `remark`) VALUES ('1446330997385302018', '1', '1261176336950480898', '0', '2021-10-08 12:25:56', '2021-10-08 12:26:55', 'H5-PC', NULL, '1387751568009359361', '1446330997376286720', '2', '2', '1', 'NATIVE', '1', '华为 HUAWEI nova 7 SE 5G 麒麟820 5G SoC芯片 6400万高清AI四摄 40W超级快充 8GB+128GB银月星辉全网通手机', '5', NULL, 0.00, 0.03, 0.00, 0.00, 0.03, 0, '2021-10-08 12:26:07', NULL, NULL, NULL, NULL, NULL, '4200001134202110083444509009', '0', NULL, NULL, NULL);
INSERT INTO `order_info` (`id`, `tenant_id`, `shop_id`, `del_flag`, `create_time`, `update_time`, `app_type`, `app_id`, `user_id`, `order_no`, `payment_way`, `delivery_way`, `payment_type`, `trade_type`, `is_pay`, `name`, `status`, `appraises_status`, `freight_price`, `sales_price`, `payment_points_price`, `payment_coupon_price`, `payment_price`, `payment_points`, `payment_time`, `delivery_time`, `receiver_time`, `closing_time`, `user_message`, `logistics_id`, `transaction_id`, `order_type`, `market_id`, `relation_id`, `remark`) VALUES ('1446331882714796034', '1', '1261193631538073602', '0', '2021-10-08 12:29:27', '2021-10-08 12:29:27', 'MA', 'wxf5a8653b9e669137', '1385064426583863297', '1446331882663837696', '2', '1', NULL, NULL, '0', 'Redmi K30 王一博同款 120Hz流速屏 前置挖孔双摄 索尼6400万后置四摄 4500mAh超长续航 27W快充 6GB+128GB 紫玉幻境 游戏智能手机 小米 红米', '5', NULL, 0.00, 1698.00, 0.00, 0.00, 1698.00, 0, NULL, NULL, NULL, NULL, NULL, '1446331882698018817', NULL, '0', NULL, NULL, NULL);
INSERT INTO `order_info` (`id`, `tenant_id`, `shop_id`, `del_flag`, `create_time`, `update_time`, `app_type`, `app_id`, `user_id`, `order_no`, `payment_way`, `delivery_way`, `payment_type`, `trade_type`, `is_pay`, `name`, `status`, `appraises_status`, `freight_price`, `sales_price`, `payment_points_price`, `payment_coupon_price`, `payment_price`, `payment_points`, `payment_time`, `delivery_time`, `receiver_time`, `closing_time`, `user_message`, `logistics_id`, `transaction_id`, `order_type`, `market_id`, `relation_id`, `remark`) VALUES ('1446335922357985281', '1', '1261176336950480898', '0', '2021-10-08 12:45:30', '2021-10-08 12:45:30', 'H5', NULL, '1387751568009359361', '1446335922311266304', '2', '2', '2', NULL, '1', '华为 HUAWEI nova 7 SE 5G 麒麟820 5G SoC芯片 6400万高清AI四摄 40W超级快充 8GB+128GB银月星辉全网通手机', '1', NULL, 0.00, 0.03, 0.00, 0.00, 0.03, 0, '2021-10-08 12:48:39', NULL, NULL, NULL, NULL, NULL, NULL, '0', NULL, NULL, NULL);
INSERT INTO `order_info` (`id`, `tenant_id`, `shop_id`, `del_flag`, `create_time`, `update_time`, `app_type`, `app_id`, `user_id`, `order_no`, `payment_way`, `delivery_way`, `payment_type`, `trade_type`, `is_pay`, `name`, `status`, `appraises_status`, `freight_price`, `sales_price`, `payment_points_price`, `payment_coupon_price`, `payment_price`, `payment_points`, `payment_time`, `delivery_time`, `receiver_time`, `closing_time`, `user_message`, `logistics_id`, `transaction_id`, `order_type`, `market_id`, `relation_id`, `remark`) VALUES ('1446350630368587778', '1', '1261176336950480898', '0', '2021-10-08 13:43:57', '2021-10-08 13:43:56', 'H5-PC', NULL, '1387751568009359361', '1446350630330302464', '2', '2', '2', NULL, '1', '华为 HUAWEI nova 7 SE 5G 麒麟820 5G SoC芯片 6400万高清AI四摄 40W超级快充 8GB+128GB银月星辉全网通手机', '1', NULL, 0.00, 0.03, 0.00, 0.00, 0.03, 0, '2021-10-08 13:49:44', NULL, NULL, NULL, NULL, NULL, NULL, '0', NULL, NULL, NULL);
INSERT INTO `order_info` (`id`, `tenant_id`, `shop_id`, `del_flag`, `create_time`, `update_time`, `app_type`, `app_id`, `user_id`, `order_no`, `payment_way`, `delivery_way`, `payment_type`, `trade_type`, `is_pay`, `name`, `status`, `appraises_status`, `freight_price`, `sales_price`, `payment_points_price`, `payment_coupon_price`, `payment_price`, `payment_points`, `payment_time`, `delivery_time`, `receiver_time`, `closing_time`, `user_message`, `logistics_id`, `transaction_id`, `order_type`, `market_id`, `relation_id`, `remark`) VALUES ('1446353373950914562', '1', '1261176336950480898', '0', '2021-10-08 13:54:51', '2021-10-08 13:54:50', 'H5-PC', NULL, '1387751568009359361', '1446353373933600768', '2', '2', NULL, NULL, '0', '华为 HUAWEI nova 7 SE 5G 麒麟820 5G SoC芯片 6400万高清AI四摄 40W超级快充 8GB+128GB银月星辉全网通手机', '5', NULL, 0.00, 0.03, 0.00, 0.00, 0.03, 0, NULL, NULL, NULL, NULL, NULL, NULL, NULL, '0', NULL, NULL, NULL);
INSERT INTO `order_info` (`id`, `tenant_id`, `shop_id`, `del_flag`, `create_time`, `update_time`, `app_type`, `app_id`, `user_id`, `order_no`, `payment_way`, `delivery_way`, `payment_type`, `trade_type`, `is_pay`, `name`, `status`, `appraises_status`, `freight_price`, `sales_price`, `payment_points_price`, `payment_coupon_price`, `payment_price`, `payment_points`, `payment_time`, `delivery_time`, `receiver_time`, `closing_time`, `user_message`, `logistics_id`, `transaction_id`, `order_type`, `market_id`, `relation_id`, `remark`) VALUES ('1446354089541120001', '1', '1261176336950480898', '0', '2021-10-08 13:57:42', '2021-10-08 13:57:41', 'H5-PC', NULL, '1387751568009359361', '1446354089523806208', '2', '2', '2', NULL, '1', '华为 HUAWEI nova 7 SE 5G 麒麟820 5G SoC芯片 6400万高清AI四摄 40W超级快充 8GB+128GB银月星辉全网通手机', '1', NULL, 0.00, 0.03, 0.00, 0.00, 0.03, 0, '2021-10-08 13:57:58', NULL, NULL, NULL, NULL, NULL, NULL, '0', NULL, NULL, NULL);
INSERT INTO `order_info` (`id`, `tenant_id`, `shop_id`, `del_flag`, `create_time`, `update_time`, `app_type`, `app_id`, `user_id`, `order_no`, `payment_way`, `delivery_way`, `payment_type`, `trade_type`, `is_pay`, `name`, `status`, `appraises_status`, `freight_price`, `sales_price`, `payment_points_price`, `payment_coupon_price`, `payment_price`, `payment_points`, `payment_time`, `delivery_time`, `receiver_time`, `closing_time`, `user_message`, `logistics_id`, `transaction_id`, `order_type`, `market_id`, `relation_id`, `remark`) VALUES ('1446354559705821185', '1', '1261176336950480898', '0', '2021-10-08 13:59:34', '2021-10-08 13:59:33', 'H5-PC', NULL, '1387751568009359361', '1446354559701090304', '2', '2', '2', NULL, '1', '华为 HUAWEI nova 7 SE 5G 麒麟820 5G SoC芯片 6400万高清AI四摄 40W超级快充 8GB+128GB银月星辉全网通手机', '1', NULL, 0.00, 0.03, 0.00, 0.00, 0.03, 0, '2021-10-08 14:01:03', NULL, NULL, NULL, NULL, NULL, NULL, '0', NULL, NULL, NULL);
INSERT INTO `order_info` (`id`, `tenant_id`, `shop_id`, `del_flag`, `create_time`, `update_time`, `app_type`, `app_id`, `user_id`, `order_no`, `payment_way`, `delivery_way`, `payment_type`, `trade_type`, `is_pay`, `name`, `status`, `appraises_status`, `freight_price`, `sales_price`, `payment_points_price`, `payment_coupon_price`, `payment_price`, `payment_points`, `payment_time`, `delivery_time`, `receiver_time`, `closing_time`, `user_message`, `logistics_id`, `transaction_id`, `order_type`, `market_id`, `relation_id`, `remark`) VALUES ('1446357352797712386', '1', '1261176336950480898', '0', '2021-10-08 14:10:40', '2021-10-08 14:10:39', 'H5', NULL, '1387751568009359361', '1446357352780398592', '2', '2', '2', NULL, '1', '华为 HUAWEI nova 7 SE 5G 麒麟820 5G SoC芯片 6400万高清AI四摄 40W超级快充 8GB+128GB银月星辉全网通手机', '1', NULL, 0.00, 0.03, 0.00, 0.00, 0.03, 0, '2021-10-08 14:10:53', NULL, NULL, NULL, NULL, NULL, NULL, '0', NULL, NULL, NULL);
INSERT INTO `order_info` (`id`, `tenant_id`, `shop_id`, `del_flag`, `create_time`, `update_time`, `app_type`, `app_id`, `user_id`, `order_no`, `payment_way`, `delivery_way`, `payment_type`, `trade_type`, `is_pay`, `name`, `status`, `appraises_status`, `freight_price`, `sales_price`, `payment_points_price`, `payment_coupon_price`, `payment_price`, `payment_points`, `payment_time`, `delivery_time`, `receiver_time`, `closing_time`, `user_message`, `logistics_id`, `transaction_id`, `order_type`, `market_id`, `relation_id`, `remark`) VALUES ('1446357795565219841', '1', '1261176336950480898', '0', '2021-10-08 14:12:25', '2021-10-08 14:12:25', 'H5', NULL, '1387751568009359361', '1446357795552100352', '2', '2', '2', NULL, '1', '华为 HUAWEI nova 7 SE 5G 麒麟820 5G SoC芯片 6400万高清AI四摄 40W超级快充 8GB+128GB银月星辉全网通手机', '1', NULL, 0.00, 0.03, 0.00, 0.00, 0.03, 0, '2021-10-08 14:12:33', NULL, NULL, NULL, NULL, NULL, NULL, '0', NULL, NULL, NULL);
INSERT INTO `order_info` (`id`, `tenant_id`, `shop_id`, `del_flag`, `create_time`, `update_time`, `app_type`, `app_id`, `user_id`, `order_no`, `payment_way`, `delivery_way`, `payment_type`, `trade_type`, `is_pay`, `name`, `status`, `appraises_status`, `freight_price`, `sales_price`, `payment_points_price`, `payment_coupon_price`, `payment_price`, `payment_points`, `payment_time`, `delivery_time`, `receiver_time`, `closing_time`, `user_message`, `logistics_id`, `transaction_id`, `order_type`, `market_id`, `relation_id`, `remark`) VALUES ('1446358209018736641', '1', '1261176336950480898', '0', '2021-10-08 14:14:04', '2021-10-08 14:14:03', 'H5', NULL, '1387751568009359361', '1446358209034977280', '2', '2', '2', NULL, '1', '华为 HUAWEI nova 7 SE 5G 麒麟820 5G SoC芯片 6400万高清AI四摄 40W超级快充 8GB+128GB银月星辉全网通手机', '1', NULL, 0.00, 0.03, 0.00, 0.00, 0.03, 0, '2021-10-08 14:14:24', NULL, NULL, NULL, NULL, NULL, NULL, '0', NULL, NULL, NULL);
INSERT INTO `order_info` (`id`, `tenant_id`, `shop_id`, `del_flag`, `create_time`, `update_time`, `app_type`, `app_id`, `user_id`, `order_no`, `payment_way`, `delivery_way`, `payment_type`, `trade_type`, `is_pay`, `name`, `status`, `appraises_status`, `freight_price`, `sales_price`, `payment_points_price`, `payment_coupon_price`, `payment_price`, `payment_points`, `payment_time`, `delivery_time`, `receiver_time`, `closing_time`, `user_message`, `logistics_id`, `transaction_id`, `order_type`, `market_id`, `relation_id`, `remark`) VALUES ('1446358999028477953', '1', '1261176336950480898', '0', '2021-10-08 14:17:12', '2021-10-08 14:17:12', 'H5', NULL, '1387751568009359361', '1446358999011164160', '2', '2', '2', NULL, '1', '华为 HUAWEI nova 7 SE 5G 麒麟820 5G SoC芯片 6400万高清AI四摄 40W超级快充 8GB+128GB银月星辉全网通手机', '1', NULL, 0.00, 0.03, 0.00, 0.00, 0.03, 0, '2021-10-08 14:17:21', NULL, NULL, NULL, NULL, NULL, NULL, '0', NULL, NULL, NULL);
INSERT INTO `order_info` (`id`, `tenant_id`, `shop_id`, `del_flag`, `create_time`, `update_time`, `app_type`, `app_id`, `user_id`, `order_no`, `payment_way`, `delivery_way`, `payment_type`, `trade_type`, `is_pay`, `name`, `status`, `appraises_status`, `freight_price`, `sales_price`, `payment_points_price`, `payment_coupon_price`, `payment_price`, `payment_points`, `payment_time`, `delivery_time`, `receiver_time`, `closing_time`, `user_message`, `logistics_id`, `transaction_id`, `order_type`, `market_id`, `relation_id`, `remark`) VALUES ('1446359539439382530', '1', '1261176336950480898', '0', '2021-10-08 14:19:21', '2021-10-08 14:19:20', 'H5', NULL, '1387751568009359361', '1446359539409485824', '2', '2', '2', NULL, '1', '华为 HUAWEI nova 7 SE 5G 麒麟820 5G SoC芯片 6400万高清AI四摄 40W超级快充 8GB+128GB银月星辉全网通手机', '1', NULL, 0.00, 0.03, 0.00, 0.00, 0.03, 0, '2021-10-08 14:19:42', NULL, NULL, NULL, NULL, NULL, NULL, '0', NULL, NULL, NULL);
INSERT INTO `order_info` (`id`, `tenant_id`, `shop_id`, `del_flag`, `create_time`, `update_time`, `app_type`, `app_id`, `user_id`, `order_no`, `payment_way`, `delivery_way`, `payment_type`, `trade_type`, `is_pay`, `name`, `status`, `appraises_status`, `freight_price`, `sales_price`, `payment_points_price`, `payment_coupon_price`, `payment_price`, `payment_points`, `payment_time`, `delivery_time`, `receiver_time`, `closing_time`, `user_message`, `logistics_id`, `transaction_id`, `order_type`, `market_id`, `relation_id`, `remark`) VALUES ('1446359843014717442', '1', '1261176336950480898', '0', '2021-10-08 14:20:33', '2021-10-08 14:20:33', 'H5', NULL, '1387751568009359361', '1446359843009986560', '2', '2', '2', NULL, '1', '华为 HUAWEI nova 7 SE 5G 麒麟820 5G SoC芯片 6400万高清AI四摄 40W超级快充 8GB+128GB银月星辉全网通手机', '1', NULL, 0.00, 0.03, 0.00, 0.00, 0.03, 0, '2021-10-08 14:21:14', NULL, NULL, NULL, NULL, NULL, NULL, '0', NULL, NULL, NULL);
INSERT INTO `order_info` (`id`, `tenant_id`, `shop_id`, `del_flag`, `create_time`, `update_time`, `app_type`, `app_id`, `user_id`, `order_no`, `payment_way`, `delivery_way`, `payment_type`, `trade_type`, `is_pay`, `name`, `status`, `appraises_status`, `freight_price`, `sales_price`, `payment_points_price`, `payment_coupon_price`, `payment_price`, `payment_points`, `payment_time`, `delivery_time`, `receiver_time`, `closing_time`, `user_message`, `logistics_id`, `transaction_id`, `order_type`, `market_id`, `relation_id`, `remark`) VALUES ('1446380213608402946', '1', '1261193346845495297', '0', '2021-10-08 15:41:30', '2021-10-08 15:41:30', 'MA', 'wxf5a8653b9e669137', '1385064426583863297', '1446380213574303744', '2', '1', NULL, NULL, '0', 'Apple手机特卖', '5', NULL, 0.00, 6.00, 0.00, 0.00, 6.00, 0, NULL, NULL, NULL, NULL, NULL, '1446380213608402945', NULL, '0', NULL, NULL, NULL);
INSERT INTO `order_info` (`id`, `tenant_id`, `shop_id`, `del_flag`, `create_time`, `update_time`, `app_type`, `app_id`, `user_id`, `order_no`, `payment_way`, `delivery_way`, `payment_type`, `trade_type`, `is_pay`, `name`, `status`, `appraises_status`, `freight_price`, `sales_price`, `payment_points_price`, `payment_coupon_price`, `payment_price`, `payment_points`, `payment_time`, `delivery_time`, `receiver_time`, `closing_time`, `user_message`, `logistics_id`, `transaction_id`, `order_type`, `market_id`, `relation_id`, `remark`) VALUES ('1446381018864439297', '1', '1261176336950480898', '0', '2021-10-08 15:44:42', '2021-10-08 15:44:42', 'APP', NULL, '1387751568009359361', '1446381018847117312', '2', '2', NULL, NULL, '0', '华为 HUAWEI Mate 30 麒麟990旗舰芯片4000万超感光徕卡影像屏内指纹8G+128GB星河银4G全网通版游戏手机', '5', NULL, 0.00, 4499.00, 0.00, 0.00, 4499.00, 0, NULL, NULL, NULL, NULL, NULL, NULL, NULL, '0', NULL, NULL, NULL);
INSERT INTO `order_info` (`id`, `tenant_id`, `shop_id`, `del_flag`, `create_time`, `update_time`, `app_type`, `app_id`, `user_id`, `order_no`, `payment_way`, `delivery_way`, `payment_type`, `trade_type`, `is_pay`, `name`, `status`, `appraises_status`, `freight_price`, `sales_price`, `payment_points_price`, `payment_coupon_price`, `payment_price`, `payment_points`, `payment_time`, `delivery_time`, `receiver_time`, `closing_time`, `user_message`, `logistics_id`, `transaction_id`, `order_type`, `market_id`, `relation_id`, `remark`) VALUES ('1446381588362842114', '1', '1261176336950480898', '0', '2021-10-08 15:46:58', '2021-10-08 15:46:57', 'APP', NULL, '1387751568009359361', '1446381588345520128', '2', '2', NULL, NULL, '0', '华为 HUAWEI nova 7 SE 5G 麒麟820 5G SoC芯片 6400万高清AI四摄 40W超级快充 8GB+128GB银月星辉全网通手机', '5', NULL, 0.00, 0.03, 0.00, 0.00, 0.03, 0, NULL, NULL, NULL, NULL, NULL, NULL, NULL, '0', NULL, NULL, NULL);
INSERT INTO `order_info` (`id`, `tenant_id`, `shop_id`, `del_flag`, `create_time`, `update_time`, `app_type`, `app_id`, `user_id`, `order_no`, `payment_way`, `delivery_way`, `payment_type`, `trade_type`, `is_pay`, `name`, `status`, `appraises_status`, `freight_price`, `sales_price`, `payment_points_price`, `payment_coupon_price`, `payment_price`, `payment_points`, `payment_time`, `delivery_time`, `receiver_time`, `closing_time`, `user_message`, `logistics_id`, `transaction_id`, `order_type`, `market_id`, `relation_id`, `remark`) VALUES ('1446392926841622529', '1', '1261193631538073602', '0', '2021-10-08 16:32:01', '2021-10-08 16:32:01', 'APP', NULL, '1387751568009359361', '1446392926828494848', '2', '2', NULL, NULL, '0', '【至高12期免息】小米10 5G游戏手机权益版全网通 冰海蓝 8G+256G', '5', NULL, 0.00, 1688.00, 0.00, 0.00, 1688.00, 0, NULL, NULL, NULL, NULL, NULL, NULL, NULL, '0', NULL, NULL, NULL);
INSERT INTO `order_info` (`id`, `tenant_id`, `shop_id`, `del_flag`, `create_time`, `update_time`, `app_type`, `app_id`, `user_id`, `order_no`, `payment_way`, `delivery_way`, `payment_type`, `trade_type`, `is_pay`, `name`, `status`, `appraises_status`, `freight_price`, `sales_price`, `payment_points_price`, `payment_coupon_price`, `payment_price`, `payment_points`, `payment_time`, `delivery_time`, `receiver_time`, `closing_time`, `user_message`, `logistics_id`, `transaction_id`, `order_type`, `market_id`, `relation_id`, `remark`) VALUES ('1446395021342822402', '1', '1261193631538073602', '0', '2021-10-08 16:40:20', '2021-10-08 16:40:20', 'APP', NULL, '1387751568009359361', '1446395021384220672', '2', '2', NULL, NULL, '0', '【至高12期免息】小米10 5G游戏手机权益版全网通 冰海蓝 8G+256G', '5', NULL, 0.00, 3688.00, 0.00, 0.00, 3688.00, 0, NULL, NULL, NULL, NULL, NULL, NULL, NULL, '0', NULL, NULL, NULL);
INSERT INTO `order_info` (`id`, `tenant_id`, `shop_id`, `del_flag`, `create_time`, `update_time`, `app_type`, `app_id`, `user_id`, `order_no`, `payment_way`, `delivery_way`, `payment_type`, `trade_type`, `is_pay`, `name`, `status`, `appraises_status`, `freight_price`, `sales_price`, `payment_points_price`, `payment_coupon_price`, `payment_price`, `payment_points`, `payment_time`, `delivery_time`, `receiver_time`, `closing_time`, `user_message`, `logistics_id`, `transaction_id`, `order_type`, `market_id`, `relation_id`, `remark`) VALUES ('1447091546456965121', '1', '1261176336950480898', '0', '2021-10-10 14:48:05', '2021-10-10 14:48:04', 'H5-PC', NULL, '1387751568009359361', '1447091546401800192', '2', '2', '2', NULL, '1', '华为 HUAWEI nova 7 SE 5G 麒麟820 5G SoC芯片 6400万高清AI四摄 40W超级快充 8GB+128GB银月星辉全网通手机', '1', NULL, 0.00, 0.03, 0.00, 0.00, 0.03, 0, '2021-10-10 14:48:18', NULL, NULL, NULL, NULL, NULL, NULL, '0', NULL, NULL, NULL);
INSERT INTO `order_info` (`id`, `tenant_id`, `shop_id`, `del_flag`, `create_time`, `update_time`, `app_type`, `app_id`, `user_id`, `order_no`, `payment_way`, `delivery_way`, `payment_type`, `trade_type`, `is_pay`, `name`, `status`, `appraises_status`, `freight_price`, `sales_price`, `payment_points_price`, `payment_coupon_price`, `payment_price`, `payment_points`, `payment_time`, `delivery_time`, `receiver_time`, `closing_time`, `user_message`, `logistics_id`, `transaction_id`, `order_type`, `market_id`, `relation_id`, `remark`) VALUES ('1450832491916656641', '1', '1261193631538073602', '0', '2021-10-20 22:33:16', '2021-10-20 22:33:15', 'MA', 'wxf5a8653b9e669137', '1387751568009359361', '1450832792823791616', '2', '2', NULL, NULL, '1', 'Redmi K30 王一博同款 120Hz流速屏 前置挖孔双摄 索尼6400万后置四摄 4500mAh超长续航 27W快充 6GB+128GB 紫玉幻境 游戏智能手机 小米 红米', '1', NULL, 0.00, 1698.00, 0.00, 0.00, 0.00, 0, '2021-10-20 22:53:47', NULL, NULL, NULL, NULL, NULL, NULL, '0', NULL, NULL, NULL);
INSERT INTO `order_info` (`id`, `tenant_id`, `shop_id`, `del_flag`, `create_time`, `update_time`, `app_type`, `app_id`, `user_id`, `order_no`, `payment_way`, `delivery_way`, `payment_type`, `trade_type`, `is_pay`, `name`, `status`, `appraises_status`, `freight_price`, `sales_price`, `payment_points_price`, `payment_coupon_price`, `payment_price`, `payment_points`, `payment_time`, `delivery_time`, `receiver_time`, `closing_time`, `user_message`, `logistics_id`, `transaction_id`, `order_type`, `market_id`, `relation_id`, `remark`) VALUES ('1450837785489002498', '1', '1261193631538073602', '0', '2021-10-20 22:54:18', '2021-10-20 22:54:17', 'MA', 'wxf5a8653b9e669137', '1387751568009359361', '1450845224250114048', '2', '2', NULL, NULL, '0', 'Redmi K30 王一博同款 120Hz流速屏 前置挖孔双摄 索尼6400万后置四摄 4500mAh超长续航 27W快充 6GB+128GB 紫玉幻境 游戏智能手机 小米 红米', '5', NULL, 0.00, 2689.00, 0.00, 0.00, 0.01, 0, NULL, NULL, NULL, NULL, NULL, NULL, NULL, '0', NULL, NULL, NULL);
INSERT INTO `order_info` (`id`, `tenant_id`, `shop_id`, `del_flag`, `create_time`, `update_time`, `app_type`, `app_id`, `user_id`, `order_no`, `payment_way`, `delivery_way`, `payment_type`, `trade_type`, `is_pay`, `name`, `status`, `appraises_status`, `freight_price`, `sales_price`, `payment_points_price`, `payment_coupon_price`, `payment_price`, `payment_points`, `payment_time`, `delivery_time`, `receiver_time`, `closing_time`, `user_message`, `logistics_id`, `transaction_id`, `order_type`, `market_id`, `relation_id`, `remark`) VALUES ('1450838699360735234', '1', '1261193631538073602', '0', '2021-10-20 22:57:56', '2021-10-20 22:57:55', 'MA', 'wxf5a8653b9e669137', '1387751568009359361', '1450845200019619840', '2', '2', NULL, NULL, '0', 'Redmi K30 王一博同款 120Hz流速屏 前置挖孔双摄 索尼6400万后置四摄 4500mAh超长续航 27W快充 6GB+128GB 紫玉幻境 游戏智能手机 小米 红米', '5', NULL, 0.00, 1698.00, 0.00, 0.00, 0.01, 0, NULL, NULL, NULL, NULL, NULL, NULL, NULL, '0', NULL, NULL, NULL);
INSERT INTO `order_info` (`id`, `tenant_id`, `shop_id`, `del_flag`, `create_time`, `update_time`, `app_type`, `app_id`, `user_id`, `order_no`, `payment_way`, `delivery_way`, `payment_type`, `trade_type`, `is_pay`, `name`, `status`, `appraises_status`, `freight_price`, `sales_price`, `payment_points_price`, `payment_coupon_price`, `payment_price`, `payment_points`, `payment_time`, `delivery_time`, `receiver_time`, `closing_time`, `user_message`, `logistics_id`, `transaction_id`, `order_type`, `market_id`, `relation_id`, `remark`) VALUES ('1450838836078268417', '1', '1261193631538073602', '0', '2021-10-20 22:58:28', '2021-10-20 22:58:28', 'MA', 'wxf5a8653b9e669137', '1387751568009359361', '1450838925798014976', '2', '2', NULL, NULL, '1', 'Redmi K30 王一博同款 120Hz流速屏 前置挖孔双摄 索尼6400万后置四摄 4500mAh超长续航 27W快充 6GB+128GB 紫玉幻境 游戏智能手机 小米 红米', '1', NULL, 0.00, 1698.00, 0.00, 0.00, 0.00, 0, '2021-10-20 22:59:00', NULL, NULL, NULL, NULL, NULL, NULL, '0', NULL, NULL, NULL);
INSERT INTO `order_info` (`id`, `tenant_id`, `shop_id`, `del_flag`, `create_time`, `update_time`, `app_type`, `app_id`, `user_id`, `order_no`, `payment_way`, `delivery_way`, `payment_type`, `trade_type`, `is_pay`, `name`, `status`, `appraises_status`, `freight_price`, `sales_price`, `payment_points_price`, `payment_coupon_price`, `payment_price`, `payment_points`, `payment_time`, `delivery_time`, `receiver_time`, `closing_time`, `user_message`, `logistics_id`, `transaction_id`, `order_type`, `market_id`, `relation_id`, `remark`) VALUES ('1450841126390550530', '1', '1261193631538073602', '0', '2021-10-20 23:07:35', '2021-10-20 23:07:34', 'H5-PC', NULL, '1387751568009359361', '1450841269914828800', '2', '2', NULL, NULL, '1', '【至高12期免息】小米10 5G游戏手机权益版全网通 冰海蓝 8G+256G', '1', NULL, 0.00, 1688.00, 0.00, 0.00, 0.00, 0, '2021-10-20 23:08:22', NULL, NULL, NULL, NULL, NULL, NULL, '0', NULL, NULL, NULL);
INSERT INTO `order_info` (`id`, `tenant_id`, `shop_id`, `del_flag`, `create_time`, `update_time`, `app_type`, `app_id`, `user_id`, `order_no`, `payment_way`, `delivery_way`, `payment_type`, `trade_type`, `is_pay`, `name`, `status`, `appraises_status`, `freight_price`, `sales_price`, `payment_points_price`, `payment_coupon_price`, `payment_price`, `payment_points`, `payment_time`, `delivery_time`, `receiver_time`, `closing_time`, `user_message`, `logistics_id`, `transaction_id`, `order_type`, `market_id`, `relation_id`, `remark`) VALUES ('1450844990015623170', '1', '1261176336950480898', '0', '2021-10-20 23:22:56', '2021-10-20 23:22:55', 'H5-PC', NULL, '1387751568009359361', '1450844990002429952', '2', '2', NULL, NULL, '0', '华为 HUAWEI Mate 30 麒麟990旗舰芯片4000万超感光徕卡影像屏内指纹8G+128GB星河银4G全网通版游戏手机', '5', NULL, 0.00, 4499.00, 0.00, 0.00, 4499.00, 0, NULL, NULL, NULL, NULL, NULL, NULL, NULL, '0', NULL, NULL, NULL);
INSERT INTO `order_info` (`id`, `tenant_id`, `shop_id`, `del_flag`, `create_time`, `update_time`, `app_type`, `app_id`, `user_id`, `order_no`, `payment_way`, `delivery_way`, `payment_type`, `trade_type`, `is_pay`, `name`, `status`, `appraises_status`, `freight_price`, `sales_price`, `payment_points_price`, `payment_coupon_price`, `payment_price`, `payment_points`, `payment_time`, `delivery_time`, `receiver_time`, `closing_time`, `user_message`, `logistics_id`, `transaction_id`, `order_type`, `market_id`, `relation_id`, `remark`) VALUES ('1451010419770085378', '1', '1261176336950480898', '0', '2021-10-21 10:20:17', '2021-10-21 10:20:17', 'H5-PC', NULL, '1387751568009359361', '1451017967935422464', '2', '2', NULL, NULL, '0', '华为 HUAWEI Mate 30 麒麟990旗舰芯片4000万超感光徕卡影像屏内指纹8G+128GB星河银4G全网通版游戏手机', '5', NULL, 0.00, 4599.00, 0.00, 0.00, 0.00, 0, NULL, NULL, NULL, NULL, NULL, NULL, NULL, '0', NULL, NULL, NULL);
INSERT INTO `order_info` (`id`, `tenant_id`, `shop_id`, `del_flag`, `create_time`, `update_time`, `app_type`, `app_id`, `user_id`, `order_no`, `payment_way`, `delivery_way`, `payment_type`, `trade_type`, `is_pay`, `name`, `status`, `appraises_status`, `freight_price`, `sales_price`, `payment_points_price`, `payment_coupon_price`, `payment_price`, `payment_points`, `payment_time`, `delivery_time`, `receiver_time`, `closing_time`, `user_message`, `logistics_id`, `transaction_id`, `order_type`, `market_id`, `relation_id`, `remark`) VALUES ('1451018104045391873', '1', '1261193631538073602', '0', '2021-10-21 10:50:49', '2021-10-21 10:50:49', 'H5-PC', NULL, '1387751568009359361', '1451018134260547584', '2', '2', NULL, NULL, '1', '【至高12期免息】小米10 5G游戏手机权益版全网通 冰海蓝 8G+256G', '1', NULL, 0.00, 2688.00, 0.00, 0.00, 0.00, 0, '2021-10-21 10:51:07', NULL, NULL, NULL, NULL, NULL, NULL, '0', NULL, NULL, NULL);
INSERT INTO `order_info` (`id`, `tenant_id`, `shop_id`, `del_flag`, `create_time`, `update_time`, `app_type`, `app_id`, `user_id`, `order_no`, `payment_way`, `delivery_way`, `payment_type`, `trade_type`, `is_pay`, `name`, `status`, `appraises_status`, `freight_price`, `sales_price`, `payment_points_price`, `payment_coupon_price`, `payment_price`, `payment_points`, `payment_time`, `delivery_time`, `receiver_time`, `closing_time`, `user_message`, `logistics_id`, `transaction_id`, `order_type`, `market_id`, `relation_id`, `remark`) VALUES ('1451018456664723457', '1', '1261193631538073602', '0', '2021-10-21 10:52:13', '2021-10-21 10:52:13', 'H5-PC', NULL, '1387751568009359361', '1451018456567644160', '2', '1', NULL, NULL, '0', '【至高12期免息】小米10 5G游戏手机权益版全网通 冰海蓝 8G+256G', '5', NULL, 0.00, 3688.00, 0.00, 0.00, 3688.00, 0, NULL, NULL, NULL, NULL, NULL, '1451018456564060161', NULL, '0', NULL, NULL, NULL);
INSERT INTO `order_info` (`id`, `tenant_id`, `shop_id`, `del_flag`, `create_time`, `update_time`, `app_type`, `app_id`, `user_id`, `order_no`, `payment_way`, `delivery_way`, `payment_type`, `trade_type`, `is_pay`, `name`, `status`, `appraises_status`, `freight_price`, `sales_price`, `payment_points_price`, `payment_coupon_price`, `payment_price`, `payment_points`, `payment_time`, `delivery_time`, `receiver_time`, `closing_time`, `user_message`, `logistics_id`, `transaction_id`, `order_type`, `market_id`, `relation_id`, `remark`) VALUES ('1451034831282065410', '1', '1261176336950480898', '0', '2021-10-21 11:57:17', '2021-10-21 11:57:17', 'H5-PC', NULL, '1387751568009359361', '1451034831235317760', '2', '1', NULL, NULL, '0', '华为 HUAWEI Mate 30 麒麟990旗舰芯片4000万超感光徕卡影像屏内指纹8G+128GB星河银4G全网通版游戏手机', '5', NULL, 5.00, 4599.00, 0.00, 0.00, 4604.00, 0, NULL, NULL, NULL, NULL, NULL, '1451034831223345153', NULL, '0', NULL, NULL, NULL);
INSERT INTO `order_info` (`id`, `tenant_id`, `shop_id`, `del_flag`, `create_time`, `update_time`, `app_type`, `app_id`, `user_id`, `order_no`, `payment_way`, `delivery_way`, `payment_type`, `trade_type`, `is_pay`, `name`, `status`, `appraises_status`, `freight_price`, `sales_price`, `payment_points_price`, `payment_coupon_price`, `payment_price`, `payment_points`, `payment_time`, `delivery_time`, `receiver_time`, `closing_time`, `user_message`, `logistics_id`, `transaction_id`, `order_type`, `market_id`, `relation_id`, `remark`) VALUES ('1451038554968379395', '1', '1261193631538073602', '0', '2021-10-21 12:12:05', '2021-10-21 12:12:05', 'H5-PC', NULL, '1387751568009359361', '1451038554988740608', '2', '1', NULL, NULL, '0', '【至高12期免息】小米10 5G游戏手机权益版全网通 冰海蓝 8G+256G', '5', NULL, 0.00, 2688.00, 0.00, 0.00, 2688.00, 0, NULL, NULL, NULL, NULL, NULL, '1451038554968379394', NULL, '0', NULL, NULL, NULL);
INSERT INTO `order_info` (`id`, `tenant_id`, `shop_id`, `del_flag`, `create_time`, `update_time`, `app_type`, `app_id`, `user_id`, `order_no`, `payment_way`, `delivery_way`, `payment_type`, `trade_type`, `is_pay`, `name`, `status`, `appraises_status`, `freight_price`, `sales_price`, `payment_points_price`, `payment_coupon_price`, `payment_price`, `payment_points`, `payment_time`, `delivery_time`, `receiver_time`, `closing_time`, `user_message`, `logistics_id`, `transaction_id`, `order_type`, `market_id`, `relation_id`, `remark`) VALUES ('1453243158707662849', '1', '1261176336950480898', '0', '2021-10-27 14:12:24', '2021-10-27 14:12:23', 'MA', 'wxf5a8653b9e669137', '1387751568009359361', '1453243158677684224', '2', '2', '1', 'JSAPI', '1', '华为 HUAWEI nova 7 SE 5G 麒麟820 5G SoC芯片 6400万高清AI四摄 40W超级快充 8GB+128GB银月星辉全网通手机', '1', NULL, 0.00, 0.03, 0.00, 0.00, 0.03, 0, '2021-10-27 14:24:33', NULL, NULL, NULL, NULL, NULL, '4200001225202110276753978723', '0', NULL, NULL, NULL);
INSERT INTO `order_info` (`id`, `tenant_id`, `shop_id`, `del_flag`, `create_time`, `update_time`, `app_type`, `app_id`, `user_id`, `order_no`, `payment_way`, `delivery_way`, `payment_type`, `trade_type`, `is_pay`, `name`, `status`, `appraises_status`, `freight_price`, `sales_price`, `payment_points_price`, `payment_coupon_price`, `payment_price`, `payment_points`, `payment_time`, `delivery_time`, `receiver_time`, `closing_time`, `user_message`, `logistics_id`, `transaction_id`, `order_type`, `market_id`, `relation_id`, `remark`) VALUES ('1453243359606435842', '1', '1261176336950480898', '0', '2021-10-27 14:13:12', '2021-10-27 14:13:11', 'MA', 'wxf5a8653b9e669137', '1387751568009359361', '1453243359542902784', '2', '1', NULL, NULL, '0', '华为 HUAWEI nova 7 SE 5G 麒麟820 5G SoC芯片 6400万高清AI四摄 40W超级快充 8GB+128GB银月星辉全网通手机', '5', NULL, 5.00, 0.03, 0.00, 0.00, 5.03, 0, NULL, NULL, NULL, NULL, NULL, '1453243359547715586', NULL, '0', NULL, NULL, NULL);
INSERT INTO `order_info` (`id`, `tenant_id`, `shop_id`, `del_flag`, `create_time`, `update_time`, `app_type`, `app_id`, `user_id`, `order_no`, `payment_way`, `delivery_way`, `payment_type`, `trade_type`, `is_pay`, `name`, `status`, `appraises_status`, `freight_price`, `sales_price`, `payment_points_price`, `payment_coupon_price`, `payment_price`, `payment_points`, `payment_time`, `delivery_time`, `receiver_time`, `closing_time`, `user_message`, `logistics_id`, `transaction_id`, `order_type`, `market_id`, `relation_id`, `remark`) VALUES ('1453248202597244930', '1', '1261176336950480898', '0', '2021-10-27 14:32:26', '2021-10-27 14:32:26', 'MA', 'wxf5a8653b9e669137', '1387751568009359361', '1453248202420518912', '2', '1', NULL, NULL, '0', '华为 HUAWEI nova 7 SE 5G 麒麟820 5G SoC芯片 6400万高清AI四摄 40W超级快充 8GB+128GB银月星辉全网通手机', '5', NULL, 5.00, 0.03, 0.00, 0.00, 5.03, 0, NULL, NULL, NULL, NULL, NULL, '1453248202521747457', NULL, '0', NULL, NULL, NULL);
INSERT INTO `order_info` (`id`, `tenant_id`, `shop_id`, `del_flag`, `create_time`, `update_time`, `app_type`, `app_id`, `user_id`, `order_no`, `payment_way`, `delivery_way`, `payment_type`, `trade_type`, `is_pay`, `name`, `status`, `appraises_status`, `freight_price`, `sales_price`, `payment_points_price`, `payment_coupon_price`, `payment_price`, `payment_points`, `payment_time`, `delivery_time`, `receiver_time`, `closing_time`, `user_message`, `logistics_id`, `transaction_id`, `order_type`, `market_id`, `relation_id`, `remark`) VALUES ('1453248235384119297', '1', '1261176336950480898', '0', '2021-10-27 14:32:34', '2021-10-27 14:32:34', 'MA', 'wxf5a8653b9e669137', '1387751568009359361', '1453248235366776832', '2', '2', '1', 'JSAPI', '1', '华为 HUAWEI nova 7 SE 5G 麒麟820 5G SoC芯片 6400万高清AI四摄 40W超级快充 8GB+128GB银月星辉全网通手机', '3', '0', 0.00, 0.03, 0.00, 0.00, 0.03, 0, '2021-10-27 14:33:28', NULL, '2021-10-29 14:10:21', NULL, NULL, NULL, '4200001124202110279219950017', '0', NULL, NULL, NULL);
INSERT INTO `order_info` (`id`, `tenant_id`, `shop_id`, `del_flag`, `create_time`, `update_time`, `app_type`, `app_id`, `user_id`, `order_no`, `payment_way`, `delivery_way`, `payment_type`, `trade_type`, `is_pay`, `name`, `status`, `appraises_status`, `freight_price`, `sales_price`, `payment_points_price`, `payment_coupon_price`, `payment_price`, `payment_points`, `payment_time`, `delivery_time`, `receiver_time`, `closing_time`, `user_message`, `logistics_id`, `transaction_id`, `order_type`, `market_id`, `relation_id`, `remark`) VALUES ('1453249609488502785', '1', '1261176336950480898', '0', '2021-10-27 14:38:02', '2021-10-29 14:33:47', 'MA', 'wxf5a8653b9e669137', '1387751568009359361', '1453249609433350144', '2', '2', '1', 'JSAPI', '1', '华为 HUAWEI nova 7 SE 5G 麒麟820 5G SoC芯片 6400万高清AI四摄 40W超级快充 8GB+128GB银月星辉全网通手机', '3', '1', 0.00, 0.03, 0.00, 0.00, 0.03, 0, '2021-10-27 14:38:31', NULL, '2021-10-29 14:10:19', '2021-10-29 14:33:48', NULL, NULL, '4200001129202110273217797940', '0', NULL, NULL, NULL);
INSERT INTO `order_info` (`id`, `tenant_id`, `shop_id`, `del_flag`, `create_time`, `update_time`, `app_type`, `app_id`, `user_id`, `order_no`, `payment_way`, `delivery_way`, `payment_type`, `trade_type`, `is_pay`, `name`, `status`, `appraises_status`, `freight_price`, `sales_price`, `payment_points_price`, `payment_coupon_price`, `payment_price`, `payment_points`, `payment_time`, `delivery_time`, `receiver_time`, `closing_time`, `user_message`, `logistics_id`, `transaction_id`, `order_type`, `market_id`, `relation_id`, `remark`) VALUES ('1453253045848195074', '1', '1261176336950480898', '0', '2021-10-27 14:51:41', '2021-10-29 14:05:03', 'MA', 'wxf5a8653b9e669137', '1387751568009359361', '1453253045751119872', '2', '2', '1', 'JSAPI', '1', '华为 HUAWEI nova 7 SE 5G 麒麟820 5G SoC芯片 6400万高清AI四摄 40W超级快充 8GB+128GB银月星辉全网通手机', '3', '1', 0.00, 0.03, 0.00, 0.00, 0.03, 0, '2021-10-27 14:52:19', NULL, '2021-10-29 13:08:47', '2021-10-29 14:05:04', NULL, NULL, '4200001128202110275714816830', '0', NULL, NULL, NULL);
INSERT INTO `order_info` (`id`, `tenant_id`, `shop_id`, `del_flag`, `create_time`, `update_time`, `app_type`, `app_id`, `user_id`, `order_no`, `payment_way`, `delivery_way`, `payment_type`, `trade_type`, `is_pay`, `name`, `status`, `appraises_status`, `freight_price`, `sales_price`, `payment_points_price`, `payment_coupon_price`, `payment_price`, `payment_points`, `payment_time`, `delivery_time`, `receiver_time`, `closing_time`, `user_message`, `logistics_id`, `transaction_id`, `order_type`, `market_id`, `relation_id`, `remark`) VALUES ('1453259376105701377', '1', '1261176336950480898', '0', '2021-10-27 15:16:50', '2021-10-29 14:31:40', 'MA', 'wxf5a8653b9e669137', '1387751568009359361', '1453259376105095168', '2', '2', '1', 'JSAPI', '1', '华为 HUAWEI nova 7 SE 5G 麒麟820 5G SoC芯片 6400万高清AI四摄 40W超级快充 8GB+128GB银月星辉全网通手机', '3', '1', 0.00, 0.03, 0.00, 0.00, 0.03, 0, '2021-10-27 15:17:32', NULL, '2021-10-29 14:10:16', '2021-10-29 14:31:41', NULL, NULL, '4200001121202110275328498432', '0', NULL, NULL, NULL);
INSERT INTO `order_info` (`id`, `tenant_id`, `shop_id`, `del_flag`, `create_time`, `update_time`, `app_type`, `app_id`, `user_id`, `order_no`, `payment_way`, `delivery_way`, `payment_type`, `trade_type`, `is_pay`, `name`, `status`, `appraises_status`, `freight_price`, `sales_price`, `payment_points_price`, `payment_coupon_price`, `payment_price`, `payment_points`, `payment_time`, `delivery_time`, `receiver_time`, `closing_time`, `user_message`, `logistics_id`, `transaction_id`, `order_type`, `market_id`, `relation_id`, `remark`) VALUES ('1453263433167880194', '1', '1261176336950480898', '0', '2021-10-27 15:32:57', '2021-10-29 13:43:04', 'MA', 'wxf5a8653b9e669137', '1387751568009359361', '1453263433171468288', '2', '2', '1', 'JSAPI', '1', '华为 HUAWEI nova 7 SE 5G 麒麟820 5G SoC芯片 6400万高清AI四摄 40W超级快充 8GB+128GB银月星辉全网通手机', '3', '1', 0.00, 0.03, 0.00, 0.00, 0.03, 0, '2021-10-27 15:33:13', NULL, '2021-10-29 13:08:45', '2021-10-29 13:43:05', NULL, NULL, '4200001230202110273249769101', '0', NULL, NULL, NULL);
INSERT INTO `order_info` (`id`, `tenant_id`, `shop_id`, `del_flag`, `create_time`, `update_time`, `app_type`, `app_id`, `user_id`, `order_no`, `payment_way`, `delivery_way`, `payment_type`, `trade_type`, `is_pay`, `name`, `status`, `appraises_status`, `freight_price`, `sales_price`, `payment_points_price`, `payment_coupon_price`, `payment_price`, `payment_points`, `payment_time`, `delivery_time`, `receiver_time`, `closing_time`, `user_message`, `logistics_id`, `transaction_id`, `order_type`, `market_id`, `relation_id`, `remark`) VALUES ('1453266144475082753', '1', '1261176336950480898', '0', '2021-10-27 15:43:44', '2021-10-29 13:35:40', 'MA', 'wxf5a8653b9e669137', '1387751568009359361', '1453266144394739712', '2', '2', '1', 'JSAPI', '1', '华为 HUAWEI nova 7 SE 5G 麒麟820 5G SoC芯片 6400万高清AI四摄 40W超级快充 8GB+128GB银月星辉全网通手机', '3', '1', 0.00, 0.03, 0.00, 0.00, 0.03, 0, '2021-10-27 15:44:39', NULL, '2021-10-29 12:29:42', '2021-10-29 13:35:40', NULL, NULL, '4200001122202110276692852297', '0', NULL, NULL, NULL);
INSERT INTO `order_info` (`id`, `tenant_id`, `shop_id`, `del_flag`, `create_time`, `update_time`, `app_type`, `app_id`, `user_id`, `order_no`, `payment_way`, `delivery_way`, `payment_type`, `trade_type`, `is_pay`, `name`, `status`, `appraises_status`, `freight_price`, `sales_price`, `payment_points_price`, `payment_coupon_price`, `payment_price`, `payment_points`, `payment_time`, `delivery_time`, `receiver_time`, `closing_time`, `user_message`, `logistics_id`, `transaction_id`, `order_type`, `market_id`, `relation_id`, `remark`) VALUES ('1453269782542970882', '1', '1261176336950480898', '0', '2021-10-27 15:58:11', '2021-10-29 13:40:02', 'MA', 'wxf5a8653b9e669137', '1387751568009359361', '1453269782466920448', '2', '2', '1', 'JSAPI', '1', '华为 HUAWEI nova 7 SE 5G 麒麟820 5G SoC芯片 6400万高清AI四摄 40W超级快充 8GB+128GB银月星辉全网通手机', '3', '1', 0.00, 0.03, 0.00, 0.00, 0.03, 0, '2021-10-27 15:58:36', NULL, '2021-10-29 12:29:22', '2021-10-29 13:40:03', NULL, NULL, '4200001136202110277801189942', '0', NULL, NULL, NULL);
INSERT INTO `order_info` (`id`, `tenant_id`, `shop_id`, `del_flag`, `create_time`, `update_time`, `app_type`, `app_id`, `user_id`, `order_no`, `payment_way`, `delivery_way`, `payment_type`, `trade_type`, `is_pay`, `name`, `status`, `appraises_status`, `freight_price`, `sales_price`, `payment_points_price`, `payment_coupon_price`, `payment_price`, `payment_points`, `payment_time`, `delivery_time`, `receiver_time`, `closing_time`, `user_message`, `logistics_id`, `transaction_id`, `order_type`, `market_id`, `relation_id`, `remark`) VALUES ('1453283910611419137', '1', '1261176336950480898', '0', '2021-10-27 16:54:20', '2021-10-28 16:36:34', 'MA', 'wxf5a8653b9e669137', '1387751568009359361', '1453283910589874176', '2', '2', '1', 'JSAPI', '1', '华为 HUAWEI nova 7 SE 5G 麒麟820 5G SoC芯片 6400万高清AI四摄 40W超级快充 8GB+128GB银月星辉全网通手机', '3', '1', 0.00, 0.03, 0.00, 0.00, 0.03, 0, '2021-10-27 16:54:42', NULL, '2021-10-28 16:36:21', '2021-10-28 16:36:35', NULL, NULL, '4200001220202110270114505055', '0', NULL, NULL, NULL);
INSERT INTO `order_info` (`id`, `tenant_id`, `shop_id`, `del_flag`, `create_time`, `update_time`, `app_type`, `app_id`, `user_id`, `order_no`, `payment_way`, `delivery_way`, `payment_type`, `trade_type`, `is_pay`, `name`, `status`, `appraises_status`, `freight_price`, `sales_price`, `payment_points_price`, `payment_coupon_price`, `payment_price`, `payment_points`, `payment_time`, `delivery_time`, `receiver_time`, `closing_time`, `user_message`, `logistics_id`, `transaction_id`, `order_type`, `market_id`, `relation_id`, `remark`) VALUES ('1455069903320625154', '1', '1261193631538073602', '0', '2021-11-01 15:11:13', '2021-11-01 15:11:13', 'MA', 'wxf5a8653b9e669137', '1387751568009359361', '1455069903244492800', '2', '1', NULL, NULL, '0', 'Redmi K30 王一博同款 120Hz流速屏 前置挖孔双摄 索尼6400万后置四摄 4500mAh超长续航 27W快充 6GB+128GB 紫玉幻境 游戏智能手机 小米 红米', '5', NULL, 0.00, 1698.00, 0.00, 0.00, 1698.00, 0, NULL, NULL, NULL, NULL, NULL, '1455069903295459330', NULL, '0', NULL, NULL, NULL);
INSERT INTO `order_info` (`id`, `tenant_id`, `shop_id`, `del_flag`, `create_time`, `update_time`, `app_type`, `app_id`, `user_id`, `order_no`, `payment_way`, `delivery_way`, `payment_type`, `trade_type`, `is_pay`, `name`, `status`, `appraises_status`, `freight_price`, `sales_price`, `payment_points_price`, `payment_coupon_price`, `payment_price`, `payment_points`, `payment_time`, `delivery_time`, `receiver_time`, `closing_time`, `user_message`, `logistics_id`, `transaction_id`, `order_type`, `market_id`, `relation_id`, `remark`) VALUES ('1455070325699620866', '1', '1261176336950480898', '0', '2021-11-01 15:12:54', '2021-11-01 15:12:54', 'MA', 'wxf5a8653b9e669137', '1387751568009359361', '1455070325665431552', '2', '1', '1', 'JSAPI', '1', '华为 HUAWEI nova 7 SE 5G 麒麟820 5G SoC芯片 6400万高清AI四摄 40W超级快充 8GB+128GB银月星辉全网通手机', '2', NULL, 0.00, 0.03, 0.00, 0.00, 0.03, 0, '2021-11-01 15:13:09', '2021-11-01 15:15:30', NULL, NULL, NULL, '1455070325640900609', '4200001222202111014738373230', '0', NULL, NULL, NULL);
INSERT INTO `order_info` (`id`, `tenant_id`, `shop_id`, `del_flag`, `create_time`, `update_time`, `app_type`, `app_id`, `user_id`, `order_no`, `payment_way`, `delivery_way`, `payment_type`, `trade_type`, `is_pay`, `name`, `status`, `appraises_status`, `freight_price`, `sales_price`, `payment_points_price`, `payment_coupon_price`, `payment_price`, `payment_points`, `payment_time`, `delivery_time`, `receiver_time`, `closing_time`, `user_message`, `logistics_id`, `transaction_id`, `order_type`, `market_id`, `relation_id`, `remark`) VALUES ('1455075716642709506', '1', '1261176336950480898', '0', '2021-11-01 15:34:19', '2021-11-01 15:34:19', 'MA', 'wxf5a8653b9e669137', '1387751568009359361', '1455075716528865280', '2', '1', '1', 'JSAPI', '1', '华为 HUAWEI nova 7 SE 5G 麒麟820 5G SoC芯片 6400万高清AI四摄 40W超级快充 8GB+128GB银月星辉全网通手机', '2', NULL, 0.00, 0.03, 0.00, 0.00, 0.03, 0, '2021-11-01 15:34:34', '2021-11-01 15:35:18', NULL, NULL, NULL, '1455075716613349377', '4200001208202111017214377225', '0', NULL, NULL, NULL);
INSERT INTO `order_info` (`id`, `tenant_id`, `shop_id`, `del_flag`, `create_time`, `update_time`, `app_type`, `app_id`, `user_id`, `order_no`, `payment_way`, `delivery_way`, `payment_type`, `trade_type`, `is_pay`, `name`, `status`, `appraises_status`, `freight_price`, `sales_price`, `payment_points_price`, `payment_coupon_price`, `payment_price`, `payment_points`, `payment_time`, `delivery_time`, `receiver_time`, `closing_time`, `user_message`, `logistics_id`, `transaction_id`, `order_type`, `market_id`, `relation_id`, `remark`) VALUES ('1455084625046548481', '1', '1261176336950480898', '0', '2021-11-01 16:09:43', '2021-11-01 16:09:43', 'MA', 'wxf5a8653b9e669137', '1387751568009359361', '1455084624928571392', '2', '1', '1', 'JSAPI', '1', '华为 HUAWEI nova 7 SE 5G 麒麟820 5G SoC芯片 6400万高清AI四摄 40W超级快充 8GB+128GB银月星辉全网通手机', '1', NULL, 0.00, 0.03, 0.00, 0.00, 0.03, 0, '2021-11-01 16:10:01', NULL, NULL, NULL, NULL, '1455084625012994050', '4200001130202111010424812901', '0', NULL, NULL, NULL);
COMMIT;

-- ----------------------------
-- Table structure for order_item
-- ----------------------------
DROP TABLE IF EXISTS `order_item`;
CREATE TABLE `order_item` (
  `id` varchar(32) CHARACTER SET utf8mb4 COLLATE utf8mb4_0900_ai_ci NOT NULL COMMENT 'PK',
  `tenant_id` varchar(32) CHARACTER SET utf8mb4 COLLATE utf8mb4_0900_ai_ci NOT NULL COMMENT '所属租户',
  `shop_id` varchar(32) NOT NULL COMMENT '店铺Id',
  `del_flag` char(2) CHARACTER SET utf8mb4 COLLATE utf8mb4_0900_ai_ci NOT NULL DEFAULT '0' COMMENT '逻辑删除标记（0：显示；1：隐藏）',
  `create_time` datetime NOT NULL DEFAULT CURRENT_TIMESTAMP COMMENT '创建时间',
  `update_time` timestamp NOT NULL DEFAULT CURRENT_TIMESTAMP ON UPDATE CURRENT_TIMESTAMP COMMENT '最后更新时间',
  `order_id` varchar(32) CHARACTER SET utf8mb4 COLLATE utf8mb4_0900_ai_ci NOT NULL COMMENT '订单id',
  `spu_id` varchar(32) CHARACTER SET utf8mb4 COLLATE utf8mb4_0900_ai_ci DEFAULT NULL COMMENT '商品Id',
  `spu_name` varchar(200) CHARACTER SET utf8mb4 COLLATE utf8mb4_0900_ai_ci DEFAULT NULL COMMENT '商品名',
  `spec_info` varchar(500) CHARACTER SET utf8mb4 COLLATE utf8mb4_0900_ai_ci DEFAULT NULL COMMENT '规格信息',
  `sku_id` varchar(32) CHARACTER SET utf8mb4 COLLATE utf8mb4_0900_ai_ci NOT NULL COMMENT 'skuId',
  `pic_url` varchar(500) CHARACTER SET utf8mb4 COLLATE utf8mb4_0900_ai_ci NOT NULL COMMENT '图片',
  `quantity` int NOT NULL COMMENT '商品数量',
  `sales_price` decimal(10,2) NOT NULL COMMENT '购买单价',
  `freight_price` decimal(10,2) DEFAULT '0.00' COMMENT '运费金额',
  `payment_price` decimal(10,2) DEFAULT '0.00' COMMENT '支付金额（购买单价*商品数量+运费金额-积分抵扣金额-电子券抵扣金额）',
  `payment_points_price` decimal(10,2) DEFAULT '0.00' COMMENT '积分抵扣金额',
  `payment_coupon_price` decimal(10,2) DEFAULT '0.00' COMMENT '电子券抵扣金额',
  `payment_points` int DEFAULT '0' COMMENT '支付积分',
  `coupon_user_id` varchar(32) DEFAULT NULL COMMENT '用户电子券ID',
  `remark` varchar(250) CHARACTER SET utf8mb4 COLLATE utf8mb4_0900_ai_ci DEFAULT NULL COMMENT '备注',
  `status` char(2) CHARACTER SET utf8mb4 COLLATE utf8mb4_0900_ai_ci DEFAULT '0' COMMENT '状态0：正常；1：退款中；2：退货退款中；3：完成退款；4：完成退货退款',
  `is_refund` char(2) CHARACTER SET utf8mb4 COLLATE utf8mb4_0900_ai_ci DEFAULT '0' COMMENT '是否退款0:否 1：是',
  PRIMARY KEY (`id`) USING BTREE,
  KEY `ids_tenant_id` (`tenant_id`) USING BTREE
) ENGINE=InnoDB DEFAULT CHARSET=utf8mb4 COLLATE=utf8mb4_0900_ai_ci ROW_FORMAT=DYNAMIC COMMENT='订单详情';

-- ----------------------------
-- Records of order_item
-- ----------------------------
BEGIN;
INSERT INTO `order_item` (`id`, `tenant_id`, `shop_id`, `del_flag`, `create_time`, `update_time`, `order_id`, `spu_id`, `spu_name`, `spec_info`, `sku_id`, `pic_url`, `quantity`, `sales_price`, `freight_price`, `payment_price`, `payment_points_price`, `payment_coupon_price`, `payment_points`, `coupon_user_id`, `remark`, `status`, `is_refund`) VALUES ('1385084352103067650', '1', '1261176336950480898', '0', '2021-04-22 12:13:37', '2021-04-22 12:13:37', '1385084352044347393', '2835671ff031c18cb181b1a199f86b01', '华为 9 4800万超广角三摄 6GB+128GB全息幻彩蓝 骁龙855 全网通4G 双卡双待 水滴全面屏拍照智能游戏手机', '电信，白色，64G', '10f415b0cd746ebf764acc3a6a4d13a2', 'http://joolun-base-test.oss-cn-zhangjiakou.aliyuncs.com/8.jpg', 1, 0.01, 0.00, 0.01, 0.00, 0.00, 0, NULL, NULL, '0', '0');
INSERT INTO `order_item` (`id`, `tenant_id`, `shop_id`, `del_flag`, `create_time`, `update_time`, `order_id`, `spu_id`, `spu_name`, `spec_info`, `sku_id`, `pic_url`, `quantity`, `sales_price`, `freight_price`, `payment_price`, `payment_points_price`, `payment_coupon_price`, `payment_points`, `coupon_user_id`, `remark`, `status`, `is_refund`) VALUES ('1390276367596183554', '1', '1261176336950480898', '0', '2021-05-06 20:04:50', '2021-05-06 20:04:50', '1390276367512297474', '2835671ff031c18cb181b1a199f86b01', '华为 9 4800万超广角三摄 6GB+128GB全息幻彩蓝 骁龙855 全网通4G 双卡双待 水滴全面屏拍照智能游戏手机', '移动，白色，64G', '5a61a7876305b760efa8abe04b912a8b', 'http://joolun-base-test.oss-cn-zhangjiakou.aliyuncs.com/7667c3f40823764d.jpg', 1, 0.01, 0.00, 0.01, 0.00, 0.00, 0, NULL, NULL, '0', '0');
INSERT INTO `order_item` (`id`, `tenant_id`, `shop_id`, `del_flag`, `create_time`, `update_time`, `order_id`, `spu_id`, `spu_name`, `spec_info`, `sku_id`, `pic_url`, `quantity`, `sales_price`, `freight_price`, `payment_price`, `payment_points_price`, `payment_coupon_price`, `payment_points`, `coupon_user_id`, `remark`, `status`, `is_refund`) VALUES ('1390277809216217089', '1', '1261176336950480898', '0', '2021-05-06 20:10:34', '2021-05-06 20:10:34', '1390277809199439873', '2835671ff031c18cb181b1a199f86b01', '华为 9 4800万超广角三摄 6GB+128GB全息幻彩蓝 骁龙855 全网通4G 双卡双待 水滴全面屏拍照智能游戏手机', '移动，白色，64G', '5a61a7876305b760efa8abe04b912a8b', 'http://joolun-base-test.oss-cn-zhangjiakou.aliyuncs.com/7667c3f40823764d.jpg', 1, 0.01, 0.00, 0.01, 0.00, 0.00, 0, NULL, NULL, '0', '0');
INSERT INTO `order_item` (`id`, `tenant_id`, `shop_id`, `del_flag`, `create_time`, `update_time`, `order_id`, `spu_id`, `spu_name`, `spec_info`, `sku_id`, `pic_url`, `quantity`, `sales_price`, `freight_price`, `payment_price`, `payment_points_price`, `payment_coupon_price`, `payment_points`, `coupon_user_id`, `remark`, `status`, `is_refund`) VALUES ('1390278118609051649', '1', '1261176336950480898', '0', '2021-05-06 20:11:48', '2021-05-06 20:11:48', '1390278118592274434', '2835671ff031c18cb181b1a199f86b01', '华为 9 4800万超广角三摄 6GB+128GB全息幻彩蓝 骁龙855 全网通4G 双卡双待 水滴全面屏拍照智能游戏手机', '移动，白色，64G', '5a61a7876305b760efa8abe04b912a8b', 'http://joolun-base-test.oss-cn-zhangjiakou.aliyuncs.com/7667c3f40823764d.jpg', 1, 0.01, 0.00, 0.01, 0.00, 0.00, 0, NULL, NULL, '0', '0');
INSERT INTO `order_item` (`id`, `tenant_id`, `shop_id`, `del_flag`, `create_time`, `update_time`, `order_id`, `spu_id`, `spu_name`, `spec_info`, `sku_id`, `pic_url`, `quantity`, `sales_price`, `freight_price`, `payment_price`, `payment_points_price`, `payment_coupon_price`, `payment_points`, `coupon_user_id`, `remark`, `status`, `is_refund`) VALUES ('1390279486069604354', '1', '1261176336950480898', '0', '2021-05-06 20:17:14', '2021-05-06 20:17:14', '1390279486048632833', '2835671ff031c18cb181b1a199f86b01', '华为 9 4800万超广角三摄 6GB+128GB全息幻彩蓝 骁龙855 全网通4G 双卡双待 水滴全面屏拍照智能游戏手机', '移动，白色，64G', '5a61a7876305b760efa8abe04b912a8b', 'http://joolun-base-test.oss-cn-zhangjiakou.aliyuncs.com/7667c3f40823764d.jpg', 1, 0.01, 0.00, 0.01, 0.00, 0.00, 0, NULL, NULL, '0', '0');
INSERT INTO `order_item` (`id`, `tenant_id`, `shop_id`, `del_flag`, `create_time`, `update_time`, `order_id`, `spu_id`, `spu_name`, `spec_info`, `sku_id`, `pic_url`, `quantity`, `sales_price`, `freight_price`, `payment_price`, `payment_points_price`, `payment_coupon_price`, `payment_points`, `coupon_user_id`, `remark`, `status`, `is_refund`) VALUES ('1390283278362124290', '1', '1261176336950480898', '0', '2021-05-06 20:32:18', '2021-05-06 20:32:18', '1390283278353735682', '2835671ff031c18cb181b1a199f86b01', '华为 9 4800万超广角三摄 6GB+128GB全息幻彩蓝 骁龙855 全网通4G 双卡双待 水滴全面屏拍照智能游戏手机', '移动，白色，64G', '5a61a7876305b760efa8abe04b912a8b', 'http://joolun-base-test.oss-cn-zhangjiakou.aliyuncs.com/7667c3f40823764d.jpg', 1, 0.01, 0.00, 0.01, 0.00, 0.00, 0, NULL, NULL, '0', '0');
INSERT INTO `order_item` (`id`, `tenant_id`, `shop_id`, `del_flag`, `create_time`, `update_time`, `order_id`, `spu_id`, `spu_name`, `spec_info`, `sku_id`, `pic_url`, `quantity`, `sales_price`, `freight_price`, `payment_price`, `payment_points_price`, `payment_coupon_price`, `payment_points`, `coupon_user_id`, `remark`, `status`, `is_refund`) VALUES ('1390290931092111361', '1', '1261176336950480898', '0', '2021-05-06 21:02:42', '2021-05-06 21:02:42', '1390290931075334146', '2835671ff031c18cb181b1a199f86b01', '华为 9 4800万超广角三摄 6GB+128GB全息幻彩蓝 骁龙855 全网通4G 双卡双待 水滴全面屏拍照智能游戏手机', '移动，白色，64G', '5a61a7876305b760efa8abe04b912a8b', 'http://joolun-base-test.oss-cn-zhangjiakou.aliyuncs.com/7667c3f40823764d.jpg', 1, 0.01, 0.00, 0.01, 0.00, 0.00, 0, NULL, NULL, '0', '0');
INSERT INTO `order_item` (`id`, `tenant_id`, `shop_id`, `del_flag`, `create_time`, `update_time`, `order_id`, `spu_id`, `spu_name`, `spec_info`, `sku_id`, `pic_url`, `quantity`, `sales_price`, `freight_price`, `payment_price`, `payment_points_price`, `payment_coupon_price`, `payment_points`, `coupon_user_id`, `remark`, `status`, `is_refund`) VALUES ('1390291785169846273', '1', '1261176336950480898', '0', '2021-05-06 21:06:06', '2021-05-06 21:06:06', '1390291785157263362', '2835671ff031c18cb181b1a199f86b01', '华为 9 4800万超广角三摄 6GB+128GB全息幻彩蓝 骁龙855 全网通4G 双卡双待 水滴全面屏拍照智能游戏手机', '移动，白色，64G', '5a61a7876305b760efa8abe04b912a8b', 'http://joolun-base-test.oss-cn-zhangjiakou.aliyuncs.com/7667c3f40823764d.jpg', 1, 0.01, 0.00, 0.01, 0.00, 0.00, 0, NULL, NULL, '0', '0');
INSERT INTO `order_item` (`id`, `tenant_id`, `shop_id`, `del_flag`, `create_time`, `update_time`, `order_id`, `spu_id`, `spu_name`, `spec_info`, `sku_id`, `pic_url`, `quantity`, `sales_price`, `freight_price`, `payment_price`, `payment_points_price`, `payment_coupon_price`, `payment_points`, `coupon_user_id`, `remark`, `status`, `is_refund`) VALUES ('1390292443801387010', '1', '1261176336950480898', '0', '2021-05-06 21:08:43', '2021-05-06 21:08:43', '1390292443755249665', '2835671ff031c18cb181b1a199f86b01', '华为 9 4800万超广角三摄 6GB+128GB全息幻彩蓝 骁龙855 全网通4G 双卡双待 水滴全面屏拍照智能游戏手机', '移动，白色，64G', '5a61a7876305b760efa8abe04b912a8b', 'http://joolun-base-test.oss-cn-zhangjiakou.aliyuncs.com/7667c3f40823764d.jpg', 1, 0.01, 0.00, 0.01, 0.00, 0.00, 0, NULL, NULL, '0', '0');
INSERT INTO `order_item` (`id`, `tenant_id`, `shop_id`, `del_flag`, `create_time`, `update_time`, `order_id`, `spu_id`, `spu_name`, `spec_info`, `sku_id`, `pic_url`, `quantity`, `sales_price`, `freight_price`, `payment_price`, `payment_points_price`, `payment_coupon_price`, `payment_points`, `coupon_user_id`, `remark`, `status`, `is_refund`) VALUES ('1390292648055603201', '1', '1261176336950480898', '0', '2021-05-06 21:09:32', '2021-05-06 21:09:32', '1390292648038825985', '2835671ff031c18cb181b1a199f86b01', '华为 9 4800万超广角三摄 6GB+128GB全息幻彩蓝 骁龙855 全网通4G 双卡双待 水滴全面屏拍照智能游戏手机', '移动，白色，64G', '5a61a7876305b760efa8abe04b912a8b', 'http://joolun-base-test.oss-cn-zhangjiakou.aliyuncs.com/7667c3f40823764d.jpg', 1, 0.01, 0.00, 0.01, 0.00, 0.00, 0, NULL, NULL, '0', '0');
INSERT INTO `order_item` (`id`, `tenant_id`, `shop_id`, `del_flag`, `create_time`, `update_time`, `order_id`, `spu_id`, `spu_name`, `spec_info`, `sku_id`, `pic_url`, `quantity`, `sales_price`, `freight_price`, `payment_price`, `payment_points_price`, `payment_coupon_price`, `payment_points`, `coupon_user_id`, `remark`, `status`, `is_refund`) VALUES ('1390292848685940739', '1', '1261176336950480898', '0', '2021-05-06 21:10:20', '2021-05-06 21:10:20', '1390292848685940738', '2835671ff031c18cb181b1a199f86b01', '华为 9 4800万超广角三摄 6GB+128GB全息幻彩蓝 骁龙855 全网通4G 双卡双待 水滴全面屏拍照智能游戏手机', '移动，白色，64G', '5a61a7876305b760efa8abe04b912a8b', 'http://joolun-base-test.oss-cn-zhangjiakou.aliyuncs.com/7667c3f40823764d.jpg', 1, 0.01, 0.00, 0.01, 0.00, 0.00, 0, NULL, NULL, '0', '0');
INSERT INTO `order_item` (`id`, `tenant_id`, `shop_id`, `del_flag`, `create_time`, `update_time`, `order_id`, `spu_id`, `spu_name`, `spec_info`, `sku_id`, `pic_url`, `quantity`, `sales_price`, `freight_price`, `payment_price`, `payment_points_price`, `payment_coupon_price`, `payment_points`, `coupon_user_id`, `remark`, `status`, `is_refund`) VALUES ('1390293139116326914', '1', '1261176336950480898', '0', '2021-05-06 21:11:29', '2021-05-06 21:11:29', '1390293139036635138', '2835671ff031c18cb181b1a199f86b01', '华为 9 4800万超广角三摄 6GB+128GB全息幻彩蓝 骁龙855 全网通4G 双卡双待 水滴全面屏拍照智能游戏手机', '移动，白色，64G', '5a61a7876305b760efa8abe04b912a8b', 'http://joolun-base-test.oss-cn-zhangjiakou.aliyuncs.com/7667c3f40823764d.jpg', 1, 0.01, 0.00, 0.01, 0.00, 0.00, 0, NULL, NULL, '0', '0');
INSERT INTO `order_item` (`id`, `tenant_id`, `shop_id`, `del_flag`, `create_time`, `update_time`, `order_id`, `spu_id`, `spu_name`, `spec_info`, `sku_id`, `pic_url`, `quantity`, `sales_price`, `freight_price`, `payment_price`, `payment_points_price`, `payment_coupon_price`, `payment_points`, `coupon_user_id`, `remark`, `status`, `is_refund`) VALUES ('1390490908326166530', '1', '1261193346845495297', '0', '2021-05-07 10:17:21', '2021-05-07 10:17:21', '1390490908309389314', '1262322806084739073', 'Apple手机特卖', NULL, '1262322806181208066', 'http://minio.joolun.com/joolun/1/material/10952adc-cad0-4c53-8762-9906d1dde220.jpg', 1, 6.00, 0.00, 6.00, 0.00, 0.00, 0, NULL, NULL, '3', '1');
INSERT INTO `order_item` (`id`, `tenant_id`, `shop_id`, `del_flag`, `create_time`, `update_time`, `order_id`, `spu_id`, `spu_name`, `spec_info`, `sku_id`, `pic_url`, `quantity`, `sales_price`, `freight_price`, `payment_price`, `payment_points_price`, `payment_coupon_price`, `payment_points`, `coupon_user_id`, `remark`, `status`, `is_refund`) VALUES ('1390491533759807491', '1', '1261193346845495297', '0', '2021-05-07 10:19:50', '2021-05-07 10:19:50', '1390491533759807490', '1262322806084739073', 'Apple手机特卖', NULL, '1262322806181208066', 'http://minio.joolun.com/joolun/1/material/10952adc-cad0-4c53-8762-9906d1dde220.jpg', 1, 6.00, 0.00, 6.00, 0.00, 0.00, 0, NULL, NULL, '3', '1');
INSERT INTO `order_item` (`id`, `tenant_id`, `shop_id`, `del_flag`, `create_time`, `update_time`, `order_id`, `spu_id`, `spu_name`, `spec_info`, `sku_id`, `pic_url`, `quantity`, `sales_price`, `freight_price`, `payment_price`, `payment_points_price`, `payment_coupon_price`, `payment_points`, `coupon_user_id`, `remark`, `status`, `is_refund`) VALUES ('1390492358636797954', '1', '1261193346845495297', '0', '2021-05-07 10:23:07', '2021-05-07 10:23:07', '1390492358636797953', '1262322806084739073', 'Apple手机特卖', NULL, '1262322806181208066', 'http://minio.joolun.com/joolun/1/material/10952adc-cad0-4c53-8762-9906d1dde220.jpg', 1, 6.00, 0.00, 6.00, 0.00, 0.00, 0, NULL, NULL, '3', '1');
INSERT INTO `order_item` (`id`, `tenant_id`, `shop_id`, `del_flag`, `create_time`, `update_time`, `order_id`, `spu_id`, `spu_name`, `spec_info`, `sku_id`, `pic_url`, `quantity`, `sales_price`, `freight_price`, `payment_price`, `payment_points_price`, `payment_coupon_price`, `payment_points`, `coupon_user_id`, `remark`, `status`, `is_refund`) VALUES ('1390492703819628546', '1', '1261193346845495297', '0', '2021-05-07 10:24:29', '2021-05-07 10:24:29', '1390492703710576641', '1262322806084739073', 'Apple手机特卖', NULL, '1262322806181208066', 'http://minio.joolun.com/joolun/1/material/10952adc-cad0-4c53-8762-9906d1dde220.jpg', 1, 6.00, 0.00, 6.00, 0.00, 0.00, 0, NULL, NULL, '3', '1');
INSERT INTO `order_item` (`id`, `tenant_id`, `shop_id`, `del_flag`, `create_time`, `update_time`, `order_id`, `spu_id`, `spu_name`, `spec_info`, `sku_id`, `pic_url`, `quantity`, `sales_price`, `freight_price`, `payment_price`, `payment_points_price`, `payment_coupon_price`, `payment_points`, `coupon_user_id`, `remark`, `status`, `is_refund`) VALUES ('1390493173564911618', '1', '1261193346845495297', '0', '2021-05-07 10:26:21', '2021-05-07 10:26:21', '1390493173443276802', '1262322806084739073', 'Apple手机特卖', NULL, '1262322806181208066', 'http://minio.joolun.com/joolun/1/material/10952adc-cad0-4c53-8762-9906d1dde220.jpg', 1, 6.00, 0.00, 6.00, 0.00, 0.00, 0, NULL, NULL, '3', '1');
INSERT INTO `order_item` (`id`, `tenant_id`, `shop_id`, `del_flag`, `create_time`, `update_time`, `order_id`, `spu_id`, `spu_name`, `spec_info`, `sku_id`, `pic_url`, `quantity`, `sales_price`, `freight_price`, `payment_price`, `payment_points_price`, `payment_coupon_price`, `payment_points`, `coupon_user_id`, `remark`, `status`, `is_refund`) VALUES ('1390494491838853121', '1', '1261193346845495297', '0', '2021-05-07 10:31:35', '2021-05-07 10:31:35', '1390494491822075905', '1262322806084739073', 'Apple手机特卖', NULL, '1262322806181208066', 'http://minio.joolun.com/joolun/1/material/10952adc-cad0-4c53-8762-9906d1dde220.jpg', 1, 6.00, 0.00, 6.00, 0.00, 0.00, 0, NULL, NULL, '3', '1');
INSERT INTO `order_item` (`id`, `tenant_id`, `shop_id`, `del_flag`, `create_time`, `update_time`, `order_id`, `spu_id`, `spu_name`, `spec_info`, `sku_id`, `pic_url`, `quantity`, `sales_price`, `freight_price`, `payment_price`, `payment_points_price`, `payment_coupon_price`, `payment_points`, `coupon_user_id`, `remark`, `status`, `is_refund`) VALUES ('1390494491838853122', '1', '1261193346845495297', '0', '2021-05-07 10:31:35', '2021-05-07 10:31:35', '1390494491822075905', '4d06c5157cce971b89166e509cdf63e8', '商城流程演示商品，不发货不退款，请谨慎够买', '裸机', '894b591741d425ca9c1b1579ce299a5b', 'https://joolun-base-test.oss-cn-zhangjiakou.aliyuncs.com/1/material/0352cae9-2770-494e-9f08-97e474d90345.jpg', 2, 5.00, 0.00, 10.00, 0.00, 0.00, 0, NULL, NULL, '3', '1');
INSERT INTO `order_item` (`id`, `tenant_id`, `shop_id`, `del_flag`, `create_time`, `update_time`, `order_id`, `spu_id`, `spu_name`, `spec_info`, `sku_id`, `pic_url`, `quantity`, `sales_price`, `freight_price`, `payment_price`, `payment_points_price`, `payment_coupon_price`, `payment_points`, `coupon_user_id`, `remark`, `status`, `is_refund`) VALUES ('1390873516545503234', '1', '1261193346845495297', '0', '2021-05-08 11:37:42', '2021-05-08 11:37:42', '1390873516503560194', '4d06c5157cce971b89166e509cdf63e8', '商城流程演示商品，不发货不退款，请谨慎够买', '超值大礼包', '7cee91d08568afe4f8c2a7651f52be8b', 'https://joolun-base-test.oss-cn-zhangjiakou.aliyuncs.com/1/material/61152cae-8dd2-4553-9992-33cd93075aff.gif', 1, 6.00, 0.00, 6.00, 0.00, 0.00, 0, NULL, NULL, '3', '1');
INSERT INTO `order_item` (`id`, `tenant_id`, `shop_id`, `del_flag`, `create_time`, `update_time`, `order_id`, `spu_id`, `spu_name`, `spec_info`, `sku_id`, `pic_url`, `quantity`, `sales_price`, `freight_price`, `payment_price`, `payment_points_price`, `payment_coupon_price`, `payment_points`, `coupon_user_id`, `remark`, `status`, `is_refund`) VALUES ('1390873516545503235', '1', '1261193346845495297', '0', '2021-05-08 11:37:42', '2021-05-08 11:37:42', '1390873516503560194', '1262322806084739073', 'Apple手机特卖', NULL, '1262322806181208066', 'http://minio.joolun.com/joolun/1/material/10952adc-cad0-4c53-8762-9906d1dde220.jpg', 1, 6.00, 0.00, 6.00, 0.00, 0.00, 0, NULL, NULL, '3', '1');
INSERT INTO `order_item` (`id`, `tenant_id`, `shop_id`, `del_flag`, `create_time`, `update_time`, `order_id`, `spu_id`, `spu_name`, `spec_info`, `sku_id`, `pic_url`, `quantity`, `sales_price`, `freight_price`, `payment_price`, `payment_points_price`, `payment_coupon_price`, `payment_points`, `coupon_user_id`, `remark`, `status`, `is_refund`) VALUES ('1390875534999764994', '1', '1261193346845495297', '0', '2021-05-08 11:45:43', '2021-05-08 11:45:43', '1390875534970404866', '1262322806084739073', 'Apple手机特卖', NULL, '1262322806181208066', 'http://minio.joolun.com/joolun/1/material/10952adc-cad0-4c53-8762-9906d1dde220.jpg', 1, 6.00, 0.00, 6.00, 0.00, 0.00, 0, NULL, NULL, '3', '1');
INSERT INTO `order_item` (`id`, `tenant_id`, `shop_id`, `del_flag`, `create_time`, `update_time`, `order_id`, `spu_id`, `spu_name`, `spec_info`, `sku_id`, `pic_url`, `quantity`, `sales_price`, `freight_price`, `payment_price`, `payment_points_price`, `payment_coupon_price`, `payment_points`, `coupon_user_id`, `remark`, `status`, `is_refund`) VALUES ('1390875535008153601', '1', '1261193346845495297', '0', '2021-05-08 11:45:43', '2021-05-08 11:45:43', '1390875534970404866', '4d06c5157cce971b89166e509cdf63e8', '商城流程演示商品，不发货不退款，请谨慎够买', '裸机', '894b591741d425ca9c1b1579ce299a5b', 'https://joolun-base-test.oss-cn-zhangjiakou.aliyuncs.com/1/material/0352cae9-2770-494e-9f08-97e474d90345.jpg', 1, 5.00, 0.00, 5.00, 0.00, 0.00, 0, NULL, NULL, '3', '1');
INSERT INTO `order_item` (`id`, `tenant_id`, `shop_id`, `del_flag`, `create_time`, `update_time`, `order_id`, `spu_id`, `spu_name`, `spec_info`, `sku_id`, `pic_url`, `quantity`, `sales_price`, `freight_price`, `payment_price`, `payment_points_price`, `payment_coupon_price`, `payment_points`, `coupon_user_id`, `remark`, `status`, `is_refund`) VALUES ('1392055441280749570', '1', '1261193346845495297', '0', '2021-05-11 17:54:15', '2021-05-11 17:54:15', '1392055441230417922', '4d06c5157cce971b89166e509cdf63e8', '商城流程演示商品，不发货不退款，请谨慎够买', '超值大礼包', '7cee91d08568afe4f8c2a7651f52be8b', 'https://joolun-base-test.oss-cn-zhangjiakou.aliyuncs.com/1/material/61152cae-8dd2-4553-9992-33cd93075aff.gif', 1, 6.00, 0.00, 6.00, 0.00, 0.00, 0, NULL, NULL, '3', '1');
INSERT INTO `order_item` (`id`, `tenant_id`, `shop_id`, `del_flag`, `create_time`, `update_time`, `order_id`, `spu_id`, `spu_name`, `spec_info`, `sku_id`, `pic_url`, `quantity`, `sales_price`, `freight_price`, `payment_price`, `payment_points_price`, `payment_coupon_price`, `payment_points`, `coupon_user_id`, `remark`, `status`, `is_refund`) VALUES ('1392055441280749571', '1', '1261193346845495297', '0', '2021-05-11 17:54:15', '2021-05-11 17:54:15', '1392055441230417922', '1262322806084739073', 'Apple手机特卖', NULL, '1262322806181208066', 'http://minio.joolun.com/joolun/1/material/10952adc-cad0-4c53-8762-9906d1dde220.jpg', 1, 6.00, 0.00, 6.00, 0.00, 0.00, 0, NULL, NULL, '3', '1');
INSERT INTO `order_item` (`id`, `tenant_id`, `shop_id`, `del_flag`, `create_time`, `update_time`, `order_id`, `spu_id`, `spu_name`, `spec_info`, `sku_id`, `pic_url`, `quantity`, `sales_price`, `freight_price`, `payment_price`, `payment_points_price`, `payment_coupon_price`, `payment_points`, `coupon_user_id`, `remark`, `status`, `is_refund`) VALUES ('1400278150968016897', '1', '1261193346845495297', '0', '2021-06-03 10:28:21', '2021-06-03 10:28:21', '1400278150959628290', '1273191752084549634', 'Apple iPhone 11 (A2223) 128GB 黑色', '256G，仲夏紫，4g全网通', '1281935486727823361', 'http://minio.joolun.com/joolun/1/material/52152ce2-84fc-4f5b-ac35-92a9f067e1eb.jpg', 1, 0.03, 0.00, 0.03, 0.00, 0.00, 0, NULL, NULL, '0', '0');
INSERT INTO `order_item` (`id`, `tenant_id`, `shop_id`, `del_flag`, `create_time`, `update_time`, `order_id`, `spu_id`, `spu_name`, `spec_info`, `sku_id`, `pic_url`, `quantity`, `sales_price`, `freight_price`, `payment_price`, `payment_points_price`, `payment_coupon_price`, `payment_points`, `coupon_user_id`, `remark`, `status`, `is_refund`) VALUES ('1400278150968016898', '1', '1261193346845495297', '0', '2021-06-03 10:28:21', '2021-06-03 10:28:21', '1400278150959628290', '1273192146906968065', 'Apple iPhone移动联通电信4G手机 双卡双待', NULL, '1273192146915356674', 'http://minio.joolun.com/joolun/1/material/10952adc-cad0-4c53-8762-9906d1dde220.jpg', 2, 0.02, 0.00, 0.04, 0.00, 0.00, 0, NULL, NULL, '0', '0');
INSERT INTO `order_item` (`id`, `tenant_id`, `shop_id`, `del_flag`, `create_time`, `update_time`, `order_id`, `spu_id`, `spu_name`, `spec_info`, `sku_id`, `pic_url`, `quantity`, `sales_price`, `freight_price`, `payment_price`, `payment_points_price`, `payment_coupon_price`, `payment_points`, `coupon_user_id`, `remark`, `status`, `is_refund`) VALUES ('1417313190650396673', '1', '1261193346845495297', '0', '2021-07-20 10:39:31', '2021-07-20 10:39:31', '1417313190591676417', '1273192146906968065', 'Apple iPhone移动联通电信4G手机 双卡双待', NULL, '1273192146915356674', 'http://minio.joolun.com/joolun/1/material/10952adc-cad0-4c53-8762-9906d1dde220.jpg', 1, 0.02, 0.00, 0.02, 0.00, 0.00, 0, NULL, NULL, '0', '0');
INSERT INTO `order_item` (`id`, `tenant_id`, `shop_id`, `del_flag`, `create_time`, `update_time`, `order_id`, `spu_id`, `spu_name`, `spec_info`, `sku_id`, `pic_url`, `quantity`, `sales_price`, `freight_price`, `payment_price`, `payment_points_price`, `payment_coupon_price`, `payment_points`, `coupon_user_id`, `remark`, `status`, `is_refund`) VALUES ('1417313364063895554', '1', '1261193631538073602', '0', '2021-07-20 10:40:13', '2021-07-20 10:40:13', '1417313364063895553', '1273189745068142593', 'Redmi K30 王一博同款 120Hz流速屏 前置挖孔双摄 索尼6400万后置四摄 4500mAh超长续航 27W快充 6GB+128GB 紫玉幻境 游戏智能手机 小米 红米', '256G', '1273189745084919809', 'http://minio.joolun.com/joolun/1/material/cb601860-0c4c-49fe-8aa0-67dd728a43f6.jpg', 1, 2689.00, 0.00, 2285.65, 0.00, 403.35, 0, '1417313312591396866', NULL, '0', '0');
INSERT INTO `order_item` (`id`, `tenant_id`, `shop_id`, `del_flag`, `create_time`, `update_time`, `order_id`, `spu_id`, `spu_name`, `spec_info`, `sku_id`, `pic_url`, `quantity`, `sales_price`, `freight_price`, `payment_price`, `payment_points_price`, `payment_coupon_price`, `payment_points`, `coupon_user_id`, `remark`, `status`, `is_refund`) VALUES ('1417314190782205953', '1', '1261176336950480898', '0', '2021-07-20 10:43:30', '2021-07-20 10:43:30', '1417314190752845825', '1273187904351694850', '华为 HUAWEI Mate 30 麒麟990旗舰芯片4000万超感光徕卡影像屏内指纹8G+128GB星河银4G全网通版游戏手机', '天际白', '1273187904368472066', 'http://minio.joolun.com/joolun/1/material/ceab6bcd-83d2-4fa4-b682-62407503b0aa.jpg', 1, 4599.00, 5.00, 4375.00, 229.00, 0.00, 229, NULL, NULL, '0', '0');
INSERT INTO `order_item` (`id`, `tenant_id`, `shop_id`, `del_flag`, `create_time`, `update_time`, `order_id`, `spu_id`, `spu_name`, `spec_info`, `sku_id`, `pic_url`, `quantity`, `sales_price`, `freight_price`, `payment_price`, `payment_points_price`, `payment_coupon_price`, `payment_points`, `coupon_user_id`, `remark`, `status`, `is_refund`) VALUES ('1417314424207806466', '1', '1261176336950480898', '0', '2021-07-20 10:44:25', '2021-07-20 10:44:25', '1417314424191029249', '1273187904351694850', '华为 HUAWEI Mate 30 麒麟990旗舰芯片4000万超感光徕卡影像屏内指纹8G+128GB星河银4G全网通版游戏手机', '天际白', '1273187904368472066', 'http://minio.joolun.com/joolun/1/material/ceab6bcd-83d2-4fa4-b682-62407503b0aa.jpg', 1, 4599.00, 5.00, 4604.00, 0.00, 0.00, 0, NULL, NULL, '0', '0');
INSERT INTO `order_item` (`id`, `tenant_id`, `shop_id`, `del_flag`, `create_time`, `update_time`, `order_id`, `spu_id`, `spu_name`, `spec_info`, `sku_id`, `pic_url`, `quantity`, `sales_price`, `freight_price`, `payment_price`, `payment_points_price`, `payment_coupon_price`, `payment_points`, `coupon_user_id`, `remark`, `status`, `is_refund`) VALUES ('1417315000320552963', '1', '1261176336950480898', '0', '2021-07-20 10:46:43', '2021-07-20 10:46:43', '1417315000320552962', '1273187904351694850', '华为 HUAWEI Mate 30 麒麟990旗舰芯片4000万超感光徕卡影像屏内指纹8G+128GB星河银4G全网通版游戏手机', '天际白', '1273187904368472066', 'http://minio.joolun.com/joolun/1/material/ceab6bcd-83d2-4fa4-b682-62407503b0aa.jpg', 1, 4599.00, 5.00, 4604.00, 0.00, 0.00, 0, NULL, NULL, '0', '0');
INSERT INTO `order_item` (`id`, `tenant_id`, `shop_id`, `del_flag`, `create_time`, `update_time`, `order_id`, `spu_id`, `spu_name`, `spec_info`, `sku_id`, `pic_url`, `quantity`, `sales_price`, `freight_price`, `payment_price`, `payment_points_price`, `payment_coupon_price`, `payment_points`, `coupon_user_id`, `remark`, `status`, `is_refund`) VALUES ('1417319339013500929', '1', '1261176336950480898', '0', '2021-07-20 11:03:57', '2021-07-20 11:03:57', '1417319338954780673', '1273187904351694850', '华为 HUAWEI Mate 30 麒麟990旗舰芯片4000万超感光徕卡影像屏内指纹8G+128GB星河银4G全网通版游戏手机', '天际白', '1273187904368472066', 'http://minio.joolun.com/joolun/1/material/ceab6bcd-83d2-4fa4-b682-62407503b0aa.jpg', 1, 4599.00, 5.00, 4604.00, 0.00, 0.00, 0, NULL, NULL, '0', '0');
INSERT INTO `order_item` (`id`, `tenant_id`, `shop_id`, `del_flag`, `create_time`, `update_time`, `order_id`, `spu_id`, `spu_name`, `spec_info`, `sku_id`, `pic_url`, `quantity`, `sales_price`, `freight_price`, `payment_price`, `payment_points_price`, `payment_coupon_price`, `payment_points`, `coupon_user_id`, `remark`, `status`, `is_refund`) VALUES ('1417319611584540675', '1', '1261176336950480898', '0', '2021-07-20 11:05:02', '2021-07-20 11:05:02', '1417319611584540674', '1273187904351694850', '华为 HUAWEI Mate 30 麒麟990旗舰芯片4000万超感光徕卡影像屏内指纹8G+128GB星河银4G全网通版游戏手机', ' 幻夜黑', '1273187904410415106', 'http://minio.joolun.com/joolun/1/material/ceab6bcd-83d2-4fa4-b682-62407503b0aa.jpg', 1, 4499.00, 5.00, 3604.20, 0.00, 899.80, 0, '1417319530072436737', NULL, '0', '0');
INSERT INTO `order_item` (`id`, `tenant_id`, `shop_id`, `del_flag`, `create_time`, `update_time`, `order_id`, `spu_id`, `spu_name`, `spec_info`, `sku_id`, `pic_url`, `quantity`, `sales_price`, `freight_price`, `payment_price`, `payment_points_price`, `payment_coupon_price`, `payment_points`, `coupon_user_id`, `remark`, `status`, `is_refund`) VALUES ('1417319654236418050', '1', '1261176336950480898', '0', '2021-07-20 11:05:12', '2021-07-20 11:05:12', '1417319654219640833', '1273187904351694850', '华为 HUAWEI Mate 30 麒麟990旗舰芯片4000万超感光徕卡影像屏内指纹8G+128GB星河银4G全网通版游戏手机', ' 幻夜黑', '1273187904410415106', 'http://minio.joolun.com/joolun/1/material/ceab6bcd-83d2-4fa4-b682-62407503b0aa.jpg', 1, 4499.00, 5.00, 4280.00, 224.00, 0.00, 224, NULL, NULL, '0', '0');
INSERT INTO `order_item` (`id`, `tenant_id`, `shop_id`, `del_flag`, `create_time`, `update_time`, `order_id`, `spu_id`, `spu_name`, `spec_info`, `sku_id`, `pic_url`, `quantity`, `sales_price`, `freight_price`, `payment_price`, `payment_points_price`, `payment_coupon_price`, `payment_points`, `coupon_user_id`, `remark`, `status`, `is_refund`) VALUES ('1417319719566897153', '1', '1261176336950480898', '0', '2021-07-20 11:05:28', '2021-07-20 11:05:28', '1417319719558508545', '1273187904351694850', '华为 HUAWEI Mate 30 麒麟990旗舰芯片4000万超感光徕卡影像屏内指纹8G+128GB星河银4G全网通版游戏手机', ' 幻夜黑', '1273187904410415106', 'http://minio.joolun.com/joolun/1/material/ceab6bcd-83d2-4fa4-b682-62407503b0aa.jpg', 1, 4499.00, 5.00, 4504.00, 0.00, 0.00, 0, NULL, NULL, '0', '0');
INSERT INTO `order_item` (`id`, `tenant_id`, `shop_id`, `del_flag`, `create_time`, `update_time`, `order_id`, `spu_id`, `spu_name`, `spec_info`, `sku_id`, `pic_url`, `quantity`, `sales_price`, `freight_price`, `payment_price`, `payment_points_price`, `payment_coupon_price`, `payment_points`, `coupon_user_id`, `remark`, `status`, `is_refund`) VALUES ('1417320374922702849', '1', '1261193631538073602', '0', '2021-07-20 11:08:04', '2021-07-20 11:08:04', '1417320374905925633', '1273189745068142593', 'Redmi K30 王一博同款 120Hz流速屏 前置挖孔双摄 索尼6400万后置四摄 4500mAh超长续航 27W快充 6GB+128GB 紫玉幻境 游戏智能手机 小米 红米', '256G', '1273189745084919809', 'http://minio.joolun.com/joolun/1/material/cb601860-0c4c-49fe-8aa0-67dd728a43f6.jpg', 1, 2689.00, 0.00, 2151.65, 134.00, 403.35, 134, '1417319768120160257', NULL, '0', '0');
INSERT INTO `order_item` (`id`, `tenant_id`, `shop_id`, `del_flag`, `create_time`, `update_time`, `order_id`, `spu_id`, `spu_name`, `spec_info`, `sku_id`, `pic_url`, `quantity`, `sales_price`, `freight_price`, `payment_price`, `payment_points_price`, `payment_coupon_price`, `payment_points`, `coupon_user_id`, `remark`, `status`, `is_refund`) VALUES ('1417320743140691970', '1', '1261176336950480898', '0', '2021-07-20 11:09:32', '2021-07-20 11:09:32', '1417320743111331842', '1273187904351694850', '华为 HUAWEI Mate 30 麒麟990旗舰芯片4000万超感光徕卡影像屏内指纹8G+128GB星河银4G全网通版游戏手机', ' 幻夜黑', '1273187904410415106', 'http://minio.joolun.com/joolun/1/material/ceab6bcd-83d2-4fa4-b682-62407503b0aa.jpg', 1, 4499.00, 5.00, 3380.20, 224.00, 899.80, 224, '1417320686089768962', NULL, '0', '0');
INSERT INTO `order_item` (`id`, `tenant_id`, `shop_id`, `del_flag`, `create_time`, `update_time`, `order_id`, `spu_id`, `spu_name`, `spec_info`, `sku_id`, `pic_url`, `quantity`, `sales_price`, `freight_price`, `payment_price`, `payment_points_price`, `payment_coupon_price`, `payment_points`, `coupon_user_id`, `remark`, `status`, `is_refund`) VALUES ('1417320858861539330', '1', '1261176336950480898', '0', '2021-07-20 11:09:59', '2021-07-20 11:09:59', '1417320858790236162', '1273187904351694850', '华为 HUAWEI Mate 30 麒麟990旗舰芯片4000万超感光徕卡影像屏内指纹8G+128GB星河银4G全网通版游戏手机', '天际白', '1273187904368472066', 'http://minio.joolun.com/joolun/1/material/ceab6bcd-83d2-4fa4-b682-62407503b0aa.jpg', 1, 4599.00, 0.00, 3450.20, 229.00, 919.80, 229, '1417320812451565570', NULL, '0', '0');
INSERT INTO `order_item` (`id`, `tenant_id`, `shop_id`, `del_flag`, `create_time`, `update_time`, `order_id`, `spu_id`, `spu_name`, `spec_info`, `sku_id`, `pic_url`, `quantity`, `sales_price`, `freight_price`, `payment_price`, `payment_points_price`, `payment_coupon_price`, `payment_points`, `coupon_user_id`, `remark`, `status`, `is_refund`) VALUES ('1417321167172243460', '1', '1261193631538073602', '0', '2021-07-20 11:11:13', '2021-07-20 11:11:13', '1417321167172243459', '1273189745068142593', 'Redmi K30 王一博同款 120Hz流速屏 前置挖孔双摄 索尼6400万后置四摄 4500mAh超长续航 27W快充 6GB+128GB 紫玉幻境 游戏智能手机 小米 红米', '128G', '1273189745080725505', 'http://minio.joolun.com/joolun/1/material/cb601860-0c4c-49fe-8aa0-67dd728a43f6.jpg', 1, 1698.00, 0.00, 1359.30, 84.00, 254.70, 84, '1417320963014496258', NULL, '0', '0');
INSERT INTO `order_item` (`id`, `tenant_id`, `shop_id`, `del_flag`, `create_time`, `update_time`, `order_id`, `spu_id`, `spu_name`, `spec_info`, `sku_id`, `pic_url`, `quantity`, `sales_price`, `freight_price`, `payment_price`, `payment_points_price`, `payment_coupon_price`, `payment_points`, `coupon_user_id`, `remark`, `status`, `is_refund`) VALUES ('1417321167486816258', '1', '1261176336950480898', '0', '2021-07-20 11:11:13', '2021-07-20 11:11:13', '1417321167474233345', '1273187904351694850', '华为 HUAWEI Mate 30 麒麟990旗舰芯片4000万超感光徕卡影像屏内指纹8G+128GB星河银4G全网通版游戏手机', '天际白', '1273187904368472066', 'http://minio.joolun.com/joolun/1/material/ceab6bcd-83d2-4fa4-b682-62407503b0aa.jpg', 2, 4599.00, 5.00, 6904.40, 459.00, 1839.60, 459, '1417320982987771905', NULL, '0', '0');
INSERT INTO `order_item` (`id`, `tenant_id`, `shop_id`, `del_flag`, `create_time`, `update_time`, `order_id`, `spu_id`, `spu_name`, `spec_info`, `sku_id`, `pic_url`, `quantity`, `sales_price`, `freight_price`, `payment_price`, `payment_points_price`, `payment_coupon_price`, `payment_points`, `coupon_user_id`, `remark`, `status`, `is_refund`) VALUES ('1417323366849810434', '1', '1261176336950480898', '0', '2021-07-20 11:19:57', '2021-07-20 11:19:57', '1417323366820450306', '1273187904351694850', '华为 HUAWEI Mate 30 麒麟990旗舰芯片4000万超感光徕卡影像屏内指纹8G+128GB星河银4G全网通版游戏手机', ' 幻夜黑', '1273187904410415106', 'http://minio.joolun.com/joolun/1/material/ceab6bcd-83d2-4fa4-b682-62407503b0aa.jpg', 1, 4499.00, 5.00, 4280.00, 224.00, 0.00, 224, NULL, NULL, '0', '0');
INSERT INTO `order_item` (`id`, `tenant_id`, `shop_id`, `del_flag`, `create_time`, `update_time`, `order_id`, `spu_id`, `spu_name`, `spec_info`, `sku_id`, `pic_url`, `quantity`, `sales_price`, `freight_price`, `payment_price`, `payment_points_price`, `payment_coupon_price`, `payment_points`, `coupon_user_id`, `remark`, `status`, `is_refund`) VALUES ('1417323493698146307', '1', '1261176336950480898', '0', '2021-07-20 11:20:28', '2021-07-20 11:20:28', '1417323493698146306', '1273187904351694850', '华为 HUAWEI Mate 30 麒麟990旗舰芯片4000万超感光徕卡影像屏内指纹8G+128GB星河银4G全网通版游戏手机', '天际白', '1273187904368472066', 'http://minio.joolun.com/joolun/1/material/ceab6bcd-83d2-4fa4-b682-62407503b0aa.jpg', 1, 4599.00, 5.00, 3455.20, 229.00, 919.80, 229, '1417323404653072385', NULL, '0', '0');
INSERT INTO `order_item` (`id`, `tenant_id`, `shop_id`, `del_flag`, `create_time`, `update_time`, `order_id`, `spu_id`, `spu_name`, `spec_info`, `sku_id`, `pic_url`, `quantity`, `sales_price`, `freight_price`, `payment_price`, `payment_points_price`, `payment_coupon_price`, `payment_points`, `coupon_user_id`, `remark`, `status`, `is_refund`) VALUES ('1417328530079920129', '1', '1261176336950480898', '0', '2021-07-20 11:40:28', '2021-07-20 11:40:28', '1417328530054754305', '1273187904351694850', '华为 HUAWEI Mate 30 麒麟990旗舰芯片4000万超感光徕卡影像屏内指纹8G+128GB星河银4G全网通版游戏手机', '仲夏紫', '1273187904360083458', 'http://minio.joolun.com/joolun/1/material/ceab6bcd-83d2-4fa4-b682-62407503b0aa.jpg', 1, 4499.00, 0.00, 0.01, 0.00, 0.00, 0, NULL, NULL, '0', '0');
INSERT INTO `order_item` (`id`, `tenant_id`, `shop_id`, `del_flag`, `create_time`, `update_time`, `order_id`, `spu_id`, `spu_name`, `spec_info`, `sku_id`, `pic_url`, `quantity`, `sales_price`, `freight_price`, `payment_price`, `payment_points_price`, `payment_coupon_price`, `payment_points`, `coupon_user_id`, `remark`, `status`, `is_refund`) VALUES ('1417328771940265985', '1', '1261176336950480898', '0', '2021-07-20 11:41:26', '2021-07-20 11:41:26', '1417328771923488769', '1273187904351694850', '华为 HUAWEI Mate 30 麒麟990旗舰芯片4000万超感光徕卡影像屏内指纹8G+128GB星河银4G全网通版游戏手机', '仲夏紫', '1273187904360083458', 'http://minio.joolun.com/joolun/1/material/ceab6bcd-83d2-4fa4-b682-62407503b0aa.jpg', 1, 4499.00, 0.00, 0.01, 0.00, 0.00, 0, NULL, NULL, '0', '0');
INSERT INTO `order_item` (`id`, `tenant_id`, `shop_id`, `del_flag`, `create_time`, `update_time`, `order_id`, `spu_id`, `spu_name`, `spec_info`, `sku_id`, `pic_url`, `quantity`, `sales_price`, `freight_price`, `payment_price`, `payment_points_price`, `payment_coupon_price`, `payment_points`, `coupon_user_id`, `remark`, `status`, `is_refund`) VALUES ('1417334920534102018', '1', '1261176336950480898', '0', '2021-07-20 12:05:52', '2021-07-20 12:05:52', '1417334920517324801', '1273187904351694850', '华为 HUAWEI Mate 30 麒麟990旗舰芯片4000万超感光徕卡影像屏内指纹8G+128GB星河银4G全网通版游戏手机', '天际白', '1273187904368472066', 'http://minio.joolun.com/joolun/1/material/ceab6bcd-83d2-4fa4-b682-62407503b0aa.jpg', 1, 4599.00, 5.00, 4398.00, 0.00, 0.00, 0, NULL, NULL, '0', '0');
INSERT INTO `order_item` (`id`, `tenant_id`, `shop_id`, `del_flag`, `create_time`, `update_time`, `order_id`, `spu_id`, `spu_name`, `spec_info`, `sku_id`, `pic_url`, `quantity`, `sales_price`, `freight_price`, `payment_price`, `payment_points_price`, `payment_coupon_price`, `payment_points`, `coupon_user_id`, `remark`, `status`, `is_refund`) VALUES ('1417335352148955139', '1', '1261176336950480898', '0', '2021-07-20 12:07:35', '2021-07-20 12:07:35', '1417335352148955138', '1273187904351694850', '华为 HUAWEI Mate 30 麒麟990旗舰芯片4000万超感光徕卡影像屏内指纹8G+128GB星河银4G全网通版游戏手机', '仲夏紫', '1273187904360083458', 'http://minio.joolun.com/joolun/1/material/ceab6bcd-83d2-4fa4-b682-62407503b0aa.jpg', 1, 4499.00, 5.00, 4005.00, 0.00, 0.00, 0, NULL, NULL, '0', '0');
INSERT INTO `order_item` (`id`, `tenant_id`, `shop_id`, `del_flag`, `create_time`, `update_time`, `order_id`, `spu_id`, `spu_name`, `spec_info`, `sku_id`, `pic_url`, `quantity`, `sales_price`, `freight_price`, `payment_price`, `payment_points_price`, `payment_coupon_price`, `payment_points`, `coupon_user_id`, `remark`, `status`, `is_refund`) VALUES ('1417335388710703106', '1', '1261176336950480898', '0', '2021-07-20 12:07:44', '2021-07-20 12:07:44', '1417335388693925889', '1273187904351694850', '华为 HUAWEI Mate 30 麒麟990旗舰芯片4000万超感光徕卡影像屏内指纹8G+128GB星河银4G全网通版游戏手机', '仲夏紫', '1273187904360083458', 'http://minio.joolun.com/joolun/1/material/ceab6bcd-83d2-4fa4-b682-62407503b0aa.jpg', 1, 4499.00, 0.00, 4000.00, 0.00, 0.00, 0, NULL, NULL, '0', '0');
INSERT INTO `order_item` (`id`, `tenant_id`, `shop_id`, `del_flag`, `create_time`, `update_time`, `order_id`, `spu_id`, `spu_name`, `spec_info`, `sku_id`, `pic_url`, `quantity`, `sales_price`, `freight_price`, `payment_price`, `payment_points_price`, `payment_coupon_price`, `payment_points`, `coupon_user_id`, `remark`, `status`, `is_refund`) VALUES ('1417336688668106753', '1', '1261176336950480898', '0', '2021-07-20 12:12:54', '2021-07-20 12:12:54', '1417336688659718145', '1273187904351694850', '华为 HUAWEI Mate 30 麒麟990旗舰芯片4000万超感光徕卡影像屏内指纹8G+128GB星河银4G全网通版游戏手机', '天际白', '1273187904368472066', 'http://minio.joolun.com/joolun/1/material/ceab6bcd-83d2-4fa4-b682-62407503b0aa.jpg', 1, 4599.00, 5.00, 4004.00, 0.00, 0.00, 0, NULL, NULL, '0', '0');
INSERT INTO `order_item` (`id`, `tenant_id`, `shop_id`, `del_flag`, `create_time`, `update_time`, `order_id`, `spu_id`, `spu_name`, `spec_info`, `sku_id`, `pic_url`, `quantity`, `sales_price`, `freight_price`, `payment_price`, `payment_points_price`, `payment_coupon_price`, `payment_points`, `coupon_user_id`, `remark`, `status`, `is_refund`) VALUES ('1417336774353543170', '1', '1261176336950480898', '0', '2021-07-20 12:13:14', '2021-07-20 12:13:14', '1417336774353543169', '1273187904351694850', '华为 HUAWEI Mate 30 麒麟990旗舰芯片4000万超感光徕卡影像屏内指纹8G+128GB星河银4G全网通版游戏手机', '天际白', '1273187904368472066', 'http://minio.joolun.com/joolun/1/material/ceab6bcd-83d2-4fa4-b682-62407503b0aa.jpg', 1, 4599.00, 0.00, 3999.00, 0.00, 0.00, 0, NULL, NULL, '0', '0');
INSERT INTO `order_item` (`id`, `tenant_id`, `shop_id`, `del_flag`, `create_time`, `update_time`, `order_id`, `spu_id`, `spu_name`, `spec_info`, `sku_id`, `pic_url`, `quantity`, `sales_price`, `freight_price`, `payment_price`, `payment_points_price`, `payment_coupon_price`, `payment_points`, `coupon_user_id`, `remark`, `status`, `is_refund`) VALUES ('1417337173454147586', '1', '1261176336950480898', '0', '2021-07-20 12:14:49', '2021-07-20 12:14:49', '1417337173420593154', '1273187904351694850', '华为 HUAWEI Mate 30 麒麟990旗舰芯片4000万超感光徕卡影像屏内指纹8G+128GB星河银4G全网通版游戏手机', '天际白', '1273187904368472066', 'http://minio.joolun.com/joolun/1/material/ceab6bcd-83d2-4fa4-b682-62407503b0aa.jpg', 1, 4599.00, 5.00, 4004.00, 0.00, 0.00, 0, NULL, NULL, '0', '0');
INSERT INTO `order_item` (`id`, `tenant_id`, `shop_id`, `del_flag`, `create_time`, `update_time`, `order_id`, `spu_id`, `spu_name`, `spec_info`, `sku_id`, `pic_url`, `quantity`, `sales_price`, `freight_price`, `payment_price`, `payment_points_price`, `payment_coupon_price`, `payment_points`, `coupon_user_id`, `remark`, `status`, `is_refund`) VALUES ('1417337228030431233', '1', '1261176336950480898', '0', '2021-07-20 12:15:02', '2021-07-20 12:15:02', '1417337227946545153', '1273187904351694850', '华为 HUAWEI Mate 30 麒麟990旗舰芯片4000万超感光徕卡影像屏内指纹8G+128GB星河银4G全网通版游戏手机', '天际白', '1273187904368472066', 'http://minio.joolun.com/joolun/1/material/ceab6bcd-83d2-4fa4-b682-62407503b0aa.jpg', 1, 4599.00, 0.00, 3999.00, 0.00, 0.00, 0, NULL, NULL, '0', '0');
INSERT INTO `order_item` (`id`, `tenant_id`, `shop_id`, `del_flag`, `create_time`, `update_time`, `order_id`, `spu_id`, `spu_name`, `spec_info`, `sku_id`, `pic_url`, `quantity`, `sales_price`, `freight_price`, `payment_price`, `payment_points_price`, `payment_coupon_price`, `payment_points`, `coupon_user_id`, `remark`, `status`, `is_refund`) VALUES ('1421325354092490754', '1', '1261193346845495297', '0', '2021-07-31 12:22:26', '2021-07-31 12:22:26', '1421325354092490753', '1273191752084549634', 'Apple iPhone 11 (A2223) 128GB 黑色', '256G，仲夏紫，4g全网通', '1281935486727823361', 'http://minio.joolun.com/joolun/1/material/52152ce2-84fc-4f5b-ac35-92a9f067e1eb.jpg', 1, 0.03, 0.00, 0.03, 0.00, 0.00, 0, NULL, NULL, '0', '0');
INSERT INTO `order_item` (`id`, `tenant_id`, `shop_id`, `del_flag`, `create_time`, `update_time`, `order_id`, `spu_id`, `spu_name`, `spec_info`, `sku_id`, `pic_url`, `quantity`, `sales_price`, `freight_price`, `payment_price`, `payment_points_price`, `payment_coupon_price`, `payment_points`, `coupon_user_id`, `remark`, `status`, `is_refund`) VALUES ('1444928335871758338', '1', '1261193631538073602', '0', '2021-10-04 15:32:15', '2021-10-04 15:32:15', '1444928335792066561', '1273189745068142593', 'Redmi K30 王一博同款 120Hz流速屏 前置挖孔双摄 索尼6400万后置四摄 4500mAh超长续航 27W快充 6GB+128GB 紫玉幻境 游戏智能手机 小米 红米', '128G', '1273189745080725505', 'http://minio.joolun.com/joolun/1/material/cb601860-0c4c-49fe-8aa0-67dd728a43f6.jpg', 1, 1698.00, 0.00, 1698.00, 0.00, 0.00, 0, NULL, NULL, '0', '0');
INSERT INTO `order_item` (`id`, `tenant_id`, `shop_id`, `del_flag`, `create_time`, `update_time`, `order_id`, `spu_id`, `spu_name`, `spec_info`, `sku_id`, `pic_url`, `quantity`, `sales_price`, `freight_price`, `payment_price`, `payment_points_price`, `payment_coupon_price`, `payment_points`, `coupon_user_id`, `remark`, `status`, `is_refund`) VALUES ('1444929213697642498', '1', '1261193631538073602', '0', '2021-10-04 15:35:44', '2021-10-04 15:35:44', '1444929213685059586', '1273189745068142593', 'Redmi K30 王一博同款 120Hz流速屏 前置挖孔双摄 索尼6400万后置四摄 4500mAh超长续航 27W快充 6GB+128GB 紫玉幻境 游戏智能手机 小米 红米', '128G', '1273189745080725505', 'http://minio.joolun.com/joolun/1/material/cb601860-0c4c-49fe-8aa0-67dd728a43f6.jpg', 1, 1698.00, 0.00, 1698.00, 0.00, 0.00, 0, NULL, NULL, '0', '0');
INSERT INTO `order_item` (`id`, `tenant_id`, `shop_id`, `del_flag`, `create_time`, `update_time`, `order_id`, `spu_id`, `spu_name`, `spec_info`, `sku_id`, `pic_url`, `quantity`, `sales_price`, `freight_price`, `payment_price`, `payment_points_price`, `payment_coupon_price`, `payment_points`, `coupon_user_id`, `remark`, `status`, `is_refund`) VALUES ('1444938446015148034', '1', '1261193631538073602', '0', '2021-10-04 16:12:25', '2021-10-04 16:12:25', '1444938445851570178', '1273189745068142593', 'Redmi K30 王一博同款 120Hz流速屏 前置挖孔双摄 索尼6400万后置四摄 4500mAh超长续航 27W快充 6GB+128GB 紫玉幻境 游戏智能手机 小米 红米', '128G', '1273189745080725505', 'http://minio.joolun.com/joolun/1/material/cb601860-0c4c-49fe-8aa0-67dd728a43f6.jpg', 1, 1698.00, 0.00, 1698.00, 0.00, 0.00, 0, NULL, NULL, '0', '0');
INSERT INTO `order_item` (`id`, `tenant_id`, `shop_id`, `del_flag`, `create_time`, `update_time`, `order_id`, `spu_id`, `spu_name`, `spec_info`, `sku_id`, `pic_url`, `quantity`, `sales_price`, `freight_price`, `payment_price`, `payment_points_price`, `payment_coupon_price`, `payment_points`, `coupon_user_id`, `remark`, `status`, `is_refund`) VALUES ('1444953996070068226', '1', '1261193631538073602', '0', '2021-10-04 17:14:13', '2021-10-04 17:14:13', '1444953996002959362', '1273189745068142593', 'Redmi K30 王一博同款 120Hz流速屏 前置挖孔双摄 索尼6400万后置四摄 4500mAh超长续航 27W快充 6GB+128GB 紫玉幻境 游戏智能手机 小米 红米', '256G', '1273189745084919809', 'http://minio.joolun.com/joolun/1/material/cb601860-0c4c-49fe-8aa0-67dd728a43f6.jpg', 1, 2689.00, 0.00, 2689.00, 0.00, 0.00, 0, NULL, NULL, '0', '0');
INSERT INTO `order_item` (`id`, `tenant_id`, `shop_id`, `del_flag`, `create_time`, `update_time`, `order_id`, `spu_id`, `spu_name`, `spec_info`, `sku_id`, `pic_url`, `quantity`, `sales_price`, `freight_price`, `payment_price`, `payment_points_price`, `payment_coupon_price`, `payment_points`, `coupon_user_id`, `remark`, `status`, `is_refund`) VALUES ('1444963011172868098', '1', '1261193631538073602', '0', '2021-10-04 17:50:02', '2021-10-04 17:50:02', '1444963011172868097', '1273189745068142593', 'Redmi K30 王一博同款 120Hz流速屏 前置挖孔双摄 索尼6400万后置四摄 4500mAh超长续航 27W快充 6GB+128GB 紫玉幻境 游戏智能手机 小米 红米', '256G', '1273189745084919809', 'http://minio.joolun.com/joolun/1/material/cb601860-0c4c-49fe-8aa0-67dd728a43f6.jpg', 1, 2689.00, 0.00, 2689.00, 0.00, 0.00, 0, NULL, NULL, '0', '0');
INSERT INTO `order_item` (`id`, `tenant_id`, `shop_id`, `del_flag`, `create_time`, `update_time`, `order_id`, `spu_id`, `spu_name`, `spec_info`, `sku_id`, `pic_url`, `quantity`, `sales_price`, `freight_price`, `payment_price`, `payment_points_price`, `payment_coupon_price`, `payment_points`, `coupon_user_id`, `remark`, `status`, `is_refund`) VALUES ('1445294988283461633', '1', '1261193631538073602', '0', '2021-10-05 15:49:12', '2021-10-05 15:49:12', '1445294988245712898', '1273189745068142593', 'Redmi K30 王一博同款 120Hz流速屏 前置挖孔双摄 索尼6400万后置四摄 4500mAh超长续航 27W快充 6GB+128GB 紫玉幻境 游戏智能手机 小米 红米', '256G', '1273189745084919809', 'http://minio.joolun.com/joolun/1/material/cb601860-0c4c-49fe-8aa0-67dd728a43f6.jpg', 1, 2689.00, 0.00, 2689.00, 0.00, 0.00, 0, NULL, NULL, '0', '0');
INSERT INTO `order_item` (`id`, `tenant_id`, `shop_id`, `del_flag`, `create_time`, `update_time`, `order_id`, `spu_id`, `spu_name`, `spec_info`, `sku_id`, `pic_url`, `quantity`, `sales_price`, `freight_price`, `payment_price`, `payment_points_price`, `payment_coupon_price`, `payment_points`, `coupon_user_id`, `remark`, `status`, `is_refund`) VALUES ('1445302658465906689', '1', '1261193631538073602', '0', '2021-10-05 16:19:40', '2021-10-05 16:19:40', '1445302658457518081', '1273189745068142593', 'Redmi K30 王一博同款 120Hz流速屏 前置挖孔双摄 索尼6400万后置四摄 4500mAh超长续航 27W快充 6GB+128GB 紫玉幻境 游戏智能手机 小米 红米', '128G', '1273189745080725505', 'http://minio.joolun.com/joolun/1/material/cb601860-0c4c-49fe-8aa0-67dd728a43f6.jpg', 1, 1698.00, 0.00, 1698.00, 0.00, 0.00, 0, NULL, NULL, '0', '0');
INSERT INTO `order_item` (`id`, `tenant_id`, `shop_id`, `del_flag`, `create_time`, `update_time`, `order_id`, `spu_id`, `spu_name`, `spec_info`, `sku_id`, `pic_url`, `quantity`, `sales_price`, `freight_price`, `payment_price`, `payment_points_price`, `payment_coupon_price`, `payment_points`, `coupon_user_id`, `remark`, `status`, `is_refund`) VALUES ('1445310815632211969', '1', '1261193346845495297', '0', '2021-10-05 16:52:05', '2021-10-05 16:52:05', '1445310815565103105', '1273191752084549634', 'Apple iPhone 11 (A2223) 128GB 黑色', '256G，仲夏紫，4g全网通', '1281935486727823361', 'http://minio.joolun.com/joolun/1/material/52152ce2-84fc-4f5b-ac35-92a9f067e1eb.jpg', 1, 0.03, 0.00, 0.03, 0.00, 0.00, 0, NULL, NULL, '0', '0');
INSERT INTO `order_item` (`id`, `tenant_id`, `shop_id`, `del_flag`, `create_time`, `update_time`, `order_id`, `spu_id`, `spu_name`, `spec_info`, `sku_id`, `pic_url`, `quantity`, `sales_price`, `freight_price`, `payment_price`, `payment_points_price`, `payment_coupon_price`, `payment_points`, `coupon_user_id`, `remark`, `status`, `is_refund`) VALUES ('1445322977129799682', '1', '1261193346845495297', '0', '2021-10-05 17:40:25', '2021-10-05 17:40:25', '1445322977087856641', '1273191752084549634', 'Apple iPhone 11 (A2223) 128GB 黑色', '256G，仲夏紫，4g全网通', '1281935486727823361', 'http://minio.joolun.com/joolun/1/material/52152ce2-84fc-4f5b-ac35-92a9f067e1eb.jpg', 1, 0.03, 0.00, 0.03, 0.00, 0.00, 0, NULL, NULL, '0', '0');
INSERT INTO `order_item` (`id`, `tenant_id`, `shop_id`, `del_flag`, `create_time`, `update_time`, `order_id`, `spu_id`, `spu_name`, `spec_info`, `sku_id`, `pic_url`, `quantity`, `sales_price`, `freight_price`, `payment_price`, `payment_points_price`, `payment_coupon_price`, `payment_points`, `coupon_user_id`, `remark`, `status`, `is_refund`) VALUES ('1445323134189707266', '1', '1261193346845495297', '0', '2021-10-05 17:41:02', '2021-10-05 17:41:02', '1445323134164541442', '1273191752084549634', 'Apple iPhone 11 (A2223) 128GB 黑色', '256G，仲夏紫，4g全网通', '1281935486727823361', 'http://minio.joolun.com/joolun/1/material/52152ce2-84fc-4f5b-ac35-92a9f067e1eb.jpg', 1, 0.03, 0.00, 0.03, 0.00, 0.00, 0, NULL, NULL, '0', '0');
INSERT INTO `order_item` (`id`, `tenant_id`, `shop_id`, `del_flag`, `create_time`, `update_time`, `order_id`, `spu_id`, `spu_name`, `spec_info`, `sku_id`, `pic_url`, `quantity`, `sales_price`, `freight_price`, `payment_price`, `payment_points_price`, `payment_coupon_price`, `payment_points`, `coupon_user_id`, `remark`, `status`, `is_refund`) VALUES ('1445325507171713026', '1', '1261193346845495297', '0', '2021-10-05 17:50:28', '2021-10-05 17:50:28', '1445325507054272514', '1273191752084549634', 'Apple iPhone 11 (A2223) 128GB 黑色', '256G，仲夏紫，4g全网通', '1281935486727823361', 'http://minio.joolun.com/joolun/1/material/52152ce2-84fc-4f5b-ac35-92a9f067e1eb.jpg', 1, 0.03, 0.00, 0.03, 0.00, 0.00, 0, NULL, NULL, '0', '0');
INSERT INTO `order_item` (`id`, `tenant_id`, `shop_id`, `del_flag`, `create_time`, `update_time`, `order_id`, `spu_id`, `spu_name`, `spec_info`, `sku_id`, `pic_url`, `quantity`, `sales_price`, `freight_price`, `payment_price`, `payment_points_price`, `payment_coupon_price`, `payment_points`, `coupon_user_id`, `remark`, `status`, `is_refund`) VALUES ('1445327244905504769', '1', '1261193346845495297', '0', '2021-10-05 17:57:22', '2021-10-05 17:57:22', '1445327244871950337', '1273191752084549634', 'Apple iPhone 11 (A2223) 128GB 黑色', '256G，仲夏紫，4g全网通', '1281935486727823361', 'http://minio.joolun.com/joolun/1/material/52152ce2-84fc-4f5b-ac35-92a9f067e1eb.jpg', 1, 0.03, 0.00, 0.03, 0.00, 0.00, 0, NULL, NULL, '0', '0');
INSERT INTO `order_item` (`id`, `tenant_id`, `shop_id`, `del_flag`, `create_time`, `update_time`, `order_id`, `spu_id`, `spu_name`, `spec_info`, `sku_id`, `pic_url`, `quantity`, `sales_price`, `freight_price`, `payment_price`, `payment_points_price`, `payment_coupon_price`, `payment_points`, `coupon_user_id`, `remark`, `status`, `is_refund`) VALUES ('1445328540651855874', '1', '1261193346845495297', '0', '2021-10-05 18:02:31', '2021-10-05 18:02:31', '1445328540555386882', '1273191752084549634', 'Apple iPhone 11 (A2223) 128GB 黑色', '256G，仲夏紫，4g全网通', '1281935486727823361', 'http://minio.joolun.com/joolun/1/material/52152ce2-84fc-4f5b-ac35-92a9f067e1eb.jpg', 1, 0.03, 0.00, 0.03, 0.00, 0.00, 0, NULL, NULL, '0', '0');
INSERT INTO `order_item` (`id`, `tenant_id`, `shop_id`, `del_flag`, `create_time`, `update_time`, `order_id`, `spu_id`, `spu_name`, `spec_info`, `sku_id`, `pic_url`, `quantity`, `sales_price`, `freight_price`, `payment_price`, `payment_points_price`, `payment_coupon_price`, `payment_points`, `coupon_user_id`, `remark`, `status`, `is_refund`) VALUES ('1445333096940978178', '1', '1261193346845495297', '0', '2021-10-05 18:20:37', '2021-10-05 18:20:37', '1445333096907423746', '1273191752084549634', 'Apple iPhone 11 (A2223) 128GB 黑色', '256G，仲夏紫，4g全网通', '1281935486727823361', 'http://minio.joolun.com/joolun/1/material/52152ce2-84fc-4f5b-ac35-92a9f067e1eb.jpg', 1, 0.03, 0.00, 0.03, 0.00, 0.00, 0, NULL, NULL, '0', '0');
INSERT INTO `order_item` (`id`, `tenant_id`, `shop_id`, `del_flag`, `create_time`, `update_time`, `order_id`, `spu_id`, `spu_name`, `spec_info`, `sku_id`, `pic_url`, `quantity`, `sales_price`, `freight_price`, `payment_price`, `payment_points_price`, `payment_coupon_price`, `payment_points`, `coupon_user_id`, `remark`, `status`, `is_refund`) VALUES ('1445333548722044930', '1', '1261193346845495297', '0', '2021-10-05 18:22:25', '2021-10-05 18:22:25', '1445333548722044929', '1273191752084549634', 'Apple iPhone 11 (A2223) 128GB 黑色', '256G，仲夏紫，4g全网通', '1281935486727823361', 'http://minio.joolun.com/joolun/1/material/52152ce2-84fc-4f5b-ac35-92a9f067e1eb.jpg', 1, 0.03, 0.00, 0.03, 0.00, 0.00, 0, NULL, NULL, '0', '0');
INSERT INTO `order_item` (`id`, `tenant_id`, `shop_id`, `del_flag`, `create_time`, `update_time`, `order_id`, `spu_id`, `spu_name`, `spec_info`, `sku_id`, `pic_url`, `quantity`, `sales_price`, `freight_price`, `payment_price`, `payment_points_price`, `payment_coupon_price`, `payment_points`, `coupon_user_id`, `remark`, `status`, `is_refund`) VALUES ('1445334798020657153', '1', '1261193631538073602', '0', '2021-10-05 18:27:23', '2021-10-05 18:27:23', '1445334797991297026', '1273189745068142593', 'Redmi K30 王一博同款 120Hz流速屏 前置挖孔双摄 索尼6400万后置四摄 4500mAh超长续航 27W快充 6GB+128GB 紫玉幻境 游戏智能手机 小米 红米', '32G', '1273189745072336897', 'http://minio.joolun.com/joolun/1/material/cb601860-0c4c-49fe-8aa0-67dd728a43f6.jpg', 1, 599.00, 0.00, 599.00, 0.00, 0.00, 0, NULL, NULL, '0', '0');
INSERT INTO `order_item` (`id`, `tenant_id`, `shop_id`, `del_flag`, `create_time`, `update_time`, `order_id`, `spu_id`, `spu_name`, `spec_info`, `sku_id`, `pic_url`, `quantity`, `sales_price`, `freight_price`, `payment_price`, `payment_points_price`, `payment_coupon_price`, `payment_points`, `coupon_user_id`, `remark`, `status`, `is_refund`) VALUES ('1445337245061488641', '1', '1261193346845495297', '0', '2021-10-05 18:37:06', '2021-10-05 18:37:06', '1445337244977602561', '1273191752084549634', 'Apple iPhone 11 (A2223) 128GB 黑色', '256G，仲夏紫，4g全网通', '1281935486727823361', 'http://minio.joolun.com/joolun/1/material/52152ce2-84fc-4f5b-ac35-92a9f067e1eb.jpg', 1, 0.03, 0.00, 0.03, 0.00, 0.00, 0, NULL, NULL, '0', '0');
INSERT INTO `order_item` (`id`, `tenant_id`, `shop_id`, `del_flag`, `create_time`, `update_time`, `order_id`, `spu_id`, `spu_name`, `spec_info`, `sku_id`, `pic_url`, `quantity`, `sales_price`, `freight_price`, `payment_price`, `payment_points_price`, `payment_coupon_price`, `payment_points`, `coupon_user_id`, `remark`, `status`, `is_refund`) VALUES ('1445340393805189122', '1', '1261193346845495297', '0', '2021-10-05 18:49:37', '2021-10-05 18:49:37', '1445340393725497345', '1273191752084549634', 'Apple iPhone 11 (A2223) 128GB 黑色', '256G，仲夏紫，4g全网通', '1281935486727823361', 'http://minio.joolun.com/joolun/1/material/52152ce2-84fc-4f5b-ac35-92a9f067e1eb.jpg', 1, 0.03, 0.00, 0.03, 0.00, 0.00, 0, NULL, NULL, '0', '0');
INSERT INTO `order_item` (`id`, `tenant_id`, `shop_id`, `del_flag`, `create_time`, `update_time`, `order_id`, `spu_id`, `spu_name`, `spec_info`, `sku_id`, `pic_url`, `quantity`, `sales_price`, `freight_price`, `payment_price`, `payment_points_price`, `payment_coupon_price`, `payment_points`, `coupon_user_id`, `remark`, `status`, `is_refund`) VALUES ('1445603842774917122', '1', '1261193346845495297', '0', '2021-10-06 12:16:28', '2021-10-06 12:16:28', '1445603842724585474', '1273191752084549634', 'Apple iPhone 11 (A2223) 128GB 黑色', '256G，仲夏紫，4g全网通', '1281935486727823361', 'http://minio.joolun.com/joolun/1/material/52152ce2-84fc-4f5b-ac35-92a9f067e1eb.jpg', 1, 0.03, 0.00, 0.03, 0.00, 0.00, 0, NULL, NULL, '0', '0');
INSERT INTO `order_item` (`id`, `tenant_id`, `shop_id`, `del_flag`, `create_time`, `update_time`, `order_id`, `spu_id`, `spu_name`, `spec_info`, `sku_id`, `pic_url`, `quantity`, `sales_price`, `freight_price`, `payment_price`, `payment_points_price`, `payment_coupon_price`, `payment_points`, `coupon_user_id`, `remark`, `status`, `is_refund`) VALUES ('1445614059419934721', '1', '1261176336950480898', '0', '2021-10-06 12:57:04', '2021-10-06 12:57:04', '1445614059394768898', '1273187904351694850', '华为 HUAWEI Mate 30 麒麟990旗舰芯片4000万超感光徕卡影像屏内指纹8G+128GB星河银4G全网通版游戏手机', '仲夏紫', '1273187904360083458', 'http://minio.joolun.com/joolun/1/material/ceab6bcd-83d2-4fa4-b682-62407503b0aa.jpg', 1, 4499.00, 0.00, 4499.00, 0.00, 0.00, 0, NULL, NULL, '0', '0');
INSERT INTO `order_item` (`id`, `tenant_id`, `shop_id`, `del_flag`, `create_time`, `update_time`, `order_id`, `spu_id`, `spu_name`, `spec_info`, `sku_id`, `pic_url`, `quantity`, `sales_price`, `freight_price`, `payment_price`, `payment_points_price`, `payment_coupon_price`, `payment_points`, `coupon_user_id`, `remark`, `status`, `is_refund`) VALUES ('1445622881349885954', '1', '1261176336950480898', '0', '2021-10-06 13:32:07', '2021-10-06 13:32:07', '1445622881328914434', '1273187904351694850', '华为 HUAWEI Mate 30 麒麟990旗舰芯片4000万超感光徕卡影像屏内指纹8G+128GB星河银4G全网通版游戏手机', '天际白', '1273187904368472066', 'http://minio.joolun.com/joolun/1/material/ceab6bcd-83d2-4fa4-b682-62407503b0aa.jpg', 1, 4599.00, 0.00, 4599.00, 0.00, 0.00, 0, NULL, NULL, '0', '0');
INSERT INTO `order_item` (`id`, `tenant_id`, `shop_id`, `del_flag`, `create_time`, `update_time`, `order_id`, `spu_id`, `spu_name`, `spec_info`, `sku_id`, `pic_url`, `quantity`, `sales_price`, `freight_price`, `payment_price`, `payment_points_price`, `payment_coupon_price`, `payment_points`, `coupon_user_id`, `remark`, `status`, `is_refund`) VALUES ('1445624387679674371', '1', '1261193631538073602', '0', '2021-10-06 13:38:07', '2021-10-06 13:38:07', '1445624387679674370', '1273190776913063938', '【至高12期免息】小米10 5G游戏手机权益版全网通 冰海蓝 8G+256G', '64G， 幻夜黑', '1273190776921452546', 'http://minio.joolun.com/joolun/1/material/56a86f9e-2186-47f2-92b3-ff7732821094.jpg', 1, 1688.00, 0.00, 1688.00, 0.00, 0.00, 0, NULL, NULL, '0', '0');
INSERT INTO `order_item` (`id`, `tenant_id`, `shop_id`, `del_flag`, `create_time`, `update_time`, `order_id`, `spu_id`, `spu_name`, `spec_info`, `sku_id`, `pic_url`, `quantity`, `sales_price`, `freight_price`, `payment_price`, `payment_points_price`, `payment_coupon_price`, `payment_points`, `coupon_user_id`, `remark`, `status`, `is_refund`) VALUES ('1445624709458288641', '1', '1261176336950480898', '0', '2021-10-06 13:39:23', '2021-10-06 13:39:23', '1445624709445705730', '1273187904351694850', '华为 HUAWEI Mate 30 麒麟990旗舰芯片4000万超感光徕卡影像屏内指纹8G+128GB星河银4G全网通版游戏手机', '仲夏紫', '1273187904360083458', 'http://minio.joolun.com/joolun/1/material/ceab6bcd-83d2-4fa4-b682-62407503b0aa.jpg', 1, 4499.00, 0.00, 4499.00, 0.00, 0.00, 0, NULL, NULL, '0', '0');
INSERT INTO `order_item` (`id`, `tenant_id`, `shop_id`, `del_flag`, `create_time`, `update_time`, `order_id`, `spu_id`, `spu_name`, `spec_info`, `sku_id`, `pic_url`, `quantity`, `sales_price`, `freight_price`, `payment_price`, `payment_points_price`, `payment_coupon_price`, `payment_points`, `coupon_user_id`, `remark`, `status`, `is_refund`) VALUES ('1445638638393724929', '1', '1261176336950480898', '0', '2021-10-06 14:34:44', '2021-10-06 14:34:44', '1445638638381142017', '1273187904351694850', '华为 HUAWEI Mate 30 麒麟990旗舰芯片4000万超感光徕卡影像屏内指纹8G+128GB星河银4G全网通版游戏手机', '天际白', '1273187904368472066', 'http://minio.joolun.com/joolun/1/material/ceab6bcd-83d2-4fa4-b682-62407503b0aa.jpg', 1, 4599.00, 0.00, 4599.00, 0.00, 0.00, 0, NULL, NULL, '0', '0');
INSERT INTO `order_item` (`id`, `tenant_id`, `shop_id`, `del_flag`, `create_time`, `update_time`, `order_id`, `spu_id`, `spu_name`, `spec_info`, `sku_id`, `pic_url`, `quantity`, `sales_price`, `freight_price`, `payment_price`, `payment_points_price`, `payment_coupon_price`, `payment_points`, `coupon_user_id`, `remark`, `status`, `is_refund`) VALUES ('1445638994485940225', '1', '1261193631538073602', '0', '2021-10-06 14:36:09', '2021-10-06 14:36:09', '1445638994423025666', '1273190776913063938', '【至高12期免息】小米10 5G游戏手机权益版全网通 冰海蓝 8G+256G', '256G， 幻夜黑', '1273190776934035457', 'http://minio.joolun.com/joolun/1/material/56a86f9e-2186-47f2-92b3-ff7732821094.jpg', 1, 3688.00, 0.00, 3688.00, 0.00, 0.00, 0, NULL, NULL, '0', '0');
INSERT INTO `order_item` (`id`, `tenant_id`, `shop_id`, `del_flag`, `create_time`, `update_time`, `order_id`, `spu_id`, `spu_name`, `spec_info`, `sku_id`, `pic_url`, `quantity`, `sales_price`, `freight_price`, `payment_price`, `payment_points_price`, `payment_coupon_price`, `payment_points`, `coupon_user_id`, `remark`, `status`, `is_refund`) VALUES ('1445639051067101185', '1', '1261193631538073602', '0', '2021-10-06 14:36:23', '2021-10-06 14:36:23', '1445639050995798018', '1273190776913063938', '【至高12期免息】小米10 5G游戏手机权益版全网通 冰海蓝 8G+256G', '256G，4TB蓝', '1273190776938229761', 'http://minio.joolun.com/joolun/1/material/56a86f9e-2186-47f2-92b3-ff7732821094.jpg', 1, 2688.00, 0.00, 2688.00, 0.00, 0.00, 0, NULL, NULL, '0', '0');
INSERT INTO `order_item` (`id`, `tenant_id`, `shop_id`, `del_flag`, `create_time`, `update_time`, `order_id`, `spu_id`, `spu_name`, `spec_info`, `sku_id`, `pic_url`, `quantity`, `sales_price`, `freight_price`, `payment_price`, `payment_points_price`, `payment_coupon_price`, `payment_points`, `coupon_user_id`, `remark`, `status`, `is_refund`) VALUES ('1445639143694110722', '1', '1261193631538073602', '0', '2021-10-06 14:36:45', '2021-10-06 14:36:45', '1445639143627001858', '1273190776913063938', '【至高12期免息】小米10 5G游戏手机权益版全网通 冰海蓝 8G+256G', '256G，4TB蓝', '1273190776938229761', 'http://minio.joolun.com/joolun/1/material/56a86f9e-2186-47f2-92b3-ff7732821094.jpg', 1, 2688.00, 0.00, 2688.00, 0.00, 0.00, 0, NULL, NULL, '0', '0');
INSERT INTO `order_item` (`id`, `tenant_id`, `shop_id`, `del_flag`, `create_time`, `update_time`, `order_id`, `spu_id`, `spu_name`, `spec_info`, `sku_id`, `pic_url`, `quantity`, `sales_price`, `freight_price`, `payment_price`, `payment_points_price`, `payment_coupon_price`, `payment_points`, `coupon_user_id`, `remark`, `status`, `is_refund`) VALUES ('1445659345068593153', '1', '1261193346845495297', '0', '2021-10-06 15:57:01', '2021-10-06 15:57:01', '1445659345030844417', '1273191752084549634', 'Apple iPhone 11 (A2223) 128GB 黑色', '256G，仲夏紫，4g全网通', '1281935486727823361', 'http://minio.joolun.com/joolun/1/material/52152ce2-84fc-4f5b-ac35-92a9f067e1eb.jpg', 1, 0.03, 0.00, 0.03, 0.00, 0.00, 0, NULL, NULL, '0', '0');
INSERT INTO `order_item` (`id`, `tenant_id`, `shop_id`, `del_flag`, `create_time`, `update_time`, `order_id`, `spu_id`, `spu_name`, `spec_info`, `sku_id`, `pic_url`, `quantity`, `sales_price`, `freight_price`, `payment_price`, `payment_points_price`, `payment_coupon_price`, `payment_points`, `coupon_user_id`, `remark`, `status`, `is_refund`) VALUES ('1445660080703361026', '1', '1261193346845495297', '0', '2021-10-06 15:59:56', '2021-10-06 15:59:56', '1445660080619474945', '1273191752084549634', 'Apple iPhone 11 (A2223) 128GB 黑色', '256G，仲夏紫，4g全网通', '1281935486727823361', 'http://minio.joolun.com/joolun/1/material/52152ce2-84fc-4f5b-ac35-92a9f067e1eb.jpg', 1, 0.03, 0.00, 0.03, 0.00, 0.00, 0, NULL, NULL, '1', '0');
INSERT INTO `order_item` (`id`, `tenant_id`, `shop_id`, `del_flag`, `create_time`, `update_time`, `order_id`, `spu_id`, `spu_name`, `spec_info`, `sku_id`, `pic_url`, `quantity`, `sales_price`, `freight_price`, `payment_price`, `payment_points_price`, `payment_coupon_price`, `payment_points`, `coupon_user_id`, `remark`, `status`, `is_refund`) VALUES ('1445695507254587393', '1', '1261193346845495297', '0', '2021-10-06 18:20:43', '2021-10-06 18:20:43', '1445695507195867138', '1273191752084549634', 'Apple iPhone 11 (A2223) 128GB 黑色', '128G，仲夏紫，4g全网通', '1281935486727823363', 'http://minio.joolun.com/joolun/1/material/52152ce2-84fc-4f5b-ac35-92a9f067e1eb.jpg', 1, 7025.00, 0.00, 7025.00, 0.00, 0.00, 0, NULL, NULL, '0', '0');
INSERT INTO `order_item` (`id`, `tenant_id`, `shop_id`, `del_flag`, `create_time`, `update_time`, `order_id`, `spu_id`, `spu_name`, `spec_info`, `sku_id`, `pic_url`, `quantity`, `sales_price`, `freight_price`, `payment_price`, `payment_points_price`, `payment_coupon_price`, `payment_points`, `coupon_user_id`, `remark`, `status`, `is_refund`) VALUES ('1445696460317896705', '1', '1261193346845495297', '0', '2021-10-06 18:24:30', '2021-10-06 18:24:30', '1445696460284342274', '1273191752084549634', 'Apple iPhone 11 (A2223) 128GB 黑色', '128G，仲夏紫，4g全网通', '1281935486727823363', 'http://minio.joolun.com/joolun/1/material/52152ce2-84fc-4f5b-ac35-92a9f067e1eb.jpg', 1, 7025.00, 0.00, 7025.00, 0.00, 0.00, 0, NULL, NULL, '0', '0');
INSERT INTO `order_item` (`id`, `tenant_id`, `shop_id`, `del_flag`, `create_time`, `update_time`, `order_id`, `spu_id`, `spu_name`, `spec_info`, `sku_id`, `pic_url`, `quantity`, `sales_price`, `freight_price`, `payment_price`, `payment_points_price`, `payment_coupon_price`, `payment_points`, `coupon_user_id`, `remark`, `status`, `is_refund`) VALUES ('1445696840816664577', '1', '1261193346845495297', '0', '2021-10-06 18:26:01', '2021-10-06 18:26:01', '1445696840711806978', '1273191752084549634', 'Apple iPhone 11 (A2223) 128GB 黑色', '128G，仲夏紫，4g全网通', '1281935486727823363', 'http://minio.joolun.com/joolun/1/material/52152ce2-84fc-4f5b-ac35-92a9f067e1eb.jpg', 1, 7025.00, 0.00, 7025.00, 0.00, 0.00, 0, NULL, NULL, '0', '0');
INSERT INTO `order_item` (`id`, `tenant_id`, `shop_id`, `del_flag`, `create_time`, `update_time`, `order_id`, `spu_id`, `spu_name`, `spec_info`, `sku_id`, `pic_url`, `quantity`, `sales_price`, `freight_price`, `payment_price`, `payment_points_price`, `payment_coupon_price`, `payment_points`, `coupon_user_id`, `remark`, `status`, `is_refund`) VALUES ('1445696964829650946', '1', '1261193346845495297', '0', '2021-10-06 18:26:30', '2021-10-06 18:26:30', '1445696964749959169', '1273191752084549634', 'Apple iPhone 11 (A2223) 128GB 黑色', '128G，仲夏紫，4g全网通', '1281935486727823363', 'http://minio.joolun.com/joolun/1/material/52152ce2-84fc-4f5b-ac35-92a9f067e1eb.jpg', 1, 7025.00, 0.00, 7025.00, 0.00, 0.00, 0, NULL, NULL, '0', '0');
INSERT INTO `order_item` (`id`, `tenant_id`, `shop_id`, `del_flag`, `create_time`, `update_time`, `order_id`, `spu_id`, `spu_name`, `spec_info`, `sku_id`, `pic_url`, `quantity`, `sales_price`, `freight_price`, `payment_price`, `payment_points_price`, `payment_coupon_price`, `payment_points`, `coupon_user_id`, `remark`, `status`, `is_refund`) VALUES ('1445698492760072194', '1', '1261193346845495297', '0', '2021-10-06 18:32:35', '2021-10-06 18:32:35', '1445698492697157633', '1273191752084549634', 'Apple iPhone 11 (A2223) 128GB 黑色', '128G，仲夏紫，4g全网通', '1281935486727823363', 'http://minio.joolun.com/joolun/1/material/52152ce2-84fc-4f5b-ac35-92a9f067e1eb.jpg', 1, 7025.00, 0.00, 7025.00, 0.00, 0.00, 0, NULL, NULL, '0', '0');
INSERT INTO `order_item` (`id`, `tenant_id`, `shop_id`, `del_flag`, `create_time`, `update_time`, `order_id`, `spu_id`, `spu_name`, `spec_info`, `sku_id`, `pic_url`, `quantity`, `sales_price`, `freight_price`, `payment_price`, `payment_points_price`, `payment_coupon_price`, `payment_points`, `coupon_user_id`, `remark`, `status`, `is_refund`) VALUES ('1445698620363382786', '1', '1261193346845495297', '0', '2021-10-06 18:33:05', '2021-10-06 18:33:05', '1445698620317245442', '1273191752084549634', 'Apple iPhone 11 (A2223) 128GB 黑色', '128G，仲夏紫，4g全网通', '1281935486727823363', 'http://minio.joolun.com/joolun/1/material/52152ce2-84fc-4f5b-ac35-92a9f067e1eb.jpg', 1, 7025.00, 0.00, 7025.00, 0.00, 0.00, 0, NULL, NULL, '0', '0');
INSERT INTO `order_item` (`id`, `tenant_id`, `shop_id`, `del_flag`, `create_time`, `update_time`, `order_id`, `spu_id`, `spu_name`, `spec_info`, `sku_id`, `pic_url`, `quantity`, `sales_price`, `freight_price`, `payment_price`, `payment_points_price`, `payment_coupon_price`, `payment_points`, `coupon_user_id`, `remark`, `status`, `is_refund`) VALUES ('1445699294522253314', '1', '1261193346845495297', '0', '2021-10-06 18:35:46', '2021-10-06 18:35:46', '1445699294522253313', '1273191752084549634', 'Apple iPhone 11 (A2223) 128GB 黑色', '128G，仲夏紫，4g全网通', '1281935486727823363', 'http://minio.joolun.com/joolun/1/material/52152ce2-84fc-4f5b-ac35-92a9f067e1eb.jpg', 1, 7025.00, 0.00, 7025.00, 0.00, 0.00, 0, NULL, NULL, '0', '0');
INSERT INTO `order_item` (`id`, `tenant_id`, `shop_id`, `del_flag`, `create_time`, `update_time`, `order_id`, `spu_id`, `spu_name`, `spec_info`, `sku_id`, `pic_url`, `quantity`, `sales_price`, `freight_price`, `payment_price`, `payment_points_price`, `payment_coupon_price`, `payment_points`, `coupon_user_id`, `remark`, `status`, `is_refund`) VALUES ('1445699517730529281', '1', '1261193346845495297', '0', '2021-10-06 18:36:39', '2021-10-06 18:36:39', '1445699517629865986', '1273191752084549634', 'Apple iPhone 11 (A2223) 128GB 黑色', '128G，仲夏紫，4g全网通', '1281935486727823363', 'http://minio.joolun.com/joolun/1/material/52152ce2-84fc-4f5b-ac35-92a9f067e1eb.jpg', 1, 7025.00, 0.00, 7025.00, 0.00, 0.00, 0, NULL, NULL, '0', '0');
INSERT INTO `order_item` (`id`, `tenant_id`, `shop_id`, `del_flag`, `create_time`, `update_time`, `order_id`, `spu_id`, `spu_name`, `spec_info`, `sku_id`, `pic_url`, `quantity`, `sales_price`, `freight_price`, `payment_price`, `payment_points_price`, `payment_coupon_price`, `payment_points`, `coupon_user_id`, `remark`, `status`, `is_refund`) VALUES ('1445725377305042945', '1', '1261176336950480898', '0', '2021-10-06 20:19:24', '2021-10-06 20:19:24', '1445725377284071425', '1273186784766128130', '华为 HUAWEI nova 7 SE 5G 麒麟820 5G SoC芯片 6400万高清AI四摄 40W超级快充 8GB+128GB银月星辉全网通手机', '亮黑色', '1273186784774516738', 'http://minio.joolun.com/joolun/1/material/40c3ffb7-8f3e-4794-b927-2c9beb084896.jpg', 1, 0.03, 0.00, 0.03, 0.00, 0.00, 0, NULL, NULL, '0', '0');
INSERT INTO `order_item` (`id`, `tenant_id`, `shop_id`, `del_flag`, `create_time`, `update_time`, `order_id`, `spu_id`, `spu_name`, `spec_info`, `sku_id`, `pic_url`, `quantity`, `sales_price`, `freight_price`, `payment_price`, `payment_points_price`, `payment_coupon_price`, `payment_points`, `coupon_user_id`, `remark`, `status`, `is_refund`) VALUES ('1445737956471582721', '1', '1261176336950480898', '0', '2021-10-06 21:09:23', '2021-10-06 21:09:23', '1445737956442222593', '1273186784766128130', '华为 HUAWEI nova 7 SE 5G 麒麟820 5G SoC芯片 6400万高清AI四摄 40W超级快充 8GB+128GB银月星辉全网通手机', '亮黑色', '1273186784774516738', 'http://minio.joolun.com/joolun/1/material/40c3ffb7-8f3e-4794-b927-2c9beb084896.jpg', 1, 0.03, 0.00, 0.03, 0.00, 0.00, 0, NULL, NULL, '1', '0');
INSERT INTO `order_item` (`id`, `tenant_id`, `shop_id`, `del_flag`, `create_time`, `update_time`, `order_id`, `spu_id`, `spu_name`, `spec_info`, `sku_id`, `pic_url`, `quantity`, `sales_price`, `freight_price`, `payment_price`, `payment_points_price`, `payment_coupon_price`, `payment_points`, `coupon_user_id`, `remark`, `status`, `is_refund`) VALUES ('1445739260115791874', '1', '1261176336950480898', '0', '2021-10-06 21:14:34', '2021-10-06 21:14:34', '1445739260036100098', '1273186784766128130', '华为 HUAWEI nova 7 SE 5G 麒麟820 5G SoC芯片 6400万高清AI四摄 40W超级快充 8GB+128GB银月星辉全网通手机', '亮黑色', '1273186784774516738', 'http://minio.joolun.com/joolun/1/material/40c3ffb7-8f3e-4794-b927-2c9beb084896.jpg', 1, 0.03, 0.00, 0.03, 0.00, 0.00, 0, NULL, NULL, '1', '0');
INSERT INTO `order_item` (`id`, `tenant_id`, `shop_id`, `del_flag`, `create_time`, `update_time`, `order_id`, `spu_id`, `spu_name`, `spec_info`, `sku_id`, `pic_url`, `quantity`, `sales_price`, `freight_price`, `payment_price`, `payment_points_price`, `payment_coupon_price`, `payment_points`, `coupon_user_id`, `remark`, `status`, `is_refund`) VALUES ('1445742213522321409', '1', '1261176336950480898', '0', '2021-10-06 21:26:18', '2021-10-06 21:26:18', '1445742213430046721', '1273186784766128130', '华为 HUAWEI nova 7 SE 5G 麒麟820 5G SoC芯片 6400万高清AI四摄 40W超级快充 8GB+128GB银月星辉全网通手机', '亮黑色', '1273186784774516738', 'http://minio.joolun.com/joolun/1/material/40c3ffb7-8f3e-4794-b927-2c9beb084896.jpg', 1, 0.03, 0.00, 0.03, 0.00, 0.00, 0, NULL, NULL, '1', '0');
INSERT INTO `order_item` (`id`, `tenant_id`, `shop_id`, `del_flag`, `create_time`, `update_time`, `order_id`, `spu_id`, `spu_name`, `spec_info`, `sku_id`, `pic_url`, `quantity`, `sales_price`, `freight_price`, `payment_price`, `payment_points_price`, `payment_coupon_price`, `payment_points`, `coupon_user_id`, `remark`, `status`, `is_refund`) VALUES ('1445950100597190658', '1', '1261176336950480898', '0', '2021-10-07 11:12:23', '2021-10-07 11:12:23', '1445950100563636226', '1273186784766128130', '华为 HUAWEI nova 7 SE 5G 麒麟820 5G SoC芯片 6400万高清AI四摄 40W超级快充 8GB+128GB银月星辉全网通手机', '亮黑色', '1273186784774516738', 'http://minio.joolun.com/joolun/1/material/40c3ffb7-8f3e-4794-b927-2c9beb084896.jpg', 1, 0.03, 0.00, 0.03, 0.00, 0.00, 0, NULL, NULL, '3', '1');
INSERT INTO `order_item` (`id`, `tenant_id`, `shop_id`, `del_flag`, `create_time`, `update_time`, `order_id`, `spu_id`, `spu_name`, `spec_info`, `sku_id`, `pic_url`, `quantity`, `sales_price`, `freight_price`, `payment_price`, `payment_points_price`, `payment_coupon_price`, `payment_points`, `coupon_user_id`, `remark`, `status`, `is_refund`) VALUES ('1445951116126269442', '1', '1261176336950480898', '0', '2021-10-07 11:16:25', '2021-10-07 11:16:25', '1445951116059160578', '1273186784766128130', '华为 HUAWEI nova 7 SE 5G 麒麟820 5G SoC芯片 6400万高清AI四摄 40W超级快充 8GB+128GB银月星辉全网通手机', '亮黑色', '1273186784774516738', 'http://minio.joolun.com/joolun/1/material/40c3ffb7-8f3e-4794-b927-2c9beb084896.jpg', 1, 0.03, 0.00, 0.03, 0.00, 0.00, 0, NULL, NULL, '1', '0');
INSERT INTO `order_item` (`id`, `tenant_id`, `shop_id`, `del_flag`, `create_time`, `update_time`, `order_id`, `spu_id`, `spu_name`, `spec_info`, `sku_id`, `pic_url`, `quantity`, `sales_price`, `freight_price`, `payment_price`, `payment_points_price`, `payment_coupon_price`, `payment_points`, `coupon_user_id`, `remark`, `status`, `is_refund`) VALUES ('1445951981415321603', '1', '1261176336950480898', '0', '2021-10-07 11:19:51', '2021-10-07 11:24:01', '1445951981415321602', '1273186784766128130', '华为 HUAWEI nova 7 SE 5G 麒麟820 5G SoC芯片 6400万高清AI四摄 40W超级快充 8GB+128GB银月星辉全网通手机', '亮黑色', '1273186784774516738', 'http://minio.joolun.com/joolun/1/material/40c3ffb7-8f3e-4794-b927-2c9beb084896.jpg', 1, 0.03, 0.00, 0.03, 0.00, 0.00, 0, NULL, NULL, '3', '1');
INSERT INTO `order_item` (`id`, `tenant_id`, `shop_id`, `del_flag`, `create_time`, `update_time`, `order_id`, `spu_id`, `spu_name`, `spec_info`, `sku_id`, `pic_url`, `quantity`, `sales_price`, `freight_price`, `payment_price`, `payment_points_price`, `payment_coupon_price`, `payment_points`, `coupon_user_id`, `remark`, `status`, `is_refund`) VALUES ('1445955960207687682', '1', '1261176336950480898', '0', '2021-10-07 11:35:40', '2021-10-07 11:35:40', '1445955960140578817', '1273186784766128130', '华为 HUAWEI nova 7 SE 5G 麒麟820 5G SoC芯片 6400万高清AI四摄 40W超级快充 8GB+128GB银月星辉全网通手机', '亮黑色', '1273186784774516738', 'http://minio.joolun.com/joolun/1/material/40c3ffb7-8f3e-4794-b927-2c9beb084896.jpg', 1, 0.03, 0.00, 0.03, 0.00, 0.00, 0, NULL, NULL, '1', '0');
INSERT INTO `order_item` (`id`, `tenant_id`, `shop_id`, `del_flag`, `create_time`, `update_time`, `order_id`, `spu_id`, `spu_name`, `spec_info`, `sku_id`, `pic_url`, `quantity`, `sales_price`, `freight_price`, `payment_price`, `payment_points_price`, `payment_coupon_price`, `payment_points`, `coupon_user_id`, `remark`, `status`, `is_refund`) VALUES ('1445956733716922370', '1', '1261176336950480898', '0', '2021-10-07 11:38:44', '2021-10-07 13:25:27', '1445956733683367937', '1273186784766128130', '华为 HUAWEI nova 7 SE 5G 麒麟820 5G SoC芯片 6400万高清AI四摄 40W超级快充 8GB+128GB银月星辉全网通手机', '天际白', '1273186784778711042', 'http://minio.joolun.com/joolun/1/material/4e209339-40e6-4999-bef9-16660eda6e3a.jpg', 1, 0.20, 0.00, 0.20, 0.00, 0.00, 0, NULL, NULL, '3', '1');
INSERT INTO `order_item` (`id`, `tenant_id`, `shop_id`, `del_flag`, `create_time`, `update_time`, `order_id`, `spu_id`, `spu_name`, `spec_info`, `sku_id`, `pic_url`, `quantity`, `sales_price`, `freight_price`, `payment_price`, `payment_points_price`, `payment_coupon_price`, `payment_points`, `coupon_user_id`, `remark`, `status`, `is_refund`) VALUES ('1445956733716922371', '1', '1261176336950480898', '0', '2021-10-07 11:38:44', '2021-10-07 16:14:25', '1445956733683367937', '1273186784766128130', '华为 HUAWEI nova 7 SE 5G 麒麟820 5G SoC芯片 6400万高清AI四摄 40W超级快充 8GB+128GB银月星辉全网通手机', '亮黑色', '1273186784774516738', 'http://minio.joolun.com/joolun/1/material/40c3ffb7-8f3e-4794-b927-2c9beb084896.jpg', 1, 0.03, 0.00, 0.03, 0.00, 0.00, 0, NULL, NULL, '3', '1');
INSERT INTO `order_item` (`id`, `tenant_id`, `shop_id`, `del_flag`, `create_time`, `update_time`, `order_id`, `spu_id`, `spu_name`, `spec_info`, `sku_id`, `pic_url`, `quantity`, `sales_price`, `freight_price`, `payment_price`, `payment_points_price`, `payment_coupon_price`, `payment_points`, `coupon_user_id`, `remark`, `status`, `is_refund`) VALUES ('1446026188379725827', '1', '1261176336950480898', '0', '2021-10-07 16:14:43', '2021-10-07 16:19:03', '1446026188379725826', '1273186784766128130', '华为 HUAWEI nova 7 SE 5G 麒麟820 5G SoC芯片 6400万高清AI四摄 40W超级快充 8GB+128GB银月星辉全网通手机', '亮黑色', '1273186784774516738', 'http://minio.joolun.com/joolun/1/material/40c3ffb7-8f3e-4794-b927-2c9beb084896.jpg', 1, 0.03, 0.00, 0.03, 0.00, 0.00, 0, NULL, NULL, '3', '1');
INSERT INTO `order_item` (`id`, `tenant_id`, `shop_id`, `del_flag`, `create_time`, `update_time`, `order_id`, `spu_id`, `spu_name`, `spec_info`, `sku_id`, `pic_url`, `quantity`, `sales_price`, `freight_price`, `payment_price`, `payment_points_price`, `payment_coupon_price`, `payment_points`, `coupon_user_id`, `remark`, `status`, `is_refund`) VALUES ('1446027073163960321', '1', '1261176336950480898', '0', '2021-10-07 16:18:14', '2021-10-07 16:20:56', '1446027073105240065', '1273186784766128130', '华为 HUAWEI nova 7 SE 5G 麒麟820 5G SoC芯片 6400万高清AI四摄 40W超级快充 8GB+128GB银月星辉全网通手机', '亮黑色', '1273186784774516738', 'http://minio.joolun.com/joolun/1/material/40c3ffb7-8f3e-4794-b927-2c9beb084896.jpg', 1, 0.03, 0.00, 0.03, 0.00, 0.00, 0, NULL, NULL, '0', '1');
INSERT INTO `order_item` (`id`, `tenant_id`, `shop_id`, `del_flag`, `create_time`, `update_time`, `order_id`, `spu_id`, `spu_name`, `spec_info`, `sku_id`, `pic_url`, `quantity`, `sales_price`, `freight_price`, `payment_price`, `payment_points_price`, `payment_coupon_price`, `payment_points`, `coupon_user_id`, `remark`, `status`, `is_refund`) VALUES ('1446028000335831042', '1', '1261176336950480898', '0', '2021-10-07 16:21:55', '2021-10-07 16:25:13', '1446028000335831041', '1273186784766128130', '华为 HUAWEI nova 7 SE 5G 麒麟820 5G SoC芯片 6400万高清AI四摄 40W超级快充 8GB+128GB银月星辉全网通手机', '亮黑色', '1273186784774516738', 'http://minio.joolun.com/joolun/1/material/40c3ffb7-8f3e-4794-b927-2c9beb084896.jpg', 1, 0.03, 0.00, 0.03, 0.00, 0.00, 0, NULL, NULL, '0', '1');
INSERT INTO `order_item` (`id`, `tenant_id`, `shop_id`, `del_flag`, `create_time`, `update_time`, `order_id`, `spu_id`, `spu_name`, `spec_info`, `sku_id`, `pic_url`, `quantity`, `sales_price`, `freight_price`, `payment_price`, `payment_points_price`, `payment_coupon_price`, `payment_points`, `coupon_user_id`, `remark`, `status`, `is_refund`) VALUES ('1446029400209956866', '1', '1261176336950480898', '0', '2021-10-07 16:27:29', '2021-10-07 16:28:44', '1446029400151236609', '1273186784766128130', '华为 HUAWEI nova 7 SE 5G 麒麟820 5G SoC芯片 6400万高清AI四摄 40W超级快充 8GB+128GB银月星辉全网通手机', '亮黑色', '1273186784774516738', 'http://minio.joolun.com/joolun/1/material/40c3ffb7-8f3e-4794-b927-2c9beb084896.jpg', 1, 0.03, 0.00, 0.03, 0.00, 0.00, 0, NULL, NULL, '3', '1');
INSERT INTO `order_item` (`id`, `tenant_id`, `shop_id`, `del_flag`, `create_time`, `update_time`, `order_id`, `spu_id`, `spu_name`, `spec_info`, `sku_id`, `pic_url`, `quantity`, `sales_price`, `freight_price`, `payment_price`, `payment_points_price`, `payment_coupon_price`, `payment_points`, `coupon_user_id`, `remark`, `status`, `is_refund`) VALUES ('1446030725765210113', '1', '1261176336950480898', '0', '2021-10-07 16:32:45', '2021-10-07 16:47:54', '1446030725752627202', '1273186784766128130', '华为 HUAWEI nova 7 SE 5G 麒麟820 5G SoC芯片 6400万高清AI四摄 40W超级快充 8GB+128GB银月星辉全网通手机', '亮黑色', '1273186784774516738', 'http://minio.joolun.com/joolun/1/material/40c3ffb7-8f3e-4794-b927-2c9beb084896.jpg', 1, 0.03, 0.00, 0.03, 0.00, 0.00, 0, NULL, NULL, '0', '1');
INSERT INTO `order_item` (`id`, `tenant_id`, `shop_id`, `del_flag`, `create_time`, `update_time`, `order_id`, `spu_id`, `spu_name`, `spec_info`, `sku_id`, `pic_url`, `quantity`, `sales_price`, `freight_price`, `payment_price`, `payment_points_price`, `payment_coupon_price`, `payment_points`, `coupon_user_id`, `remark`, `status`, `is_refund`) VALUES ('1446034634877509634', '1', '1261176336950480898', '0', '2021-10-07 16:48:17', '2021-10-07 16:48:17', '1446034634869121026', '1273186784766128130', '华为 HUAWEI nova 7 SE 5G 麒麟820 5G SoC芯片 6400万高清AI四摄 40W超级快充 8GB+128GB银月星辉全网通手机', '亮黑色', '1273186784774516738', 'http://minio.joolun.com/joolun/1/material/40c3ffb7-8f3e-4794-b927-2c9beb084896.jpg', 1, 0.03, 0.00, 0.03, 0.00, 0.00, 0, NULL, NULL, '1', '0');
INSERT INTO `order_item` (`id`, `tenant_id`, `shop_id`, `del_flag`, `create_time`, `update_time`, `order_id`, `spu_id`, `spu_name`, `spec_info`, `sku_id`, `pic_url`, `quantity`, `sales_price`, `freight_price`, `payment_price`, `payment_points_price`, `payment_coupon_price`, `payment_points`, `coupon_user_id`, `remark`, `status`, `is_refund`) VALUES ('1446035140836401154', '1', '1261176336950480898', '0', '2021-10-07 16:50:18', '2021-10-07 16:50:18', '1446035140777680898', '1273186784766128130', '华为 HUAWEI nova 7 SE 5G 麒麟820 5G SoC芯片 6400万高清AI四摄 40W超级快充 8GB+128GB银月星辉全网通手机', '亮黑色', '1273186784774516738', 'http://minio.joolun.com/joolun/1/material/40c3ffb7-8f3e-4794-b927-2c9beb084896.jpg', 1, 0.03, 0.00, 0.03, 0.00, 0.00, 0, NULL, NULL, '1', '0');
INSERT INTO `order_item` (`id`, `tenant_id`, `shop_id`, `del_flag`, `create_time`, `update_time`, `order_id`, `spu_id`, `spu_name`, `spec_info`, `sku_id`, `pic_url`, `quantity`, `sales_price`, `freight_price`, `payment_price`, `payment_points_price`, `payment_coupon_price`, `payment_points`, `coupon_user_id`, `remark`, `status`, `is_refund`) VALUES ('1446035921178271745', '1', '1261176336950480898', '0', '2021-10-07 16:53:24', '2021-10-07 16:53:24', '1446035921157300226', '1273186784766128130', '华为 HUAWEI nova 7 SE 5G 麒麟820 5G SoC芯片 6400万高清AI四摄 40W超级快充 8GB+128GB银月星辉全网通手机', '亮黑色', '1273186784774516738', 'http://minio.joolun.com/joolun/1/material/40c3ffb7-8f3e-4794-b927-2c9beb084896.jpg', 1, 0.03, 0.00, 0.03, 0.00, 0.00, 0, NULL, NULL, '4', '1');
INSERT INTO `order_item` (`id`, `tenant_id`, `shop_id`, `del_flag`, `create_time`, `update_time`, `order_id`, `spu_id`, `spu_name`, `spec_info`, `sku_id`, `pic_url`, `quantity`, `sales_price`, `freight_price`, `payment_price`, `payment_points_price`, `payment_coupon_price`, `payment_points`, `coupon_user_id`, `remark`, `status`, `is_refund`) VALUES ('1446038227701538818', '1', '1261176336950480898', '0', '2021-10-07 17:02:34', '2021-10-07 17:02:34', '1446038227672178689', '1273186784766128130', '华为 HUAWEI nova 7 SE 5G 麒麟820 5G SoC芯片 6400万高清AI四摄 40W超级快充 8GB+128GB银月星辉全网通手机', '亮黑色', '1273186784774516738', 'http://minio.joolun.com/joolun/1/material/40c3ffb7-8f3e-4794-b927-2c9beb084896.jpg', 1, 0.03, 0.00, 0.03, 0.00, 0.00, 0, NULL, NULL, '3', '1');
INSERT INTO `order_item` (`id`, `tenant_id`, `shop_id`, `del_flag`, `create_time`, `update_time`, `order_id`, `spu_id`, `spu_name`, `spec_info`, `sku_id`, `pic_url`, `quantity`, `sales_price`, `freight_price`, `payment_price`, `payment_points_price`, `payment_coupon_price`, `payment_points`, `coupon_user_id`, `remark`, `status`, `is_refund`) VALUES ('1446051749709819905', '1', '1261193631538073602', '0', '2021-10-07 17:56:18', '2021-10-07 17:56:18', '1446051749659488259', '1273189745068142593', 'Redmi K30 王一博同款 120Hz流速屏 前置挖孔双摄 索尼6400万后置四摄 4500mAh超长续航 27W快充 6GB+128GB 紫玉幻境 游戏智能手机 小米 红米', '128G', '1273189745080725505', 'http://minio.joolun.com/joolun/1/material/cb601860-0c4c-49fe-8aa0-67dd728a43f6.jpg', 1, 1698.00, 0.00, 1698.00, 0.00, 0.00, 0, NULL, NULL, '0', '0');
INSERT INTO `order_item` (`id`, `tenant_id`, `shop_id`, `del_flag`, `create_time`, `update_time`, `order_id`, `spu_id`, `spu_name`, `spec_info`, `sku_id`, `pic_url`, `quantity`, `sales_price`, `freight_price`, `payment_price`, `payment_points_price`, `payment_coupon_price`, `payment_points`, `coupon_user_id`, `remark`, `status`, `is_refund`) VALUES ('1446059350174543874', '1', '1261193631538073602', '0', '2021-10-07 18:26:30', '2021-10-07 18:26:30', '1446059350166155265', '1273189745068142593', 'Redmi K30 王一博同款 120Hz流速屏 前置挖孔双摄 索尼6400万后置四摄 4500mAh超长续航 27W快充 6GB+128GB 紫玉幻境 游戏智能手机 小米 红米', '128G', '1273189745080725505', 'http://minio.joolun.com/joolun/1/material/cb601860-0c4c-49fe-8aa0-67dd728a43f6.jpg', 1, 1698.00, 0.00, 1698.00, 0.00, 0.00, 0, NULL, NULL, '0', '0');
INSERT INTO `order_item` (`id`, `tenant_id`, `shop_id`, `del_flag`, `create_time`, `update_time`, `order_id`, `spu_id`, `spu_name`, `spec_info`, `sku_id`, `pic_url`, `quantity`, `sales_price`, `freight_price`, `payment_price`, `payment_points_price`, `payment_coupon_price`, `payment_points`, `coupon_user_id`, `remark`, `status`, `is_refund`) VALUES ('1446066985342939138', '1', '1261193631538073602', '0', '2021-10-07 18:56:50', '2021-10-07 18:56:50', '1446066985342939137', '1273189745068142593', 'Redmi K30 王一博同款 120Hz流速屏 前置挖孔双摄 索尼6400万后置四摄 4500mAh超长续航 27W快充 6GB+128GB 紫玉幻境 游戏智能手机 小米 红米', '128G', '1273189745080725505', 'http://minio.joolun.com/joolun/1/material/cb601860-0c4c-49fe-8aa0-67dd728a43f6.jpg', 1, 1698.00, 0.00, 1698.00, 0.00, 0.00, 0, NULL, NULL, '0', '0');
INSERT INTO `order_item` (`id`, `tenant_id`, `shop_id`, `del_flag`, `create_time`, `update_time`, `order_id`, `spu_id`, `spu_name`, `spec_info`, `sku_id`, `pic_url`, `quantity`, `sales_price`, `freight_price`, `payment_price`, `payment_points_price`, `payment_coupon_price`, `payment_points`, `coupon_user_id`, `remark`, `status`, `is_refund`) VALUES ('1446074604816248835', '1', '1261193631538073602', '0', '2021-10-07 19:27:07', '2021-10-07 19:27:07', '1446074604816248834', '1273189745068142593', 'Redmi K30 王一博同款 120Hz流速屏 前置挖孔双摄 索尼6400万后置四摄 4500mAh超长续航 27W快充 6GB+128GB 紫玉幻境 游戏智能手机 小米 红米', '32G', '1273189745072336897', 'http://minio.joolun.com/joolun/1/material/cb601860-0c4c-49fe-8aa0-67dd728a43f6.jpg', 1, 599.00, 0.00, 599.00, 0.00, 0.00, 0, NULL, NULL, '0', '0');
INSERT INTO `order_item` (`id`, `tenant_id`, `shop_id`, `del_flag`, `create_time`, `update_time`, `order_id`, `spu_id`, `spu_name`, `spec_info`, `sku_id`, `pic_url`, `quantity`, `sales_price`, `freight_price`, `payment_price`, `payment_points_price`, `payment_coupon_price`, `payment_points`, `coupon_user_id`, `remark`, `status`, `is_refund`) VALUES ('1446301277226610692', '1', '1261193631538073602', '0', '2021-10-08 10:27:50', '2021-10-08 10:27:50', '1446301277226610691', '1273189745068142593', 'Redmi K30 王一博同款 120Hz流速屏 前置挖孔双摄 索尼6400万后置四摄 4500mAh超长续航 27W快充 6GB+128GB 紫玉幻境 游戏智能手机 小米 红米', '256G', '1273189745084919809', 'http://minio.joolun.com/joolun/1/material/cb601860-0c4c-49fe-8aa0-67dd728a43f6.jpg', 1, 2689.00, 0.00, 2689.00, 0.00, 0.00, 0, NULL, NULL, '0', '0');
INSERT INTO `order_item` (`id`, `tenant_id`, `shop_id`, `del_flag`, `create_time`, `update_time`, `order_id`, `spu_id`, `spu_name`, `spec_info`, `sku_id`, `pic_url`, `quantity`, `sales_price`, `freight_price`, `payment_price`, `payment_points_price`, `payment_coupon_price`, `payment_points`, `coupon_user_id`, `remark`, `status`, `is_refund`) VALUES ('1446309054783238145', '1', '1261193631538073602', '0', '2021-10-08 10:58:44', '2021-10-08 10:58:44', '1446309054774849537', '1273189745068142593', 'Redmi K30 王一博同款 120Hz流速屏 前置挖孔双摄 索尼6400万后置四摄 4500mAh超长续航 27W快充 6GB+128GB 紫玉幻境 游戏智能手机 小米 红米', '128G', '1273189745080725505', 'http://minio.joolun.com/joolun/1/material/cb601860-0c4c-49fe-8aa0-67dd728a43f6.jpg', 1, 1698.00, 0.00, 1698.00, 0.00, 0.00, 0, NULL, NULL, '0', '0');
INSERT INTO `order_item` (`id`, `tenant_id`, `shop_id`, `del_flag`, `create_time`, `update_time`, `order_id`, `spu_id`, `spu_name`, `spec_info`, `sku_id`, `pic_url`, `quantity`, `sales_price`, `freight_price`, `payment_price`, `payment_points_price`, `payment_coupon_price`, `payment_points`, `coupon_user_id`, `remark`, `status`, `is_refund`) VALUES ('1446315737274200066', '1', '1261176336950480898', '0', '2021-10-08 11:25:17', '2021-10-08 11:25:17', '1446315737257422850', '1273186784766128130', '华为 HUAWEI nova 7 SE 5G 麒麟820 5G SoC芯片 6400万高清AI四摄 40W超级快充 8GB+128GB银月星辉全网通手机', '亮黑色', '1273186784774516738', 'http://minio.joolun.com/joolun/1/material/40c3ffb7-8f3e-4794-b927-2c9beb084896.jpg', 1, 0.03, 0.00, 0.03, 0.00, 0.00, 0, NULL, NULL, '0', '0');
INSERT INTO `order_item` (`id`, `tenant_id`, `shop_id`, `del_flag`, `create_time`, `update_time`, `order_id`, `spu_id`, `spu_name`, `spec_info`, `sku_id`, `pic_url`, `quantity`, `sales_price`, `freight_price`, `payment_price`, `payment_points_price`, `payment_coupon_price`, `payment_points`, `coupon_user_id`, `remark`, `status`, `is_refund`) VALUES ('1446317133784494082', '1', '1261176336950480898', '0', '2021-10-08 11:30:50', '2021-10-08 11:30:50', '1446317133725773825', '1273186784766128130', '华为 HUAWEI nova 7 SE 5G 麒麟820 5G SoC芯片 6400万高清AI四摄 40W超级快充 8GB+128GB银月星辉全网通手机', '亮黑色', '1273186784774516738', 'http://minio.joolun.com/joolun/1/material/40c3ffb7-8f3e-4794-b927-2c9beb084896.jpg', 1, 0.03, 0.00, 0.03, 0.00, 0.00, 0, NULL, NULL, '0', '0');
INSERT INTO `order_item` (`id`, `tenant_id`, `shop_id`, `del_flag`, `create_time`, `update_time`, `order_id`, `spu_id`, `spu_name`, `spec_info`, `sku_id`, `pic_url`, `quantity`, `sales_price`, `freight_price`, `payment_price`, `payment_points_price`, `payment_coupon_price`, `payment_points`, `coupon_user_id`, `remark`, `status`, `is_refund`) VALUES ('1446317296439603202', '1', '1261176336950480898', '0', '2021-10-08 11:31:29', '2021-10-08 11:31:29', '1446317296439603201', '1273186784766128130', '华为 HUAWEI nova 7 SE 5G 麒麟820 5G SoC芯片 6400万高清AI四摄 40W超级快充 8GB+128GB银月星辉全网通手机', '亮黑色', '1273186784774516738', 'http://minio.joolun.com/joolun/1/material/40c3ffb7-8f3e-4794-b927-2c9beb084896.jpg', 1, 0.03, 0.00, 0.03, 0.00, 0.00, 0, NULL, NULL, '0', '0');
INSERT INTO `order_item` (`id`, `tenant_id`, `shop_id`, `del_flag`, `create_time`, `update_time`, `order_id`, `spu_id`, `spu_name`, `spec_info`, `sku_id`, `pic_url`, `quantity`, `sales_price`, `freight_price`, `payment_price`, `payment_points_price`, `payment_coupon_price`, `payment_points`, `coupon_user_id`, `remark`, `status`, `is_refund`) VALUES ('1446317610228068353', '1', '1261176336950480898', '0', '2021-10-08 11:32:44', '2021-10-08 11:32:44', '1446317610211291138', '1273186784766128130', '华为 HUAWEI nova 7 SE 5G 麒麟820 5G SoC芯片 6400万高清AI四摄 40W超级快充 8GB+128GB银月星辉全网通手机', '亮黑色', '1273186784774516738', 'http://minio.joolun.com/joolun/1/material/40c3ffb7-8f3e-4794-b927-2c9beb084896.jpg', 1, 0.03, 0.00, 0.03, 0.00, 0.00, 0, NULL, NULL, '0', '0');
INSERT INTO `order_item` (`id`, `tenant_id`, `shop_id`, `del_flag`, `create_time`, `update_time`, `order_id`, `spu_id`, `spu_name`, `spec_info`, `sku_id`, `pic_url`, `quantity`, `sales_price`, `freight_price`, `payment_price`, `payment_points_price`, `payment_coupon_price`, `payment_points`, `coupon_user_id`, `remark`, `status`, `is_refund`) VALUES ('1446317779094941698', '1', '1261176336950480898', '0', '2021-10-08 11:33:24', '2021-10-08 11:33:24', '1446317779086553090', '1273186784766128130', '华为 HUAWEI nova 7 SE 5G 麒麟820 5G SoC芯片 6400万高清AI四摄 40W超级快充 8GB+128GB银月星辉全网通手机', '亮黑色', '1273186784774516738', 'http://minio.joolun.com/joolun/1/material/40c3ffb7-8f3e-4794-b927-2c9beb084896.jpg', 1, 0.03, 0.00, 0.03, 0.00, 0.00, 0, NULL, NULL, '0', '0');
INSERT INTO `order_item` (`id`, `tenant_id`, `shop_id`, `del_flag`, `create_time`, `update_time`, `order_id`, `spu_id`, `spu_name`, `spec_info`, `sku_id`, `pic_url`, `quantity`, `sales_price`, `freight_price`, `payment_price`, `payment_points_price`, `payment_coupon_price`, `payment_points`, `coupon_user_id`, `remark`, `status`, `is_refund`) VALUES ('1446325070242254850', '1', '1261176336950480898', '0', '2021-10-08 12:02:22', '2021-10-08 12:02:22', '1446325070154174466', '1273186784766128130', '华为 HUAWEI nova 7 SE 5G 麒麟820 5G SoC芯片 6400万高清AI四摄 40W超级快充 8GB+128GB银月星辉全网通手机', '亮黑色', '1273186784774516738', 'http://minio.joolun.com/joolun/1/material/40c3ffb7-8f3e-4794-b927-2c9beb084896.jpg', 1, 0.03, 0.00, 0.03, 0.00, 0.00, 0, NULL, NULL, '3', '1');
INSERT INTO `order_item` (`id`, `tenant_id`, `shop_id`, `del_flag`, `create_time`, `update_time`, `order_id`, `spu_id`, `spu_name`, `spec_info`, `sku_id`, `pic_url`, `quantity`, `sales_price`, `freight_price`, `payment_price`, `payment_points_price`, `payment_coupon_price`, `payment_points`, `coupon_user_id`, `remark`, `status`, `is_refund`) VALUES ('1446326472716947457', '1', '1261176336950480898', '0', '2021-10-08 12:07:57', '2021-10-08 12:07:57', '1446326472645644290', '1273186784766128130', '华为 HUAWEI nova 7 SE 5G 麒麟820 5G SoC芯片 6400万高清AI四摄 40W超级快充 8GB+128GB银月星辉全网通手机', '亮黑色', '1273186784774516738', 'http://minio.joolun.com/joolun/1/material/40c3ffb7-8f3e-4794-b927-2c9beb084896.jpg', 1, 0.03, 0.00, 0.03, 0.00, 0.00, 0, NULL, NULL, '2', '0');
INSERT INTO `order_item` (`id`, `tenant_id`, `shop_id`, `del_flag`, `create_time`, `update_time`, `order_id`, `spu_id`, `spu_name`, `spec_info`, `sku_id`, `pic_url`, `quantity`, `sales_price`, `freight_price`, `payment_price`, `payment_points_price`, `payment_coupon_price`, `payment_points`, `coupon_user_id`, `remark`, `status`, `is_refund`) VALUES ('1446327238991122434', '1', '1261176336950480898', '0', '2021-10-08 12:10:59', '2021-10-08 12:10:59', '1446327238890459137', '1273186784766128130', '华为 HUAWEI nova 7 SE 5G 麒麟820 5G SoC芯片 6400万高清AI四摄 40W超级快充 8GB+128GB银月星辉全网通手机', '亮黑色', '1273186784774516738', 'http://minio.joolun.com/joolun/1/material/40c3ffb7-8f3e-4794-b927-2c9beb084896.jpg', 1, 0.03, 0.00, 0.03, 0.00, 0.00, 0, NULL, NULL, '1', '0');
INSERT INTO `order_item` (`id`, `tenant_id`, `shop_id`, `del_flag`, `create_time`, `update_time`, `order_id`, `spu_id`, `spu_name`, `spec_info`, `sku_id`, `pic_url`, `quantity`, `sales_price`, `freight_price`, `payment_price`, `payment_points_price`, `payment_coupon_price`, `payment_points`, `coupon_user_id`, `remark`, `status`, `is_refund`) VALUES ('1446328615687524353', '1', '1261176336950480898', '0', '2021-10-08 12:16:28', '2021-10-08 12:16:28', '1446328615679135746', '1273186784766128130', '华为 HUAWEI nova 7 SE 5G 麒麟820 5G SoC芯片 6400万高清AI四摄 40W超级快充 8GB+128GB银月星辉全网通手机', '亮黑色', '1273186784774516738', 'http://minio.joolun.com/joolun/1/material/40c3ffb7-8f3e-4794-b927-2c9beb084896.jpg', 1, 0.03, 0.00, 0.03, 0.00, 0.00, 0, NULL, NULL, '1', '0');
INSERT INTO `order_item` (`id`, `tenant_id`, `shop_id`, `del_flag`, `create_time`, `update_time`, `order_id`, `spu_id`, `spu_name`, `spec_info`, `sku_id`, `pic_url`, `quantity`, `sales_price`, `freight_price`, `payment_price`, `payment_points_price`, `payment_coupon_price`, `payment_points`, `coupon_user_id`, `remark`, `status`, `is_refund`) VALUES ('1446329231549763585', '1', '1261176336950480898', '0', '2021-10-08 12:18:54', '2021-10-08 12:18:54', '1446329231524597761', '1273186784766128130', '华为 HUAWEI nova 7 SE 5G 麒麟820 5G SoC芯片 6400万高清AI四摄 40W超级快充 8GB+128GB银月星辉全网通手机', '亮黑色', '1273186784774516738', 'http://minio.joolun.com/joolun/1/material/40c3ffb7-8f3e-4794-b927-2c9beb084896.jpg', 1, 0.03, 0.00, 0.03, 0.00, 0.00, 0, NULL, NULL, '3', '1');
INSERT INTO `order_item` (`id`, `tenant_id`, `shop_id`, `del_flag`, `create_time`, `update_time`, `order_id`, `spu_id`, `spu_name`, `spec_info`, `sku_id`, `pic_url`, `quantity`, `sales_price`, `freight_price`, `payment_price`, `payment_points_price`, `payment_coupon_price`, `payment_points`, `coupon_user_id`, `remark`, `status`, `is_refund`) VALUES ('1446329683691540482', '1', '1261176336950480898', '0', '2021-10-08 12:20:42', '2021-10-08 12:20:42', '1446329683683151873', '1273186784766128130', '华为 HUAWEI nova 7 SE 5G 麒麟820 5G SoC芯片 6400万高清AI四摄 40W超级快充 8GB+128GB银月星辉全网通手机', '亮黑色', '1273186784774516738', 'http://minio.joolun.com/joolun/1/material/40c3ffb7-8f3e-4794-b927-2c9beb084896.jpg', 1, 0.03, 0.00, 0.03, 0.00, 0.00, 0, NULL, NULL, '4', '1');
INSERT INTO `order_item` (`id`, `tenant_id`, `shop_id`, `del_flag`, `create_time`, `update_time`, `order_id`, `spu_id`, `spu_name`, `spec_info`, `sku_id`, `pic_url`, `quantity`, `sales_price`, `freight_price`, `payment_price`, `payment_points_price`, `payment_coupon_price`, `payment_points`, `coupon_user_id`, `remark`, `status`, `is_refund`) VALUES ('1446330582325366785', '1', '1261176336950480898', '0', '2021-10-08 12:24:17', '2021-10-08 12:24:17', '1446330582254063618', '1273186784766128130', '华为 HUAWEI nova 7 SE 5G 麒麟820 5G SoC芯片 6400万高清AI四摄 40W超级快充 8GB+128GB银月星辉全网通手机', '亮黑色', '1273186784774516738', 'http://minio.joolun.com/joolun/1/material/40c3ffb7-8f3e-4794-b927-2c9beb084896.jpg', 1, 0.03, 0.00, 0.03, 0.00, 0.00, 0, NULL, NULL, '4', '1');
INSERT INTO `order_item` (`id`, `tenant_id`, `shop_id`, `del_flag`, `create_time`, `update_time`, `order_id`, `spu_id`, `spu_name`, `spec_info`, `sku_id`, `pic_url`, `quantity`, `sales_price`, `freight_price`, `payment_price`, `payment_points_price`, `payment_coupon_price`, `payment_points`, `coupon_user_id`, `remark`, `status`, `is_refund`) VALUES ('1446330997385302019', '1', '1261176336950480898', '0', '2021-10-08 12:25:55', '2021-10-08 12:25:55', '1446330997385302018', '1273186784766128130', '华为 HUAWEI nova 7 SE 5G 麒麟820 5G SoC芯片 6400万高清AI四摄 40W超级快充 8GB+128GB银月星辉全网通手机', '亮黑色', '1273186784774516738', 'http://minio.joolun.com/joolun/1/material/40c3ffb7-8f3e-4794-b927-2c9beb084896.jpg', 1, 0.03, 0.00, 0.03, 0.00, 0.00, 0, NULL, NULL, '4', '1');
INSERT INTO `order_item` (`id`, `tenant_id`, `shop_id`, `del_flag`, `create_time`, `update_time`, `order_id`, `spu_id`, `spu_name`, `spec_info`, `sku_id`, `pic_url`, `quantity`, `sales_price`, `freight_price`, `payment_price`, `payment_points_price`, `payment_coupon_price`, `payment_points`, `coupon_user_id`, `remark`, `status`, `is_refund`) VALUES ('1446331882723184642', '1', '1261193631538073602', '0', '2021-10-08 12:29:27', '2021-10-08 12:29:27', '1446331882714796034', '1273189745068142593', 'Redmi K30 王一博同款 120Hz流速屏 前置挖孔双摄 索尼6400万后置四摄 4500mAh超长续航 27W快充 6GB+128GB 紫玉幻境 游戏智能手机 小米 红米', '128G', '1273189745080725505', 'http://minio.joolun.com/joolun/1/material/cb601860-0c4c-49fe-8aa0-67dd728a43f6.jpg', 1, 1698.00, 0.00, 1698.00, 0.00, 0.00, 0, NULL, NULL, '0', '0');
INSERT INTO `order_item` (`id`, `tenant_id`, `shop_id`, `del_flag`, `create_time`, `update_time`, `order_id`, `spu_id`, `spu_name`, `spec_info`, `sku_id`, `pic_url`, `quantity`, `sales_price`, `freight_price`, `payment_price`, `payment_points_price`, `payment_coupon_price`, `payment_points`, `coupon_user_id`, `remark`, `status`, `is_refund`) VALUES ('1446335922387345409', '1', '1261176336950480898', '0', '2021-10-08 12:45:30', '2021-10-08 12:45:30', '1446335922357985281', '1273186784766128130', '华为 HUAWEI nova 7 SE 5G 麒麟820 5G SoC芯片 6400万高清AI四摄 40W超级快充 8GB+128GB银月星辉全网通手机', '亮黑色', '1273186784774516738', 'http://minio.joolun.com/joolun/1/material/40c3ffb7-8f3e-4794-b927-2c9beb084896.jpg', 1, 0.03, 0.00, 0.03, 0.00, 0.00, 0, NULL, NULL, '0', '0');
INSERT INTO `order_item` (`id`, `tenant_id`, `shop_id`, `del_flag`, `create_time`, `update_time`, `order_id`, `spu_id`, `spu_name`, `spec_info`, `sku_id`, `pic_url`, `quantity`, `sales_price`, `freight_price`, `payment_price`, `payment_points_price`, `payment_coupon_price`, `payment_points`, `coupon_user_id`, `remark`, `status`, `is_refund`) VALUES ('1446350630376976386', '1', '1261176336950480898', '0', '2021-10-08 13:43:56', '2021-10-08 13:43:56', '1446350630368587778', '1273186784766128130', '华为 HUAWEI nova 7 SE 5G 麒麟820 5G SoC芯片 6400万高清AI四摄 40W超级快充 8GB+128GB银月星辉全网通手机', '亮黑色', '1273186784774516738', 'http://minio.joolun.com/joolun/1/material/40c3ffb7-8f3e-4794-b927-2c9beb084896.jpg', 1, 0.03, 0.00, 0.03, 0.00, 0.00, 0, NULL, NULL, '0', '0');
INSERT INTO `order_item` (`id`, `tenant_id`, `shop_id`, `del_flag`, `create_time`, `update_time`, `order_id`, `spu_id`, `spu_name`, `spec_info`, `sku_id`, `pic_url`, `quantity`, `sales_price`, `freight_price`, `payment_price`, `payment_points_price`, `payment_coupon_price`, `payment_points`, `coupon_user_id`, `remark`, `status`, `is_refund`) VALUES ('1446353373950914563', '1', '1261176336950480898', '0', '2021-10-08 13:54:50', '2021-10-08 13:54:50', '1446353373950914562', '1273186784766128130', '华为 HUAWEI nova 7 SE 5G 麒麟820 5G SoC芯片 6400万高清AI四摄 40W超级快充 8GB+128GB银月星辉全网通手机', '亮黑色', '1273186784774516738', 'http://minio.joolun.com/joolun/1/material/40c3ffb7-8f3e-4794-b927-2c9beb084896.jpg', 1, 0.03, 0.00, 0.03, 0.00, 0.00, 0, NULL, NULL, '0', '0');
INSERT INTO `order_item` (`id`, `tenant_id`, `shop_id`, `del_flag`, `create_time`, `update_time`, `order_id`, `spu_id`, `spu_name`, `spec_info`, `sku_id`, `pic_url`, `quantity`, `sales_price`, `freight_price`, `payment_price`, `payment_points_price`, `payment_coupon_price`, `payment_points`, `coupon_user_id`, `remark`, `status`, `is_refund`) VALUES ('1446354089541120002', '1', '1261176336950480898', '0', '2021-10-08 13:57:41', '2021-10-08 13:57:41', '1446354089541120001', '1273186784766128130', '华为 HUAWEI nova 7 SE 5G 麒麟820 5G SoC芯片 6400万高清AI四摄 40W超级快充 8GB+128GB银月星辉全网通手机', '亮黑色', '1273186784774516738', 'http://minio.joolun.com/joolun/1/material/40c3ffb7-8f3e-4794-b927-2c9beb084896.jpg', 1, 0.03, 0.00, 0.03, 0.00, 0.00, 0, NULL, NULL, '0', '0');
INSERT INTO `order_item` (`id`, `tenant_id`, `shop_id`, `del_flag`, `create_time`, `update_time`, `order_id`, `spu_id`, `spu_name`, `spec_info`, `sku_id`, `pic_url`, `quantity`, `sales_price`, `freight_price`, `payment_price`, `payment_points_price`, `payment_coupon_price`, `payment_points`, `coupon_user_id`, `remark`, `status`, `is_refund`) VALUES ('1446354559764541441', '1', '1261176336950480898', '0', '2021-10-08 13:59:33', '2021-10-08 13:59:33', '1446354559705821185', '1273186784766128130', '华为 HUAWEI nova 7 SE 5G 麒麟820 5G SoC芯片 6400万高清AI四摄 40W超级快充 8GB+128GB银月星辉全网通手机', '亮黑色', '1273186784774516738', 'http://minio.joolun.com/joolun/1/material/40c3ffb7-8f3e-4794-b927-2c9beb084896.jpg', 1, 0.03, 0.00, 0.03, 0.00, 0.00, 0, NULL, NULL, '0', '0');
INSERT INTO `order_item` (`id`, `tenant_id`, `shop_id`, `del_flag`, `create_time`, `update_time`, `order_id`, `spu_id`, `spu_name`, `spec_info`, `sku_id`, `pic_url`, `quantity`, `sales_price`, `freight_price`, `payment_price`, `payment_points_price`, `payment_coupon_price`, `payment_points`, `coupon_user_id`, `remark`, `status`, `is_refund`) VALUES ('1446357352797712387', '1', '1261176336950480898', '0', '2021-10-08 14:10:39', '2021-10-08 14:10:39', '1446357352797712386', '1273186784766128130', '华为 HUAWEI nova 7 SE 5G 麒麟820 5G SoC芯片 6400万高清AI四摄 40W超级快充 8GB+128GB银月星辉全网通手机', '亮黑色', '1273186784774516738', 'http://minio.joolun.com/joolun/1/material/40c3ffb7-8f3e-4794-b927-2c9beb084896.jpg', 1, 0.03, 0.00, 0.03, 0.00, 0.00, 0, NULL, NULL, '0', '0');
INSERT INTO `order_item` (`id`, `tenant_id`, `shop_id`, `del_flag`, `create_time`, `update_time`, `order_id`, `spu_id`, `spu_name`, `spec_info`, `sku_id`, `pic_url`, `quantity`, `sales_price`, `freight_price`, `payment_price`, `payment_points_price`, `payment_coupon_price`, `payment_points`, `coupon_user_id`, `remark`, `status`, `is_refund`) VALUES ('1446357795577802753', '1', '1261176336950480898', '0', '2021-10-08 14:12:25', '2021-10-08 14:12:25', '1446357795565219841', '1273186784766128130', '华为 HUAWEI nova 7 SE 5G 麒麟820 5G SoC芯片 6400万高清AI四摄 40W超级快充 8GB+128GB银月星辉全网通手机', '亮黑色', '1273186784774516738', 'http://minio.joolun.com/joolun/1/material/40c3ffb7-8f3e-4794-b927-2c9beb084896.jpg', 1, 0.03, 0.00, 0.03, 0.00, 0.00, 0, NULL, NULL, '0', '0');
INSERT INTO `order_item` (`id`, `tenant_id`, `shop_id`, `del_flag`, `create_time`, `update_time`, `order_id`, `spu_id`, `spu_name`, `spec_info`, `sku_id`, `pic_url`, `quantity`, `sales_price`, `freight_price`, `payment_price`, `payment_points_price`, `payment_coupon_price`, `payment_points`, `coupon_user_id`, `remark`, `status`, `is_refund`) VALUES ('1446358209131982850', '1', '1261176336950480898', '0', '2021-10-08 14:14:03', '2021-10-08 14:14:03', '1446358209018736641', '1273186784766128130', '华为 HUAWEI nova 7 SE 5G 麒麟820 5G SoC芯片 6400万高清AI四摄 40W超级快充 8GB+128GB银月星辉全网通手机', '亮黑色', '1273186784774516738', 'http://minio.joolun.com/joolun/1/material/40c3ffb7-8f3e-4794-b927-2c9beb084896.jpg', 1, 0.03, 0.00, 0.03, 0.00, 0.00, 0, NULL, NULL, '0', '0');
INSERT INTO `order_item` (`id`, `tenant_id`, `shop_id`, `del_flag`, `create_time`, `update_time`, `order_id`, `spu_id`, `spu_name`, `spec_info`, `sku_id`, `pic_url`, `quantity`, `sales_price`, `freight_price`, `payment_price`, `payment_points_price`, `payment_coupon_price`, `payment_points`, `coupon_user_id`, `remark`, `status`, `is_refund`) VALUES ('1446358999091392513', '1', '1261176336950480898', '0', '2021-10-08 14:17:12', '2021-10-08 14:17:12', '1446358999028477953', '1273186784766128130', '华为 HUAWEI nova 7 SE 5G 麒麟820 5G SoC芯片 6400万高清AI四摄 40W超级快充 8GB+128GB银月星辉全网通手机', '亮黑色', '1273186784774516738', 'http://minio.joolun.com/joolun/1/material/40c3ffb7-8f3e-4794-b927-2c9beb084896.jpg', 1, 0.03, 0.00, 0.03, 0.00, 0.00, 0, NULL, NULL, '0', '0');
INSERT INTO `order_item` (`id`, `tenant_id`, `shop_id`, `del_flag`, `create_time`, `update_time`, `order_id`, `spu_id`, `spu_name`, `spec_info`, `sku_id`, `pic_url`, `quantity`, `sales_price`, `freight_price`, `payment_price`, `payment_points_price`, `payment_coupon_price`, `payment_points`, `coupon_user_id`, `remark`, `status`, `is_refund`) VALUES ('1446359539439382531', '1', '1261176336950480898', '0', '2021-10-08 14:19:20', '2021-10-08 14:19:20', '1446359539439382530', '1273186784766128130', '华为 HUAWEI nova 7 SE 5G 麒麟820 5G SoC芯片 6400万高清AI四摄 40W超级快充 8GB+128GB银月星辉全网通手机', '亮黑色', '1273186784774516738', 'http://minio.joolun.com/joolun/1/material/40c3ffb7-8f3e-4794-b927-2c9beb084896.jpg', 1, 0.03, 0.00, 0.03, 0.00, 0.00, 0, NULL, NULL, '0', '0');
INSERT INTO `order_item` (`id`, `tenant_id`, `shop_id`, `del_flag`, `create_time`, `update_time`, `order_id`, `spu_id`, `spu_name`, `spec_info`, `sku_id`, `pic_url`, `quantity`, `sales_price`, `freight_price`, `payment_price`, `payment_points_price`, `payment_coupon_price`, `payment_points`, `coupon_user_id`, `remark`, `status`, `is_refund`) VALUES ('1446359843065049089', '1', '1261176336950480898', '0', '2021-10-08 14:20:33', '2021-10-08 14:20:33', '1446359843014717442', '1273186784766128130', '华为 HUAWEI nova 7 SE 5G 麒麟820 5G SoC芯片 6400万高清AI四摄 40W超级快充 8GB+128GB银月星辉全网通手机', '亮黑色', '1273186784774516738', 'http://minio.joolun.com/joolun/1/material/40c3ffb7-8f3e-4794-b927-2c9beb084896.jpg', 1, 0.03, 0.00, 0.03, 0.00, 0.00, 0, NULL, NULL, '0', '0');
INSERT INTO `order_item` (`id`, `tenant_id`, `shop_id`, `del_flag`, `create_time`, `update_time`, `order_id`, `spu_id`, `spu_name`, `spec_info`, `sku_id`, `pic_url`, `quantity`, `sales_price`, `freight_price`, `payment_price`, `payment_points_price`, `payment_coupon_price`, `payment_points`, `coupon_user_id`, `remark`, `status`, `is_refund`) VALUES ('1446380213688094721', '1', '1261193346845495297', '0', '2021-10-08 15:41:30', '2021-10-08 15:41:30', '1446380213608402946', '1262322806084739073', 'Apple手机特卖', NULL, '1262322806181208066', 'http://minio.joolun.com/joolun/1/material/10952adc-cad0-4c53-8762-9906d1dde220.jpg', 1, 6.00, 0.00, 6.00, 0.00, 0.00, 0, NULL, NULL, '0', '0');
INSERT INTO `order_item` (`id`, `tenant_id`, `shop_id`, `del_flag`, `create_time`, `update_time`, `order_id`, `spu_id`, `spu_name`, `spec_info`, `sku_id`, `pic_url`, `quantity`, `sales_price`, `freight_price`, `payment_price`, `payment_points_price`, `payment_coupon_price`, `payment_points`, `coupon_user_id`, `remark`, `status`, `is_refund`) VALUES ('1446381018872827906', '1', '1261176336950480898', '0', '2021-10-08 15:44:42', '2021-10-08 15:44:42', '1446381018864439297', '1273187904351694850', '华为 HUAWEI Mate 30 麒麟990旗舰芯片4000万超感光徕卡影像屏内指纹8G+128GB星河银4G全网通版游戏手机', '仲夏紫', '1273187904360083458', 'http://minio.joolun.com/joolun/1/material/ceab6bcd-83d2-4fa4-b682-62407503b0aa.jpg', 1, 4499.00, 0.00, 4499.00, 0.00, 0.00, 0, NULL, NULL, '0', '0');
INSERT INTO `order_item` (`id`, `tenant_id`, `shop_id`, `del_flag`, `create_time`, `update_time`, `order_id`, `spu_id`, `spu_name`, `spec_info`, `sku_id`, `pic_url`, `quantity`, `sales_price`, `freight_price`, `payment_price`, `payment_points_price`, `payment_coupon_price`, `payment_points`, `coupon_user_id`, `remark`, `status`, `is_refund`) VALUES ('1446381588425756673', '1', '1261176336950480898', '0', '2021-10-08 15:46:57', '2021-10-08 15:46:57', '1446381588362842114', '1273186784766128130', '华为 HUAWEI nova 7 SE 5G 麒麟820 5G SoC芯片 6400万高清AI四摄 40W超级快充 8GB+128GB银月星辉全网通手机', '亮黑色', '1273186784774516738', 'http://minio.joolun.com/joolun/1/material/40c3ffb7-8f3e-4794-b927-2c9beb084896.jpg', 1, 0.03, 0.00, 0.03, 0.00, 0.00, 0, NULL, NULL, '0', '0');
INSERT INTO `order_item` (`id`, `tenant_id`, `shop_id`, `del_flag`, `create_time`, `update_time`, `order_id`, `spu_id`, `spu_name`, `spec_info`, `sku_id`, `pic_url`, `quantity`, `sales_price`, `freight_price`, `payment_price`, `payment_points_price`, `payment_coupon_price`, `payment_points`, `coupon_user_id`, `remark`, `status`, `is_refund`) VALUES ('1446392926912925697', '1', '1261193631538073602', '0', '2021-10-08 16:32:01', '2021-10-08 16:32:01', '1446392926841622529', '1273190776913063938', '【至高12期免息】小米10 5G游戏手机权益版全网通 冰海蓝 8G+256G', '64G， 幻夜黑', '1273190776921452546', 'http://minio.joolun.com/joolun/1/material/56a86f9e-2186-47f2-92b3-ff7732821094.jpg', 1, 1688.00, 0.00, 1688.00, 0.00, 0.00, 0, NULL, NULL, '0', '0');
INSERT INTO `order_item` (`id`, `tenant_id`, `shop_id`, `del_flag`, `create_time`, `update_time`, `order_id`, `spu_id`, `spu_name`, `spec_info`, `sku_id`, `pic_url`, `quantity`, `sales_price`, `freight_price`, `payment_price`, `payment_points_price`, `payment_coupon_price`, `payment_points`, `coupon_user_id`, `remark`, `status`, `is_refund`) VALUES ('1446395021418319873', '1', '1261193631538073602', '0', '2021-10-08 16:40:20', '2021-10-08 16:40:20', '1446395021342822402', '1273190776913063938', '【至高12期免息】小米10 5G游戏手机权益版全网通 冰海蓝 8G+256G', '256G， 幻夜黑', '1273190776934035457', 'http://minio.joolun.com/joolun/1/material/56a86f9e-2186-47f2-92b3-ff7732821094.jpg', 1, 3688.00, 0.00, 3688.00, 0.00, 0.00, 0, NULL, NULL, '0', '0');
INSERT INTO `order_item` (`id`, `tenant_id`, `shop_id`, `del_flag`, `create_time`, `update_time`, `order_id`, `spu_id`, `spu_name`, `spec_info`, `sku_id`, `pic_url`, `quantity`, `sales_price`, `freight_price`, `payment_price`, `payment_points_price`, `payment_coupon_price`, `payment_points`, `coupon_user_id`, `remark`, `status`, `is_refund`) VALUES ('1447091546477936641', '1', '1261176336950480898', '0', '2021-10-10 14:48:05', '2021-10-10 14:48:05', '1447091546456965121', '1273186784766128130', '华为 HUAWEI nova 7 SE 5G 麒麟820 5G SoC芯片 6400万高清AI四摄 40W超级快充 8GB+128GB银月星辉全网通手机', '亮黑色', '1273186784774516738', 'http://minio.joolun.com/joolun/1/material/40c3ffb7-8f3e-4794-b927-2c9beb084896.jpg', 1, 0.03, 0.00, 0.03, 0.00, 0.00, 0, NULL, NULL, '0', '0');
INSERT INTO `order_item` (`id`, `tenant_id`, `shop_id`, `del_flag`, `create_time`, `update_time`, `order_id`, `spu_id`, `spu_name`, `spec_info`, `sku_id`, `pic_url`, `quantity`, `sales_price`, `freight_price`, `payment_price`, `payment_points_price`, `payment_coupon_price`, `payment_points`, `coupon_user_id`, `remark`, `status`, `is_refund`) VALUES ('1450832491933433857', '1', '1261193631538073602', '0', '2021-10-20 22:33:15', '2021-10-20 22:33:15', '1450832491916656641', '1273189745068142593', 'Redmi K30 王一博同款 120Hz流速屏 前置挖孔双摄 索尼6400万后置四摄 4500mAh超长续航 27W快充 6GB+128GB 紫玉幻境 游戏智能手机 小米 红米', '128G', '1273189745080725505', 'http://minio.joolun.com/joolun/1/material/cb601860-0c4c-49fe-8aa0-67dd728a43f6.jpg', 1, 1698.00, 0.00, 0.00, 0.00, 0.00, 0, NULL, NULL, '0', '0');
INSERT INTO `order_item` (`id`, `tenant_id`, `shop_id`, `del_flag`, `create_time`, `update_time`, `order_id`, `spu_id`, `spu_name`, `spec_info`, `sku_id`, `pic_url`, `quantity`, `sales_price`, `freight_price`, `payment_price`, `payment_points_price`, `payment_coupon_price`, `payment_points`, `coupon_user_id`, `remark`, `status`, `is_refund`) VALUES ('1450837785547722753', '1', '1261193631538073602', '0', '2021-10-20 22:54:18', '2021-10-20 22:54:18', '1450837785489002498', '1273189745068142593', 'Redmi K30 王一博同款 120Hz流速屏 前置挖孔双摄 索尼6400万后置四摄 4500mAh超长续航 27W快充 6GB+128GB 紫玉幻境 游戏智能手机 小米 红米', '256G', '1273189745084919809', 'http://minio.joolun.com/joolun/1/material/cb601860-0c4c-49fe-8aa0-67dd728a43f6.jpg', 1, 2689.00, 0.00, 0.01, 0.00, 0.00, 0, NULL, NULL, '0', '0');
INSERT INTO `order_item` (`id`, `tenant_id`, `shop_id`, `del_flag`, `create_time`, `update_time`, `order_id`, `spu_id`, `spu_name`, `spec_info`, `sku_id`, `pic_url`, `quantity`, `sales_price`, `freight_price`, `payment_price`, `payment_points_price`, `payment_coupon_price`, `payment_points`, `coupon_user_id`, `remark`, `status`, `is_refund`) VALUES ('1450838699419455490', '1', '1261193631538073602', '0', '2021-10-20 22:57:55', '2021-10-20 22:57:55', '1450838699360735234', '1273189745068142593', 'Redmi K30 王一博同款 120Hz流速屏 前置挖孔双摄 索尼6400万后置四摄 4500mAh超长续航 27W快充 6GB+128GB 紫玉幻境 游戏智能手机 小米 红米', '128G', '1273189745080725505', 'http://minio.joolun.com/joolun/1/material/cb601860-0c4c-49fe-8aa0-67dd728a43f6.jpg', 1, 1698.00, 0.00, 0.01, 0.00, 0.00, 0, NULL, NULL, '0', '0');
INSERT INTO `order_item` (`id`, `tenant_id`, `shop_id`, `del_flag`, `create_time`, `update_time`, `order_id`, `spu_id`, `spu_name`, `spec_info`, `sku_id`, `pic_url`, `quantity`, `sales_price`, `freight_price`, `payment_price`, `payment_points_price`, `payment_coupon_price`, `payment_points`, `coupon_user_id`, `remark`, `status`, `is_refund`) VALUES ('1450838836145377281', '1', '1261193631538073602', '0', '2021-10-20 22:58:28', '2021-10-20 22:58:28', '1450838836078268417', '1273189745068142593', 'Redmi K30 王一博同款 120Hz流速屏 前置挖孔双摄 索尼6400万后置四摄 4500mAh超长续航 27W快充 6GB+128GB 紫玉幻境 游戏智能手机 小米 红米', '128G', '1273189745080725505', 'http://minio.joolun.com/joolun/1/material/cb601860-0c4c-49fe-8aa0-67dd728a43f6.jpg', 1, 1698.00, 0.00, 0.00, 0.00, 0.00, 0, NULL, NULL, '0', '0');
INSERT INTO `order_item` (`id`, `tenant_id`, `shop_id`, `del_flag`, `create_time`, `update_time`, `order_id`, `spu_id`, `spu_name`, `spec_info`, `sku_id`, `pic_url`, `quantity`, `sales_price`, `freight_price`, `payment_price`, `payment_points_price`, `payment_coupon_price`, `payment_points`, `coupon_user_id`, `remark`, `status`, `is_refund`) VALUES ('1450841126398939138', '1', '1261193631538073602', '0', '2021-10-20 23:07:34', '2021-10-20 23:07:34', '1450841126390550530', '1273190776913063938', '【至高12期免息】小米10 5G游戏手机权益版全网通 冰海蓝 8G+256G', '64G， 幻夜黑', '1273190776921452546', 'http://minio.joolun.com/joolun/1/material/56a86f9e-2186-47f2-92b3-ff7732821094.jpg', 1, 1688.00, 0.00, 0.00, 0.00, 0.00, 0, NULL, NULL, '0', '0');
INSERT INTO `order_item` (`id`, `tenant_id`, `shop_id`, `del_flag`, `create_time`, `update_time`, `order_id`, `spu_id`, `spu_name`, `spec_info`, `sku_id`, `pic_url`, `quantity`, `sales_price`, `freight_price`, `payment_price`, `payment_points_price`, `payment_coupon_price`, `payment_points`, `coupon_user_id`, `remark`, `status`, `is_refund`) VALUES ('1450844990024011777', '1', '1261176336950480898', '0', '2021-10-20 23:22:55', '2021-10-20 23:22:55', '1450844990015623170', '1273187904351694850', '华为 HUAWEI Mate 30 麒麟990旗舰芯片4000万超感光徕卡影像屏内指纹8G+128GB星河银4G全网通版游戏手机', '仲夏紫', '1273187904360083458', 'http://minio.joolun.com/joolun/1/material/ceab6bcd-83d2-4fa4-b682-62407503b0aa.jpg', 1, 4499.00, 0.00, 4499.00, 0.00, 0.00, 0, NULL, NULL, '0', '0');
INSERT INTO `order_item` (`id`, `tenant_id`, `shop_id`, `del_flag`, `create_time`, `update_time`, `order_id`, `spu_id`, `spu_name`, `spec_info`, `sku_id`, `pic_url`, `quantity`, `sales_price`, `freight_price`, `payment_price`, `payment_points_price`, `payment_coupon_price`, `payment_points`, `coupon_user_id`, `remark`, `status`, `is_refund`) VALUES ('1451010419770085379', '1', '1261176336950480898', '0', '2021-10-21 10:20:17', '2021-10-21 10:20:17', '1451010419770085378', '1273187904351694850', '华为 HUAWEI Mate 30 麒麟990旗舰芯片4000万超感光徕卡影像屏内指纹8G+128GB星河银4G全网通版游戏手机', '天际白', '1273187904368472066', 'http://minio.joolun.com/joolun/1/material/ceab6bcd-83d2-4fa4-b682-62407503b0aa.jpg', 1, 4599.00, 0.00, 0.00, 0.00, 0.00, 0, NULL, NULL, '0', '0');
INSERT INTO `order_item` (`id`, `tenant_id`, `shop_id`, `del_flag`, `create_time`, `update_time`, `order_id`, `spu_id`, `spu_name`, `spec_info`, `sku_id`, `pic_url`, `quantity`, `sales_price`, `freight_price`, `payment_price`, `payment_points_price`, `payment_coupon_price`, `payment_points`, `coupon_user_id`, `remark`, `status`, `is_refund`) VALUES ('1451018104066363393', '1', '1261193631538073602', '0', '2021-10-21 10:50:49', '2021-10-21 10:50:49', '1451018104045391873', '1273190776913063938', '【至高12期免息】小米10 5G游戏手机权益版全网通 冰海蓝 8G+256G', '256G，4TB蓝', '1273190776938229761', 'http://minio.joolun.com/joolun/1/material/56a86f9e-2186-47f2-92b3-ff7732821094.jpg', 1, 2688.00, 0.00, 0.00, 0.00, 0.00, 0, NULL, NULL, '0', '0');
INSERT INTO `order_item` (`id`, `tenant_id`, `shop_id`, `del_flag`, `create_time`, `update_time`, `order_id`, `spu_id`, `spu_name`, `spec_info`, `sku_id`, `pic_url`, `quantity`, `sales_price`, `freight_price`, `payment_price`, `payment_points_price`, `payment_coupon_price`, `payment_points`, `coupon_user_id`, `remark`, `status`, `is_refund`) VALUES ('1451018456689889282', '1', '1261193631538073602', '0', '2021-10-21 10:52:13', '2021-10-21 10:52:13', '1451018456664723457', '1273190776913063938', '【至高12期免息】小米10 5G游戏手机权益版全网通 冰海蓝 8G+256G', '256G， 幻夜黑', '1273190776934035457', 'http://minio.joolun.com/joolun/1/material/56a86f9e-2186-47f2-92b3-ff7732821094.jpg', 1, 3688.00, 0.00, 3688.00, 0.00, 0.00, 0, NULL, NULL, '0', '0');
INSERT INTO `order_item` (`id`, `tenant_id`, `shop_id`, `del_flag`, `create_time`, `update_time`, `order_id`, `spu_id`, `spu_name`, `spec_info`, `sku_id`, `pic_url`, `quantity`, `sales_price`, `freight_price`, `payment_price`, `payment_points_price`, `payment_coupon_price`, `payment_points`, `coupon_user_id`, `remark`, `status`, `is_refund`) VALUES ('1451034831319814145', '1', '1261176336950480898', '0', '2021-10-21 11:57:17', '2021-10-21 11:57:17', '1451034831282065410', '1273187904351694850', '华为 HUAWEI Mate 30 麒麟990旗舰芯片4000万超感光徕卡影像屏内指纹8G+128GB星河银4G全网通版游戏手机', '天际白', '1273187904368472066', 'http://minio.joolun.com/joolun/1/material/ceab6bcd-83d2-4fa4-b682-62407503b0aa.jpg', 1, 4599.00, 5.00, 4604.00, 0.00, 0.00, 0, NULL, NULL, '0', '0');
INSERT INTO `order_item` (`id`, `tenant_id`, `shop_id`, `del_flag`, `create_time`, `update_time`, `order_id`, `spu_id`, `spu_name`, `spec_info`, `sku_id`, `pic_url`, `quantity`, `sales_price`, `freight_price`, `payment_price`, `payment_points_price`, `payment_coupon_price`, `payment_points`, `coupon_user_id`, `remark`, `status`, `is_refund`) VALUES ('1451038554968379396', '1', '1261193631538073602', '0', '2021-10-21 12:12:05', '2021-10-21 12:12:05', '1451038554968379395', '1273190776913063938', '【至高12期免息】小米10 5G游戏手机权益版全网通 冰海蓝 8G+256G', '256G，4TB蓝', '1273190776938229761', 'http://minio.joolun.com/joolun/1/material/56a86f9e-2186-47f2-92b3-ff7732821094.jpg', 1, 2688.00, 0.00, 2688.00, 0.00, 0.00, 0, NULL, NULL, '0', '0');
INSERT INTO `order_item` (`id`, `tenant_id`, `shop_id`, `del_flag`, `create_time`, `update_time`, `order_id`, `spu_id`, `spu_name`, `spec_info`, `sku_id`, `pic_url`, `quantity`, `sales_price`, `freight_price`, `payment_price`, `payment_points_price`, `payment_coupon_price`, `payment_points`, `coupon_user_id`, `remark`, `status`, `is_refund`) VALUES ('1453243159630409730', '1', '1261176336950480898', '0', '2021-10-27 14:12:23', '2021-10-27 14:12:23', '1453243158707662849', '1273186784766128130', '华为 HUAWEI nova 7 SE 5G 麒麟820 5G SoC芯片 6400万高清AI四摄 40W超级快充 8GB+128GB银月星辉全网通手机', '亮黑色', '1273186784774516738', 'http://minio.joolun.com/joolun/1/material/40c3ffb7-8f3e-4794-b927-2c9beb084896.jpg', 1, 0.03, 0.00, 0.03, 0.00, 0.00, 0, NULL, NULL, '0', '0');
INSERT INTO `order_item` (`id`, `tenant_id`, `shop_id`, `del_flag`, `create_time`, `update_time`, `order_id`, `spu_id`, `spu_name`, `spec_info`, `sku_id`, `pic_url`, `quantity`, `sales_price`, `freight_price`, `payment_price`, `payment_points_price`, `payment_coupon_price`, `payment_points`, `coupon_user_id`, `remark`, `status`, `is_refund`) VALUES ('1453243359614824449', '1', '1261176336950480898', '0', '2021-10-27 14:13:11', '2021-10-27 14:13:11', '1453243359606435842', '1273186784766128130', '华为 HUAWEI nova 7 SE 5G 麒麟820 5G SoC芯片 6400万高清AI四摄 40W超级快充 8GB+128GB银月星辉全网通手机', '亮黑色', '1273186784774516738', 'http://minio.joolun.com/joolun/1/material/40c3ffb7-8f3e-4794-b927-2c9beb084896.jpg', 1, 0.03, 5.00, 5.03, 0.00, 0.00, 0, NULL, NULL, '0', '0');
INSERT INTO `order_item` (`id`, `tenant_id`, `shop_id`, `del_flag`, `create_time`, `update_time`, `order_id`, `spu_id`, `spu_name`, `spec_info`, `sku_id`, `pic_url`, `quantity`, `sales_price`, `freight_price`, `payment_price`, `payment_points_price`, `payment_coupon_price`, `payment_points`, `coupon_user_id`, `remark`, `status`, `is_refund`) VALUES ('1453248202601439233', '1', '1261176336950480898', '0', '2021-10-27 14:32:26', '2021-10-27 14:32:26', '1453248202597244930', '1273186784766128130', '华为 HUAWEI nova 7 SE 5G 麒麟820 5G SoC芯片 6400万高清AI四摄 40W超级快充 8GB+128GB银月星辉全网通手机', '亮黑色', '1273186784774516738', 'http://minio.joolun.com/joolun/1/material/40c3ffb7-8f3e-4794-b927-2c9beb084896.jpg', 1, 0.03, 5.00, 5.03, 0.00, 0.00, 0, NULL, NULL, '0', '0');
INSERT INTO `order_item` (`id`, `tenant_id`, `shop_id`, `del_flag`, `create_time`, `update_time`, `order_id`, `spu_id`, `spu_name`, `spec_info`, `sku_id`, `pic_url`, `quantity`, `sales_price`, `freight_price`, `payment_price`, `payment_points_price`, `payment_coupon_price`, `payment_points`, `coupon_user_id`, `remark`, `status`, `is_refund`) VALUES ('1453248235384119298', '1', '1261176336950480898', '0', '2021-10-27 14:32:34', '2021-10-27 14:32:34', '1453248235384119297', '1273186784766128130', '华为 HUAWEI nova 7 SE 5G 麒麟820 5G SoC芯片 6400万高清AI四摄 40W超级快充 8GB+128GB银月星辉全网通手机', '亮黑色', '1273186784774516738', 'http://minio.joolun.com/joolun/1/material/40c3ffb7-8f3e-4794-b927-2c9beb084896.jpg', 1, 0.03, 0.00, 0.03, 0.00, 0.00, 0, NULL, NULL, '0', '0');
INSERT INTO `order_item` (`id`, `tenant_id`, `shop_id`, `del_flag`, `create_time`, `update_time`, `order_id`, `spu_id`, `spu_name`, `spec_info`, `sku_id`, `pic_url`, `quantity`, `sales_price`, `freight_price`, `payment_price`, `payment_points_price`, `payment_coupon_price`, `payment_points`, `coupon_user_id`, `remark`, `status`, `is_refund`) VALUES ('1453249609496891393', '1', '1261176336950480898', '0', '2021-10-27 14:38:01', '2021-10-27 14:38:01', '1453249609488502785', '1273186784766128130', '华为 HUAWEI nova 7 SE 5G 麒麟820 5G SoC芯片 6400万高清AI四摄 40W超级快充 8GB+128GB银月星辉全网通手机', '亮黑色', '1273186784774516738', 'http://minio.joolun.com/joolun/1/material/40c3ffb7-8f3e-4794-b927-2c9beb084896.jpg', 1, 0.03, 0.00, 0.03, 0.00, 0.00, 0, NULL, NULL, '0', '0');
INSERT INTO `order_item` (`id`, `tenant_id`, `shop_id`, `del_flag`, `create_time`, `update_time`, `order_id`, `spu_id`, `spu_name`, `spec_info`, `sku_id`, `pic_url`, `quantity`, `sales_price`, `freight_price`, `payment_price`, `payment_points_price`, `payment_coupon_price`, `payment_points`, `coupon_user_id`, `remark`, `status`, `is_refund`) VALUES ('1453253045894332418', '1', '1261176336950480898', '0', '2021-10-27 14:51:40', '2021-10-27 14:51:40', '1453253045848195074', '1273186784766128130', '华为 HUAWEI nova 7 SE 5G 麒麟820 5G SoC芯片 6400万高清AI四摄 40W超级快充 8GB+128GB银月星辉全网通手机', '亮黑色', '1273186784774516738', 'http://minio.joolun.com/joolun/1/material/40c3ffb7-8f3e-4794-b927-2c9beb084896.jpg', 1, 0.03, 0.00, 0.03, 0.00, 0.00, 0, NULL, NULL, '0', '0');
INSERT INTO `order_item` (`id`, `tenant_id`, `shop_id`, `del_flag`, `create_time`, `update_time`, `order_id`, `spu_id`, `spu_name`, `spec_info`, `sku_id`, `pic_url`, `quantity`, `sales_price`, `freight_price`, `payment_price`, `payment_points_price`, `payment_coupon_price`, `payment_points`, `coupon_user_id`, `remark`, `status`, `is_refund`) VALUES ('1453259376105701378', '1', '1261176336950480898', '0', '2021-10-27 15:16:50', '2021-10-27 15:16:50', '1453259376105701377', '1273186784766128130', '华为 HUAWEI nova 7 SE 5G 麒麟820 5G SoC芯片 6400万高清AI四摄 40W超级快充 8GB+128GB银月星辉全网通手机', '亮黑色', '1273186784774516738', 'http://minio.joolun.com/joolun/1/material/40c3ffb7-8f3e-4794-b927-2c9beb084896.jpg', 1, 0.03, 0.00, 0.03, 0.00, 0.00, 0, NULL, NULL, '0', '0');
INSERT INTO `order_item` (`id`, `tenant_id`, `shop_id`, `del_flag`, `create_time`, `update_time`, `order_id`, `spu_id`, `spu_name`, `spec_info`, `sku_id`, `pic_url`, `quantity`, `sales_price`, `freight_price`, `payment_price`, `payment_points_price`, `payment_coupon_price`, `payment_points`, `coupon_user_id`, `remark`, `status`, `is_refund`) VALUES ('1453263433167880195', '1', '1261176336950480898', '0', '2021-10-27 15:32:57', '2021-10-27 15:32:57', '1453263433167880194', '1273186784766128130', '华为 HUAWEI nova 7 SE 5G 麒麟820 5G SoC芯片 6400万高清AI四摄 40W超级快充 8GB+128GB银月星辉全网通手机', '亮黑色', '1273186784774516738', 'http://minio.joolun.com/joolun/1/material/40c3ffb7-8f3e-4794-b927-2c9beb084896.jpg', 1, 0.03, 0.00, 0.03, 0.00, 0.00, 0, NULL, NULL, '0', '0');
INSERT INTO `order_item` (`id`, `tenant_id`, `shop_id`, `del_flag`, `create_time`, `update_time`, `order_id`, `spu_id`, `spu_name`, `spec_info`, `sku_id`, `pic_url`, `quantity`, `sales_price`, `freight_price`, `payment_price`, `payment_points_price`, `payment_coupon_price`, `payment_points`, `coupon_user_id`, `remark`, `status`, `is_refund`) VALUES ('1453266144475082754', '1', '1261176336950480898', '0', '2021-10-27 15:43:43', '2021-10-27 15:43:43', '1453266144475082753', '1273186784766128130', '华为 HUAWEI nova 7 SE 5G 麒麟820 5G SoC芯片 6400万高清AI四摄 40W超级快充 8GB+128GB银月星辉全网通手机', '亮黑色', '1273186784774516738', 'http://minio.joolun.com/joolun/1/material/40c3ffb7-8f3e-4794-b927-2c9beb084896.jpg', 1, 0.03, 0.00, 0.03, 0.00, 0.00, 0, NULL, NULL, '0', '0');
INSERT INTO `order_item` (`id`, `tenant_id`, `shop_id`, `del_flag`, `create_time`, `update_time`, `order_id`, `spu_id`, `spu_name`, `spec_info`, `sku_id`, `pic_url`, `quantity`, `sales_price`, `freight_price`, `payment_price`, `payment_points_price`, `payment_coupon_price`, `payment_points`, `coupon_user_id`, `remark`, `status`, `is_refund`) VALUES ('1453269782584913921', '1', '1261176336950480898', '0', '2021-10-27 15:58:11', '2021-10-27 15:58:11', '1453269782542970882', '1273186784766128130', '华为 HUAWEI nova 7 SE 5G 麒麟820 5G SoC芯片 6400万高清AI四摄 40W超级快充 8GB+128GB银月星辉全网通手机', '亮黑色', '1273186784774516738', 'http://minio.joolun.com/joolun/1/material/40c3ffb7-8f3e-4794-b927-2c9beb084896.jpg', 1, 0.03, 0.00, 0.03, 0.00, 0.00, 0, NULL, NULL, '0', '0');
INSERT INTO `order_item` (`id`, `tenant_id`, `shop_id`, `del_flag`, `create_time`, `update_time`, `order_id`, `spu_id`, `spu_name`, `spec_info`, `sku_id`, `pic_url`, `quantity`, `sales_price`, `freight_price`, `payment_price`, `payment_points_price`, `payment_coupon_price`, `payment_points`, `coupon_user_id`, `remark`, `status`, `is_refund`) VALUES ('1453283910674333698', '1', '1261176336950480898', '0', '2021-10-27 16:54:19', '2021-10-27 16:54:19', '1453283910611419137', '1273186784766128130', '华为 HUAWEI nova 7 SE 5G 麒麟820 5G SoC芯片 6400万高清AI四摄 40W超级快充 8GB+128GB银月星辉全网通手机', '亮黑色', '1273186784774516738', 'http://minio.joolun.com/joolun/1/material/40c3ffb7-8f3e-4794-b927-2c9beb084896.jpg', 1, 0.03, 0.00, 0.03, 0.00, 0.00, 0, NULL, NULL, '0', '0');
INSERT INTO `order_item` (`id`, `tenant_id`, `shop_id`, `del_flag`, `create_time`, `update_time`, `order_id`, `spu_id`, `spu_name`, `spec_info`, `sku_id`, `pic_url`, `quantity`, `sales_price`, `freight_price`, `payment_price`, `payment_points_price`, `payment_coupon_price`, `payment_points`, `coupon_user_id`, `remark`, `status`, `is_refund`) VALUES ('1455069903345790978', '1', '1261193631538073602', '0', '2021-11-01 15:11:13', '2021-11-01 15:11:13', '1455069903320625154', '1273189745068142593', 'Redmi K30 王一博同款 120Hz流速屏 前置挖孔双摄 索尼6400万后置四摄 4500mAh超长续航 27W快充 6GB+128GB 紫玉幻境 游戏智能手机 小米 红米', '128G', '1273189745080725505', 'https://minio.joolun.com/joolun/1/material/cb601860-0c4c-49fe-8aa0-67dd728a43f6.jpg', 1, 1698.00, 0.00, 1698.00, 0.00, 0.00, 0, NULL, NULL, '0', '0');
INSERT INTO `order_item` (`id`, `tenant_id`, `shop_id`, `del_flag`, `create_time`, `update_time`, `order_id`, `spu_id`, `spu_name`, `spec_info`, `sku_id`, `pic_url`, `quantity`, `sales_price`, `freight_price`, `payment_price`, `payment_points_price`, `payment_coupon_price`, `payment_points`, `coupon_user_id`, `remark`, `status`, `is_refund`) VALUES ('1455070325699620867', '1', '1261176336950480898', '0', '2021-11-01 15:12:54', '2021-11-01 15:12:54', '1455070325699620866', '1273186784766128130', '华为 HUAWEI nova 7 SE 5G 麒麟820 5G SoC芯片 6400万高清AI四摄 40W超级快充 8GB+128GB银月星辉全网通手机', '亮黑色', '1273186784774516738', 'http://minio.joolun.com/joolun/1/material/40c3ffb7-8f3e-4794-b927-2c9beb084896.jpg', 1, 0.03, 0.00, 0.03, 0.00, 0.00, 0, NULL, NULL, '0', '0');
INSERT INTO `order_item` (`id`, `tenant_id`, `shop_id`, `del_flag`, `create_time`, `update_time`, `order_id`, `spu_id`, `spu_name`, `spec_info`, `sku_id`, `pic_url`, `quantity`, `sales_price`, `freight_price`, `payment_price`, `payment_points_price`, `payment_coupon_price`, `payment_points`, `coupon_user_id`, `remark`, `status`, `is_refund`) VALUES ('1455075716642709507', '1', '1261176336950480898', '0', '2021-11-01 15:34:19', '2021-11-01 15:34:19', '1455075716642709506', '1273186784766128130', '华为 HUAWEI nova 7 SE 5G 麒麟820 5G SoC芯片 6400万高清AI四摄 40W超级快充 8GB+128GB银月星辉全网通手机', '亮黑色', '1273186784774516738', 'http://minio.joolun.com/joolun/1/material/40c3ffb7-8f3e-4794-b927-2c9beb084896.jpg', 1, 0.03, 0.00, 0.03, 0.00, 0.00, 0, NULL, NULL, '0', '0');
INSERT INTO `order_item` (`id`, `tenant_id`, `shop_id`, `del_flag`, `create_time`, `update_time`, `order_id`, `spu_id`, `spu_name`, `spec_info`, `sku_id`, `pic_url`, `quantity`, `sales_price`, `freight_price`, `payment_price`, `payment_points_price`, `payment_coupon_price`, `payment_points`, `coupon_user_id`, `remark`, `status`, `is_refund`) VALUES ('1455084625075908609', '1', '1261176336950480898', '0', '2021-11-01 16:09:43', '2021-11-01 16:09:43', '1455084625046548481', '1273186784766128130', '华为 HUAWEI nova 7 SE 5G 麒麟820 5G SoC芯片 6400万高清AI四摄 40W超级快充 8GB+128GB银月星辉全网通手机', '亮黑色', '1273186784774516738', 'http://minio.joolun.com/joolun/1/material/40c3ffb7-8f3e-4794-b927-2c9beb084896.jpg', 1, 0.03, 0.00, 0.03, 0.00, 0.00, 0, NULL, NULL, '0', '0');
COMMIT;

-- ----------------------------
-- Table structure for order_logistics
-- ----------------------------
DROP TABLE IF EXISTS `order_logistics`;
CREATE TABLE `order_logistics` (
  `id` varchar(32) CHARACTER SET utf8mb4 COLLATE utf8mb4_0900_ai_ci NOT NULL COMMENT 'PK',
  `tenant_id` varchar(32) CHARACTER SET utf8mb4 COLLATE utf8mb4_0900_ai_ci NOT NULL COMMENT '所属租户',
  `del_flag` char(2) CHARACTER SET utf8mb4 COLLATE utf8mb4_0900_ai_ci NOT NULL DEFAULT '0' COMMENT '逻辑删除标记（0：显示；1：隐藏）',
  `create_time` datetime NOT NULL DEFAULT CURRENT_TIMESTAMP COMMENT '创建时间',
  `update_time` timestamp NOT NULL DEFAULT CURRENT_TIMESTAMP ON UPDATE CURRENT_TIMESTAMP COMMENT '最后更新时间',
  `postal_code` varchar(10) CHARACTER SET utf8mb4 COLLATE utf8mb4_0900_ai_ci DEFAULT NULL COMMENT '邮编',
  `user_name` varchar(50) CHARACTER SET utf8mb4 COLLATE utf8mb4_0900_ai_ci NOT NULL COMMENT '收货人名字',
  `tel_num` varchar(20) CHARACTER SET utf8mb4 COLLATE utf8mb4_0900_ai_ci NOT NULL COMMENT '电话号码',
  `address` varchar(255) CHARACTER SET utf8mb4 COLLATE utf8mb4_0900_ai_ci NOT NULL COMMENT '详细地址',
  `logistics` char(20) CHARACTER SET utf8mb4 COLLATE utf8mb4_0900_ai_ci DEFAULT NULL COMMENT '物流商家编码',
  `logistics_desc` varchar(50) DEFAULT NULL COMMENT '物流商家名',
  `logistics_no` varchar(30) CHARACTER SET utf8mb4 COLLATE utf8mb4_0900_ai_ci DEFAULT NULL COMMENT '物流单号',
  `status` char(2) CHARACTER SET utf8mb4 COLLATE utf8mb4_0900_ai_ci DEFAULT NULL COMMENT '快递单当前状态，包括-1错误，0在途，1揽收，2疑难，3签收，4退签，5派件，6退回，7转投 等7个状态',
  `is_check` char(2) CHARACTER SET utf8mb4 COLLATE utf8mb4_0900_ai_ci DEFAULT NULL COMMENT '签收标记（0：未签收；1：已签收）',
  `message` varchar(500) CHARACTER SET utf8mb4 COLLATE utf8mb4_0900_ai_ci DEFAULT NULL COMMENT '相关信息',
  PRIMARY KEY (`id`),
  KEY `ids_tenant_id` (`tenant_id`) USING BTREE
) ENGINE=InnoDB DEFAULT CHARSET=utf8mb4 COLLATE=utf8mb4_0900_ai_ci ROW_FORMAT=DYNAMIC COMMENT='订单物流表';

-- ----------------------------
-- Records of order_logistics
-- ----------------------------
BEGIN;
INSERT INTO `order_logistics` (`id`, `tenant_id`, `del_flag`, `create_time`, `update_time`, `postal_code`, `user_name`, `tel_num`, `address`, `logistics`, `logistics_desc`, `logistics_no`, `status`, `is_check`, `message`) VALUES ('1417314190622822402', '1', '0', '2021-07-20 10:43:30', '2021-07-20 10:43:30', NULL, '耳热', '18656563215', '山西省太原市小店区什么作用和', NULL, NULL, NULL, NULL, NULL, NULL);
INSERT INTO `order_logistics` (`id`, `tenant_id`, `del_flag`, `create_time`, `update_time`, `postal_code`, `user_name`, `tel_num`, `address`, `logistics`, `logistics_desc`, `logistics_no`, `status`, `is_check`, `message`) VALUES ('1417314424174252034', '1', '0', '2021-07-20 10:44:25', '2021-07-20 10:44:25', NULL, '耳热', '18656563215', '山西省太原市小店区什么作用和', NULL, NULL, NULL, NULL, NULL, NULL);
INSERT INTO `order_logistics` (`id`, `tenant_id`, `del_flag`, `create_time`, `update_time`, `postal_code`, `user_name`, `tel_num`, `address`, `logistics`, `logistics_desc`, `logistics_no`, `status`, `is_check`, `message`) VALUES ('1417315000190529537', '1', '0', '2021-07-20 10:46:43', '2021-07-20 10:46:43', NULL, '耳热', '18656563215', '山西省太原市小店区什么作用和', NULL, NULL, NULL, NULL, NULL, NULL);
INSERT INTO `order_logistics` (`id`, `tenant_id`, `del_flag`, `create_time`, `update_time`, `postal_code`, `user_name`, `tel_num`, `address`, `logistics`, `logistics_desc`, `logistics_no`, `status`, `is_check`, `message`) VALUES ('1417319338849923074', '1', '0', '2021-07-20 11:03:57', '2021-07-20 11:03:57', NULL, '耳热', '18656563215', '山西省太原市小店区什么作用和', NULL, NULL, NULL, NULL, NULL, NULL);
INSERT INTO `order_logistics` (`id`, `tenant_id`, `del_flag`, `create_time`, `update_time`, `postal_code`, `user_name`, `tel_num`, `address`, `logistics`, `logistics_desc`, `logistics_no`, `status`, `is_check`, `message`) VALUES ('1417319611525820417', '1', '0', '2021-07-20 11:05:02', '2021-07-20 11:05:02', NULL, '耳热', '18656563215', '山西省太原市小店区什么作用和', NULL, NULL, NULL, NULL, NULL, NULL);
INSERT INTO `order_logistics` (`id`, `tenant_id`, `del_flag`, `create_time`, `update_time`, `postal_code`, `user_name`, `tel_num`, `address`, `logistics`, `logistics_desc`, `logistics_no`, `status`, `is_check`, `message`) VALUES ('1417319654165114882', '1', '0', '2021-07-20 11:05:12', '2021-07-20 11:05:12', NULL, '耳热', '18656563215', '山西省太原市小店区什么作用和', NULL, NULL, NULL, NULL, NULL, NULL);
INSERT INTO `order_logistics` (`id`, `tenant_id`, `del_flag`, `create_time`, `update_time`, `postal_code`, `user_name`, `tel_num`, `address`, `logistics`, `logistics_desc`, `logistics_no`, `status`, `is_check`, `message`) VALUES ('1417319719545925634', '1', '0', '2021-07-20 11:05:28', '2021-07-20 11:05:28', NULL, '耳热', '18656563215', '山西省太原市小店区什么作用和', NULL, NULL, NULL, NULL, NULL, NULL);
INSERT INTO `order_logistics` (`id`, `tenant_id`, `del_flag`, `create_time`, `update_time`, `postal_code`, `user_name`, `tel_num`, `address`, `logistics`, `logistics_desc`, `logistics_no`, `status`, `is_check`, `message`) VALUES ('1417320374838816770', '1', '0', '2021-07-20 11:08:04', '2021-07-20 11:08:04', NULL, '耳热', '18656563215', '山西省太原市小店区什么作用和', NULL, NULL, NULL, NULL, NULL, NULL);
INSERT INTO `order_logistics` (`id`, `tenant_id`, `del_flag`, `create_time`, `update_time`, `postal_code`, `user_name`, `tel_num`, `address`, `logistics`, `logistics_desc`, `logistics_no`, `status`, `is_check`, `message`) VALUES ('1417320743002279938', '1', '0', '2021-07-20 11:09:32', '2021-07-20 11:09:32', NULL, '耳热', '18656563215', '山西省太原市小店区什么作用和', NULL, NULL, NULL, NULL, NULL, NULL);
INSERT INTO `order_logistics` (`id`, `tenant_id`, `del_flag`, `create_time`, `update_time`, `postal_code`, `user_name`, `tel_num`, `address`, `logistics`, `logistics_desc`, `logistics_no`, `status`, `is_check`, `message`) VALUES ('1417321167172243458', '1', '0', '2021-07-20 11:11:13', '2021-07-20 11:11:13', NULL, '耳热', '18656563215', '山西省太原市小店区什么作用和', NULL, NULL, NULL, NULL, NULL, NULL);
INSERT INTO `order_logistics` (`id`, `tenant_id`, `del_flag`, `create_time`, `update_time`, `postal_code`, `user_name`, `tel_num`, `address`, `logistics`, `logistics_desc`, `logistics_no`, `status`, `is_check`, `message`) VALUES ('1417321167457456129', '1', '0', '2021-07-20 11:11:13', '2021-07-20 11:11:13', NULL, '耳热', '18656563215', '山西省太原市小店区什么作用和', NULL, NULL, NULL, NULL, NULL, NULL);
INSERT INTO `order_logistics` (`id`, `tenant_id`, `del_flag`, `create_time`, `update_time`, `postal_code`, `user_name`, `tel_num`, `address`, `logistics`, `logistics_desc`, `logistics_no`, `status`, `is_check`, `message`) VALUES ('1417323366761730050', '1', '0', '2021-07-20 11:19:57', '2021-07-20 11:19:57', NULL, '耳热', '18656563215', '山西省太原市小店区什么作用和', NULL, NULL, NULL, NULL, NULL, NULL);
INSERT INTO `order_logistics` (`id`, `tenant_id`, `del_flag`, `create_time`, `update_time`, `postal_code`, `user_name`, `tel_num`, `address`, `logistics`, `logistics_desc`, `logistics_no`, `status`, `is_check`, `message`) VALUES ('1417323493656203266', '1', '0', '2021-07-20 11:20:28', '2021-07-20 11:20:28', NULL, '耳热', '18656563215', '山西省太原市小店区什么作用和', NULL, NULL, NULL, NULL, NULL, NULL);
INSERT INTO `order_logistics` (`id`, `tenant_id`, `del_flag`, `create_time`, `update_time`, `postal_code`, `user_name`, `tel_num`, `address`, `logistics`, `logistics_desc`, `logistics_no`, `status`, `is_check`, `message`) VALUES ('1417328530021199873', '1', '0', '2021-07-20 11:40:28', '2021-07-20 11:40:28', NULL, '耳热', '18656563215', '山西省太原市小店区什么作用和', NULL, NULL, NULL, NULL, NULL, NULL);
INSERT INTO `order_logistics` (`id`, `tenant_id`, `del_flag`, `create_time`, `update_time`, `postal_code`, `user_name`, `tel_num`, `address`, `logistics`, `logistics_desc`, `logistics_no`, `status`, `is_check`, `message`) VALUES ('1417328771847991298', '1', '0', '2021-07-20 11:41:26', '2021-07-20 11:41:26', NULL, '耳热', '18656563215', '山西省太原市小店区什么作用和', NULL, NULL, NULL, NULL, NULL, NULL);
INSERT INTO `order_logistics` (`id`, `tenant_id`, `del_flag`, `create_time`, `update_time`, `postal_code`, `user_name`, `tel_num`, `address`, `logistics`, `logistics_desc`, `logistics_no`, `status`, `is_check`, `message`) VALUES ('1417334920458604546', '1', '0', '2021-07-20 12:05:52', '2021-07-20 12:05:52', NULL, '耳热', '18656563215', '山西省太原市小店区什么作用和', NULL, NULL, NULL, NULL, NULL, NULL);
INSERT INTO `order_logistics` (`id`, `tenant_id`, `del_flag`, `create_time`, `update_time`, `postal_code`, `user_name`, `tel_num`, `address`, `logistics`, `logistics_desc`, `logistics_no`, `status`, `is_check`, `message`) VALUES ('1417335352132177921', '1', '0', '2021-07-20 12:07:35', '2021-07-20 12:07:35', NULL, '耳热', '18656563215', '山西省太原市小店区什么作用和', NULL, NULL, NULL, NULL, NULL, NULL);
INSERT INTO `order_logistics` (`id`, `tenant_id`, `del_flag`, `create_time`, `update_time`, `postal_code`, `user_name`, `tel_num`, `address`, `logistics`, `logistics_desc`, `logistics_no`, `status`, `is_check`, `message`) VALUES ('1417336688609386497', '1', '0', '2021-07-20 12:12:54', '2021-07-20 12:12:54', NULL, '耳热', '18656563215', '山西省太原市小店区什么作用和', NULL, NULL, NULL, NULL, NULL, NULL);
INSERT INTO `order_logistics` (`id`, `tenant_id`, `del_flag`, `create_time`, `update_time`, `postal_code`, `user_name`, `tel_num`, `address`, `logistics`, `logistics_desc`, `logistics_no`, `status`, `is_check`, `message`) VALUES ('1417337173382844417', '1', '0', '2021-07-20 12:14:49', '2021-07-20 12:14:49', NULL, '耳热', '18656563215', '山西省太原市小店区什么作用和', NULL, NULL, NULL, NULL, NULL, NULL);
INSERT INTO `order_logistics` (`id`, `tenant_id`, `del_flag`, `create_time`, `update_time`, `postal_code`, `user_name`, `tel_num`, `address`, `logistics`, `logistics_desc`, `logistics_no`, `status`, `is_check`, `message`) VALUES ('1421325354084102145', '1', '0', '2021-07-31 12:22:26', '2021-11-01 15:55:49', NULL, '耳热', '18656563215', '山西省太原市小店区什么作用和', 'ems', 'EMS', '9883620388438', '1', NULL, NULL);
INSERT INTO `order_logistics` (`id`, `tenant_id`, `del_flag`, `create_time`, `update_time`, `postal_code`, `user_name`, `tel_num`, `address`, `logistics`, `logistics_desc`, `logistics_no`, `status`, `is_check`, `message`) VALUES ('1446051749659488258', '1', '0', '2021-10-07 17:56:18', '2021-10-07 17:56:18', NULL, '耳热', '18656563215', '山西省太原市小店区什么作用和', NULL, NULL, NULL, NULL, NULL, NULL);
INSERT INTO `order_logistics` (`id`, `tenant_id`, `del_flag`, `create_time`, `update_time`, `postal_code`, `user_name`, `tel_num`, `address`, `logistics`, `logistics_desc`, `logistics_no`, `status`, `is_check`, `message`) VALUES ('1446059350094852097', '1', '0', '2021-10-07 18:26:30', '2021-10-07 18:26:30', NULL, '耳热', '18656563215', '山西省太原市小店区什么作用和', NULL, NULL, NULL, NULL, NULL, NULL);
INSERT INTO `order_logistics` (`id`, `tenant_id`, `del_flag`, `create_time`, `update_time`, `postal_code`, `user_name`, `tel_num`, `address`, `logistics`, `logistics_desc`, `logistics_no`, `status`, `is_check`, `message`) VALUES ('1446066985321967617', '1', '0', '2021-10-07 18:56:50', '2021-10-07 18:56:50', NULL, '耳热', '18656563215', '山西省太原市小店区什么作用和', NULL, NULL, NULL, NULL, NULL, NULL);
INSERT INTO `order_logistics` (`id`, `tenant_id`, `del_flag`, `create_time`, `update_time`, `postal_code`, `user_name`, `tel_num`, `address`, `logistics`, `logistics_desc`, `logistics_no`, `status`, `is_check`, `message`) VALUES ('1446074604816248833', '1', '0', '2021-10-07 19:27:07', '2021-10-07 19:27:07', NULL, '耳热', '18656563215', '山西省太原市小店区什么作用和', NULL, NULL, NULL, NULL, NULL, NULL);
INSERT INTO `order_logistics` (`id`, `tenant_id`, `del_flag`, `create_time`, `update_time`, `postal_code`, `user_name`, `tel_num`, `address`, `logistics`, `logistics_desc`, `logistics_no`, `status`, `is_check`, `message`) VALUES ('1446301277226610690', '1', '0', '2021-10-08 10:27:50', '2021-10-08 10:27:50', NULL, '耳热', '18656563215', '山西省太原市小店区什么作用和', NULL, NULL, NULL, NULL, NULL, NULL);
INSERT INTO `order_logistics` (`id`, `tenant_id`, `del_flag`, `create_time`, `update_time`, `postal_code`, `user_name`, `tel_num`, `address`, `logistics`, `logistics_desc`, `logistics_no`, `status`, `is_check`, `message`) VALUES ('1446309054703546369', '1', '0', '2021-10-08 10:58:44', '2021-10-08 10:58:44', NULL, '耳热', '18656563215', '山西省太原市小店区什么作用和', NULL, NULL, NULL, NULL, NULL, NULL);
INSERT INTO `order_logistics` (`id`, `tenant_id`, `del_flag`, `create_time`, `update_time`, `postal_code`, `user_name`, `tel_num`, `address`, `logistics`, `logistics_desc`, `logistics_no`, `status`, `is_check`, `message`) VALUES ('1446331882698018817', '1', '0', '2021-10-08 12:29:27', '2021-10-08 12:29:27', NULL, '耳热', '18656563215', '山西省太原市小店区什么作用和', NULL, NULL, NULL, NULL, NULL, NULL);
INSERT INTO `order_logistics` (`id`, `tenant_id`, `del_flag`, `create_time`, `update_time`, `postal_code`, `user_name`, `tel_num`, `address`, `logistics`, `logistics_desc`, `logistics_no`, `status`, `is_check`, `message`) VALUES ('1446380213608402945', '1', '0', '2021-10-08 15:41:30', '2021-10-08 15:41:30', NULL, '耳热', '18656563215', '山西省太原市小店区什么作用和', NULL, NULL, NULL, NULL, NULL, NULL);
INSERT INTO `order_logistics` (`id`, `tenant_id`, `del_flag`, `create_time`, `update_time`, `postal_code`, `user_name`, `tel_num`, `address`, `logistics`, `logistics_desc`, `logistics_no`, `status`, `is_check`, `message`) VALUES ('1451018456564060161', '1', '0', '2021-10-21 10:52:13', '2021-10-21 10:52:13', NULL, 'eryd', '18608415435', '山西省太原市迎泽区仍签名 欠weteqyewy', NULL, NULL, NULL, NULL, NULL, NULL);
INSERT INTO `order_logistics` (`id`, `tenant_id`, `del_flag`, `create_time`, `update_time`, `postal_code`, `user_name`, `tel_num`, `address`, `logistics`, `logistics_desc`, `logistics_no`, `status`, `is_check`, `message`) VALUES ('1451034831223345153', '1', '0', '2021-10-21 11:57:17', '2021-10-21 11:57:17', NULL, 'eryd', '18608415435', '山西省太原市迎泽区仍签名 欠weteqyewy', NULL, NULL, NULL, NULL, NULL, NULL);
INSERT INTO `order_logistics` (`id`, `tenant_id`, `del_flag`, `create_time`, `update_time`, `postal_code`, `user_name`, `tel_num`, `address`, `logistics`, `logistics_desc`, `logistics_no`, `status`, `is_check`, `message`) VALUES ('1451038554968379394', '1', '0', '2021-10-21 12:12:05', '2021-10-21 12:12:05', NULL, 'eryd', '18608415435', '山西省太原市迎泽区仍签名 欠weteqyewy', NULL, NULL, NULL, NULL, NULL, NULL);
INSERT INTO `order_logistics` (`id`, `tenant_id`, `del_flag`, `create_time`, `update_time`, `postal_code`, `user_name`, `tel_num`, `address`, `logistics`, `logistics_desc`, `logistics_no`, `status`, `is_check`, `message`) VALUES ('1453243359547715586', '1', '0', '2021-10-27 14:13:11', '2021-10-27 14:13:11', NULL, 'eryd', '18608415435', '山西省太原市迎泽区仍签名 欠weteqyewy', NULL, NULL, NULL, NULL, NULL, NULL);
INSERT INTO `order_logistics` (`id`, `tenant_id`, `del_flag`, `create_time`, `update_time`, `postal_code`, `user_name`, `tel_num`, `address`, `logistics`, `logistics_desc`, `logistics_no`, `status`, `is_check`, `message`) VALUES ('1453248202521747457', '1', '0', '2021-10-27 14:32:26', '2021-10-27 14:32:26', NULL, 'eryd', '18608415435', '山西省太原市迎泽区仍签名 欠weteqyewy', NULL, NULL, NULL, NULL, NULL, NULL);
INSERT INTO `order_logistics` (`id`, `tenant_id`, `del_flag`, `create_time`, `update_time`, `postal_code`, `user_name`, `tel_num`, `address`, `logistics`, `logistics_desc`, `logistics_no`, `status`, `is_check`, `message`) VALUES ('1455069903295459330', '1', '0', '2021-11-01 15:11:13', '2021-11-01 15:11:13', NULL, 'eryd', '18608415435', '山西省太原市迎泽区仍签名 欠weteqyewy', NULL, NULL, NULL, NULL, NULL, NULL);
INSERT INTO `order_logistics` (`id`, `tenant_id`, `del_flag`, `create_time`, `update_time`, `postal_code`, `user_name`, `tel_num`, `address`, `logistics`, `logistics_desc`, `logistics_no`, `status`, `is_check`, `message`) VALUES ('1455070325640900609', '1', '0', '2021-11-01 15:12:54', '2021-11-01 15:55:49', NULL, 'eryd', '18608415435', '山西省太原市迎泽区仍签名 欠weteqyewy', 'yunda', '韵达快递', '432071515169938', '3', '1', '【代收点】您的快件已签收，签收人在 润和滨江府二期韵达快递超市(樟木路润和滨江府二期建设中月亮岛路89号33栋114商铺)领取');
INSERT INTO `order_logistics` (`id`, `tenant_id`, `del_flag`, `create_time`, `update_time`, `postal_code`, `user_name`, `tel_num`, `address`, `logistics`, `logistics_desc`, `logistics_no`, `status`, `is_check`, `message`) VALUES ('1455075716613349377', '1', '0', '2021-11-01 15:34:19', '2021-11-01 15:34:19', NULL, 'eryd', '18608415435', '山西省太原市迎泽区仍签名 欠weteqyewy', 'yunda', '韵达快递', '432042617177454', '3', '1', '【代收点】您的快件已签收，签收人在 润和滨江府二期韵达快递超市(樟木路润和滨江府二期建设中月亮岛路89号33栋114商铺)领取');
INSERT INTO `order_logistics` (`id`, `tenant_id`, `del_flag`, `create_time`, `update_time`, `postal_code`, `user_name`, `tel_num`, `address`, `logistics`, `logistics_desc`, `logistics_no`, `status`, `is_check`, `message`) VALUES ('1455084625012994050', '1', '0', '2021-11-01 16:09:43', '2021-11-01 16:09:43', NULL, 'eryd', '18608415435', '山西省太原市迎泽区仍签名 欠weteqyewy', NULL, NULL, NULL, NULL, NULL, NULL);
COMMIT;

-- ----------------------------
-- Table structure for order_logistics_detail
-- ----------------------------
DROP TABLE IF EXISTS `order_logistics_detail`;
CREATE TABLE `order_logistics_detail` (
  `id` varchar(32) CHARACTER SET utf8mb4 COLLATE utf8mb4_0900_ai_ci NOT NULL COMMENT 'PK',
  `tenant_id` varchar(32) CHARACTER SET utf8mb4 COLLATE utf8mb4_0900_ai_ci NOT NULL COMMENT '所属租户',
  `del_flag` char(2) CHARACTER SET utf8mb4 COLLATE utf8mb4_0900_ai_ci NOT NULL DEFAULT '0' COMMENT '逻辑删除标记（0：显示；1：隐藏）',
  `create_time` datetime NOT NULL DEFAULT CURRENT_TIMESTAMP COMMENT '创建时间',
  `update_time` timestamp NOT NULL DEFAULT CURRENT_TIMESTAMP ON UPDATE CURRENT_TIMESTAMP COMMENT '最后更新时间',
  `logistics_id` varchar(32) CHARACTER SET utf8mb4 COLLATE utf8mb4_0900_ai_ci NOT NULL COMMENT '物流id',
  `logistics_time` datetime NOT NULL COMMENT '物流时间',
  `logistics_information` varchar(500) CHARACTER SET utf8mb4 COLLATE utf8mb4_0900_ai_ci NOT NULL COMMENT '物流信息',
  PRIMARY KEY (`id`) USING BTREE,
  KEY `ids_tenant_id` (`tenant_id`) USING BTREE
) ENGINE=InnoDB DEFAULT CHARSET=utf8mb4 COLLATE=utf8mb4_0900_ai_ci ROW_FORMAT=DYNAMIC COMMENT='订单物流详情表';

-- ----------------------------
-- Records of order_logistics_detail
-- ----------------------------
BEGIN;
INSERT INTO `order_logistics_detail` (`id`, `tenant_id`, `del_flag`, `create_time`, `update_time`, `logistics_id`, `logistics_time`, `logistics_information`) VALUES ('1455077306594304001', '1', '0', '2021-11-01 15:40:38', '2021-11-01 15:40:38', '1455070325640900609', '2021-10-03 10:42:53', '【代收点】您的快件已签收，签收人在 润和滨江府二期韵达快递超市(樟木路润和滨江府二期建设中月亮岛路89号33栋114商铺)领取');
INSERT INTO `order_logistics_detail` (`id`, `tenant_id`, `del_flag`, `create_time`, `update_time`, `logistics_id`, `logistics_time`, `logistics_information`) VALUES ('1455077306602692609', '1', '0', '2021-11-01 15:40:38', '2021-11-01 15:40:38', '1455070325640900609', '2021-10-03 10:16:06', '【代收点】您的快件已暂存至 润和滨江府二期韵达快递超市，地址：樟木路润和滨江府二期建设中月亮岛路89号33栋114商铺，请及时领取，如有疑问请电联快递员:姚奥莉(16607499948) ');
INSERT INTO `order_logistics_detail` (`id`, `tenant_id`, `del_flag`, `create_time`, `update_time`, `logistics_id`, `logistics_time`, `logistics_information`) VALUES ('1455077306602692610', '1', '0', '2021-11-01 15:40:38', '2021-11-01 15:40:38', '1455070325640900609', '2021-10-03 07:35:59', '【长沙市】湖南长沙新望城公司[0731-89593097] 快递员 姚奥莉（16607499948） 正在为您派送。快件已消毒，小哥体温正常，将佩戴口罩为您派送，您也可联系小哥将快件放置指定代收点或快递柜，祝您身体健康【95121为韵达快递员外呼专属号码，请放心接听】');
INSERT INTO `order_logistics_detail` (`id`, `tenant_id`, `del_flag`, `create_time`, `update_time`, `logistics_id`, `logistics_time`, `logistics_information`) VALUES ('1455077306602692611', '1', '0', '2021-11-01 15:40:38', '2021-11-01 15:40:38', '1455070325640900609', '2021-10-03 06:59:48', '【长沙市】已到达 湖南长沙新望城公司[0731-89593097]');
INSERT INTO `order_logistics_detail` (`id`, `tenant_id`, `del_flag`, `create_time`, `update_time`, `logistics_id`, `logistics_time`, `logistics_information`) VALUES ('1455077306602692612', '1', '0', '2021-11-01 15:40:38', '2021-11-01 15:40:38', '1455070325640900609', '2021-10-03 06:37:11', '【长沙市】已到达 湖南长沙新望城公司[0731-89593097]');
INSERT INTO `order_logistics_detail` (`id`, `tenant_id`, `del_flag`, `create_time`, `update_time`, `logistics_id`, `logistics_time`, `logistics_information`) VALUES ('1455077306602692613', '1', '0', '2021-11-01 15:40:38', '2021-11-01 15:40:38', '1455070325640900609', '2021-10-02 20:28:05', '【长沙市】已离开 湖南长沙分拨交付中心；发往 湖南长沙新望城公司');
INSERT INTO `order_logistics_detail` (`id`, `tenant_id`, `del_flag`, `create_time`, `update_time`, `logistics_id`, `logistics_time`, `logistics_information`) VALUES ('1455077306602692614', '1', '0', '2021-11-01 15:40:38', '2021-11-01 15:40:38', '1455070325640900609', '2021-10-02 20:05:02', '【长沙市】已到达 湖南长沙分拨交付中心');
INSERT INTO `order_logistics_detail` (`id`, `tenant_id`, `del_flag`, `create_time`, `update_time`, `logistics_id`, `logistics_time`, `logistics_information`) VALUES ('1455077306611081217', '1', '0', '2021-11-01 15:40:38', '2021-11-01 15:40:38', '1455070325640900609', '2021-10-01 21:49:29', '【东莞市】已离开 广东东莞分拨交付中心；发往 湖南长沙分拨交付中心');
INSERT INTO `order_logistics_detail` (`id`, `tenant_id`, `del_flag`, `create_time`, `update_time`, `logistics_id`, `logistics_time`, `logistics_information`) VALUES ('1455077306611081218', '1', '0', '2021-11-01 15:40:38', '2021-11-01 15:40:38', '1455070325640900609', '2021-10-01 21:47:51', '【东莞市】已到达 广东东莞分拨交付中心');
INSERT INTO `order_logistics_detail` (`id`, `tenant_id`, `del_flag`, `create_time`, `update_time`, `logistics_id`, `logistics_time`, `logistics_information`) VALUES ('1455077306611081219', '1', '0', '2021-11-01 15:40:38', '2021-11-01 15:40:38', '1455070325640900609', '2021-10-01 14:48:12', '【东莞市】已离开 东莞区东莞分拨营销市场部；发往 广东东莞分拨交付中心');
INSERT INTO `order_logistics_detail` (`id`, `tenant_id`, `del_flag`, `create_time`, `update_time`, `logistics_id`, `logistics_time`, `logistics_information`) VALUES ('1455077306611081220', '1', '0', '2021-11-01 15:40:38', '2021-11-01 15:40:38', '1455070325640900609', '2021-10-01 14:39:41', '【东莞市】东莞区东莞分拨营销市场部-吴家敏（13532178784） 已揽收');
INSERT INTO `order_logistics_detail` (`id`, `tenant_id`, `del_flag`, `create_time`, `update_time`, `logistics_id`, `logistics_time`, `logistics_information`) VALUES ('1455081512042569729', '1', '0', '2021-11-01 15:57:21', '2021-11-01 15:57:21', '1455075716613349377', '2021-09-20 11:13:30', '【代收点】您的快件已签收，签收人在 润和滨江府二期韵达快递超市(樟木路润和滨江府二期建设中月亮岛路89号33栋114商铺)领取');
INSERT INTO `order_logistics_detail` (`id`, `tenant_id`, `del_flag`, `create_time`, `update_time`, `logistics_id`, `logistics_time`, `logistics_information`) VALUES ('1455081512050958337', '1', '0', '2021-11-01 15:57:21', '2021-11-01 15:57:21', '1455075716613349377', '2021-09-19 19:35:42', '【代收点】您的快件已暂存至 润和滨江府二期韵达快递超市，地址：樟木路润和滨江府二期建设中月亮岛路89号33栋114商铺，请及时领取，如有疑问请电联快递员:姚奥莉(16607499948) ');
INSERT INTO `order_logistics_detail` (`id`, `tenant_id`, `del_flag`, `create_time`, `update_time`, `logistics_id`, `logistics_time`, `logistics_information`) VALUES ('1455081512050958338', '1', '0', '2021-11-01 15:57:21', '2021-11-01 15:57:21', '1455075716613349377', '2021-09-19 17:01:28', '【长沙市】湖南长沙新望城公司[0731-89593097] 快递员 姚奥莉（16607499948） 正在为您派送。快件已消毒，小哥体温正常，将佩戴口罩为您派送，您也可联系小哥将快件放置指定代收点或快递柜，祝您身体健康【95121为韵达快递员外呼专属号码，请放心接听】');
INSERT INTO `order_logistics_detail` (`id`, `tenant_id`, `del_flag`, `create_time`, `update_time`, `logistics_id`, `logistics_time`, `logistics_information`) VALUES ('1455081512050958339', '1', '0', '2021-11-01 15:57:21', '2021-11-01 15:57:21', '1455075716613349377', '2021-09-19 17:00:32', '【长沙市】已到达 湖南长沙新望城公司[0731-89593097]');
INSERT INTO `order_logistics_detail` (`id`, `tenant_id`, `del_flag`, `create_time`, `update_time`, `logistics_id`, `logistics_time`, `logistics_information`) VALUES ('1455081512050958340', '1', '0', '2021-11-01 15:57:21', '2021-11-01 15:57:21', '1455075716613349377', '2021-09-19 16:52:48', '【长沙市】已到达 湖南长沙新望城公司[0731-89593097]');
INSERT INTO `order_logistics_detail` (`id`, `tenant_id`, `del_flag`, `create_time`, `update_time`, `logistics_id`, `logistics_time`, `logistics_information`) VALUES ('1455081512059346946', '1', '0', '2021-11-01 15:57:21', '2021-11-01 15:57:21', '1455075716613349377', '2021-09-19 13:14:49', '【长沙市】已离开 湖南长沙分拨交付中心；发往 湖南长沙新望城公司');
INSERT INTO `order_logistics_detail` (`id`, `tenant_id`, `del_flag`, `create_time`, `update_time`, `logistics_id`, `logistics_time`, `logistics_information`) VALUES ('1455081512059346947', '1', '0', '2021-11-01 15:57:21', '2021-11-01 15:57:21', '1455075716613349377', '2021-09-19 13:01:39', '【长沙市】已到达 湖南长沙分拨交付中心');
INSERT INTO `order_logistics_detail` (`id`, `tenant_id`, `del_flag`, `create_time`, `update_time`, `logistics_id`, `logistics_time`, `logistics_information`) VALUES ('1455081512059346948', '1', '0', '2021-11-01 15:57:21', '2021-11-01 15:57:21', '1455075716613349377', '2021-09-18 16:47:48', '【徐州市】已离开 江苏徐州分拨交付中心；发往 湖南长沙分拨交付中心');
INSERT INTO `order_logistics_detail` (`id`, `tenant_id`, `del_flag`, `create_time`, `update_time`, `logistics_id`, `logistics_time`, `logistics_information`) VALUES ('1455081512059346949', '1', '0', '2021-11-01 15:57:21', '2021-11-01 15:57:21', '1455075716613349377', '2021-09-18 16:44:21', '【徐州市】已到达 江苏徐州分拨交付中心');
INSERT INTO `order_logistics_detail` (`id`, `tenant_id`, `del_flag`, `create_time`, `update_time`, `logistics_id`, `logistics_time`, `logistics_information`) VALUES ('1455081512059346950', '1', '0', '2021-11-01 15:57:21', '2021-11-01 15:57:21', '1455075716613349377', '2021-09-18 16:37:37', '【徐州市】已离开 江苏徐州公司；发往 湖南长沙地区包');
INSERT INTO `order_logistics_detail` (`id`, `tenant_id`, `del_flag`, `create_time`, `update_time`, `logistics_id`, `logistics_time`, `logistics_information`) VALUES ('1455081512059346951', '1', '0', '2021-11-01 15:57:21', '2021-11-01 15:57:21', '1455075716613349377', '2021-09-18 16:33:23', '【徐州市】江苏徐州公司-王后峰（0516-66995041|0516-66995041） 已揽收');
INSERT INTO `order_logistics_detail` (`id`, `tenant_id`, `del_flag`, `create_time`, `update_time`, `logistics_id`, `logistics_time`, `logistics_information`) VALUES ('1455081512059346952', '1', '0', '2021-11-01 15:57:21', '2021-11-01 15:57:21', '1455075716613349377', '2021-09-18 12:40:37', '【徐州市】江苏徐州公司勇翔服务部-孙强（13775928199） 已揽收');
COMMIT;

-- ----------------------------
-- Table structure for order_refunds
-- ----------------------------
DROP TABLE IF EXISTS `order_refunds`;
CREATE TABLE `order_refunds` (
  `id` varchar(32) CHARACTER SET utf8mb4 COLLATE utf8mb4_0900_ai_ci NOT NULL COMMENT 'PK',
  `tenant_id` varchar(32) CHARACTER SET utf8mb4 COLLATE utf8mb4_0900_ai_ci NOT NULL COMMENT '所属租户',
  `shop_id` varchar(32) CHARACTER SET utf8mb4 COLLATE utf8mb4_0900_ai_ci NOT NULL COMMENT '店铺Id',
  `del_flag` char(2) CHARACTER SET utf8mb4 COLLATE utf8mb4_0900_ai_ci NOT NULL DEFAULT '0' COMMENT '逻辑删除标记（0：显示；1：隐藏）',
  `create_time` datetime NOT NULL DEFAULT CURRENT_TIMESTAMP COMMENT '创建时间',
  `update_time` timestamp NOT NULL DEFAULT CURRENT_TIMESTAMP ON UPDATE CURRENT_TIMESTAMP COMMENT '最后更新时间',
  `create_id` varchar(32) CHARACTER SET utf8mb3 COLLATE utf8mb3_general_ci DEFAULT NULL COMMENT '创建者ID',
  `order_id` varchar(32) CHARACTER SET utf8mb4 COLLATE utf8mb4_0900_ai_ci NOT NULL COMMENT '订单ID',
  `order_item_id` varchar(32) DEFAULT NULL COMMENT '订单详情ID',
  `status` char(6) CHARACTER SET utf8mb4 COLLATE utf8mb4_0900_ai_ci DEFAULT NULL COMMENT '退款状态0：撤销退换申请；1：退款申请中；11、同意退款；12、拒绝退款；2：退货退款申请中；21：同意退货退款/退货中；22：拒绝退货退款；211：收到退货同意退款；212：收到退货拒绝退款',
  `refund_amount` decimal(10,2) NOT NULL COMMENT '退款金额',
  `refund_trade_no` varchar(64) CHARACTER SET utf8mb4 COLLATE utf8mb4_0900_ai_ci DEFAULT NULL COMMENT '退款流水号',
  `refund_reson` varchar(200) CHARACTER SET utf8mb4 COLLATE utf8mb4_0900_ai_ci DEFAULT NULL COMMENT '退款原因',
  `refuse_refund_reson` varchar(200) CHARACTER SET utf8mb4 COLLATE utf8mb4_0900_ai_ci DEFAULT NULL COMMENT '拒绝退款原因',
  PRIMARY KEY (`id`) USING BTREE,
  KEY `ids_tenant_id` (`tenant_id`) USING BTREE,
  KEY `ids_order_id` (`tenant_id`,`order_id`,`order_item_id`)
) ENGINE=InnoDB DEFAULT CHARSET=utf8mb4 COLLATE=utf8mb4_0900_ai_ci ROW_FORMAT=DYNAMIC COMMENT='订单退款记录表';

-- ----------------------------
-- Records of order_refunds
-- ----------------------------
BEGIN;
INSERT INTO `order_refunds` (`id`, `tenant_id`, `shop_id`, `del_flag`, `create_time`, `update_time`, `create_id`, `order_id`, `order_item_id`, `status`, `refund_amount`, `refund_trade_no`, `refund_reson`, `refuse_refund_reson`) VALUES ('1390491220269137921', '1', '1261193346845495297', '0', '2021-05-07 10:18:35', '2021-05-07 10:19:40', NULL, '1390490908309389314', '1390490908326166530', '11', 6.00, '50301108292021050708608459831', 'etwwet', NULL);
INSERT INTO `order_refunds` (`id`, `tenant_id`, `shop_id`, `del_flag`, `create_time`, `update_time`, `create_id`, `order_id`, `order_item_id`, `status`, `refund_amount`, `refund_trade_no`, `refund_reson`, `refuse_refund_reson`) VALUES ('1390493570929078273', '1', '1261193346845495297', '0', '2021-05-07 10:27:56', '2021-05-07 10:28:54', NULL, '1390493173443276802', '1390493173564911618', '11', 6.00, '50300808082021050708608467550', 'wetewt', NULL);
INSERT INTO `order_refunds` (`id`, `tenant_id`, `shop_id`, `del_flag`, `create_time`, `update_time`, `create_id`, `order_id`, `order_item_id`, `status`, `refund_amount`, `refund_trade_no`, `refund_reson`, `refuse_refund_reson`) VALUES ('1390493612096172034', '1', '1261193346845495297', '0', '2021-05-07 10:28:05', '2021-05-07 10:29:01', NULL, '1390492703710576641', '1390492703819628546', '11', 6.00, '50301308012021050708603679053', 'wqetqwt', NULL);
INSERT INTO `order_refunds` (`id`, `tenant_id`, `shop_id`, `del_flag`, `create_time`, `update_time`, `create_id`, `order_id`, `order_item_id`, `status`, `refund_amount`, `refund_trade_no`, `refund_reson`, `refuse_refund_reson`) VALUES ('1390493651170308097', '1', '1261193346845495297', '0', '2021-05-07 10:28:15', '2021-05-07 10:29:08', NULL, '1390492358636797953', '1390492358636797954', '11', 6.00, '50301408272021050708604829861', 'wetwqt', NULL);
INSERT INTO `order_refunds` (`id`, `tenant_id`, `shop_id`, `del_flag`, `create_time`, `update_time`, `create_id`, `order_id`, `order_item_id`, `status`, `refund_amount`, `refund_trade_no`, `refund_reson`, `refuse_refund_reson`) VALUES ('1390493699937480705', '1', '1261193346845495297', '0', '2021-05-07 10:28:26', '2021-05-07 10:29:20', NULL, '1390491533759807490', '1390491533759807491', '11', 6.00, '50301608252021050708606666109', 'etwqt', NULL);
INSERT INTO `order_refunds` (`id`, `tenant_id`, `shop_id`, `del_flag`, `create_time`, `update_time`, `create_id`, `order_id`, `order_item_id`, `status`, `refund_amount`, `refund_trade_no`, `refund_reson`, `refuse_refund_reson`) VALUES ('1390875248566550529', '1', '1261193346845495297', '0', '2021-05-08 11:44:35', '2021-05-08 11:45:21', NULL, '1390873516503560194', '1390873516545503234', '11', 6.00, '50301508022021050808620054183', 'aasgasg', NULL);
INSERT INTO `order_refunds` (`id`, `tenant_id`, `shop_id`, `del_flag`, `create_time`, `update_time`, `create_id`, `order_id`, `order_item_id`, `status`, `refund_amount`, `refund_trade_no`, `refund_reson`, `refuse_refund_reson`) VALUES ('1390875292694822914', '1', '1261193346845495297', '0', '2021-05-08 11:44:45', '2021-05-08 11:45:29', NULL, '1390873516503560194', '1390873516545503235', '11', 6.00, '50301508022021050808619495007', 'wetewy', NULL);
INSERT INTO `order_refunds` (`id`, `tenant_id`, `shop_id`, `del_flag`, `create_time`, `update_time`, `create_id`, `order_id`, `order_item_id`, `status`, `refund_amount`, `refund_trade_no`, `refund_reson`, `refuse_refund_reson`) VALUES ('1390882268980002818', '1', '1261193346845495297', '0', '2021-05-08 12:12:28', '2021-05-08 12:13:29', NULL, '1390875534970404866', '1390875534999764994', '11', 6.00, '50301008032021050808627136981', '2222', NULL);
INSERT INTO `order_refunds` (`id`, `tenant_id`, `shop_id`, `del_flag`, `create_time`, `update_time`, `create_id`, `order_id`, `order_item_id`, `status`, `refund_amount`, `refund_trade_no`, `refund_reson`, `refuse_refund_reson`) VALUES ('1390882306577743873', '1', '1261193346845495297', '0', '2021-05-08 12:12:37', '2021-05-08 12:13:36', NULL, '1390875534970404866', '1390875535008153601', '11', 5.00, '50301008032021050808627137055', '4884', NULL);
INSERT INTO `order_refunds` (`id`, `tenant_id`, `shop_id`, `del_flag`, `create_time`, `update_time`, `create_id`, `order_id`, `order_item_id`, `status`, `refund_amount`, `refund_trade_no`, `refund_reson`, `refuse_refund_reson`) VALUES ('1390882368271761409', '1', '1261193346845495297', '0', '2021-05-08 12:12:52', '2021-05-08 12:13:47', NULL, '1390494491822075905', '1390494491838853121', '11', 6.00, '50301108042021050808622472604', '54846', NULL);
INSERT INTO `order_refunds` (`id`, `tenant_id`, `shop_id`, `del_flag`, `create_time`, `update_time`, `create_id`, `order_id`, `order_item_id`, `status`, `refund_amount`, `refund_trade_no`, `refund_reson`, `refuse_refund_reson`) VALUES ('1390882433757429761', '1', '1261193346845495297', '0', '2021-05-08 12:13:08', '2021-05-08 12:13:55', NULL, '1390494491822075905', '1390494491838853122', '11', 10.00, '50301108042021050808620686692', '46546', NULL);
INSERT INTO `order_refunds` (`id`, `tenant_id`, `shop_id`, `del_flag`, `create_time`, `update_time`, `create_id`, `order_id`, `order_item_id`, `status`, `refund_amount`, `refund_trade_no`, `refund_reson`, `refuse_refund_reson`) VALUES ('1392055735376957442', '1', '1261193346845495297', '0', '2021-05-11 17:55:25', '2021-05-11 18:01:09', NULL, '1392055441230417922', '1392055441280749570', '11', 6.00, '50301008282021051108713964428', 'ertuerueu', NULL);
INSERT INTO `order_refunds` (`id`, `tenant_id`, `shop_id`, `del_flag`, `create_time`, `update_time`, `create_id`, `order_id`, `order_item_id`, `status`, `refund_amount`, `refund_trade_no`, `refund_reson`, `refuse_refund_reson`) VALUES ('1392059250631577602', '1', '1261193346845495297', '0', '2021-05-11 18:09:23', '2021-05-11 18:09:53', NULL, '1392055441230417922', '1392055441280749571', '11', 6.00, '50301008282021051108729051902', 'etyiirti', NULL);
INSERT INTO `order_refunds` (`id`, `tenant_id`, `shop_id`, `del_flag`, `create_time`, `update_time`, `create_id`, `order_id`, `order_item_id`, `status`, `refund_amount`, `refund_trade_no`, `refund_reson`, `refuse_refund_reson`) VALUES ('1445688874075963394', '1', '1261193346845495297', '0', '2021-10-06 17:54:21', '2021-10-06 19:49:38', NULL, '1445660080619474945', '1445660080703361026', '11', 0.03, NULL, '不要了', NULL);
INSERT INTO `order_refunds` (`id`, `tenant_id`, `shop_id`, `del_flag`, `create_time`, `update_time`, `create_id`, `order_id`, `order_item_id`, `status`, `refund_amount`, `refund_trade_no`, `refund_reson`, `refuse_refund_reson`) VALUES ('1445738073660436482', '1', '1261176336950480898', '0', '2021-10-06 21:09:51', '2021-10-06 21:10:34', NULL, '1445737956442222593', '1445737956471582721', '11', 0.03, '50301509722021100613134707355', '56656', NULL);
INSERT INTO `order_refunds` (`id`, `tenant_id`, `shop_id`, `del_flag`, `create_time`, `update_time`, `create_id`, `order_id`, `order_item_id`, `status`, `refund_amount`, `refund_trade_no`, `refund_reson`, `refuse_refund_reson`) VALUES ('1445739367997485057', '1', '1261176336950480898', '0', '2021-10-06 21:15:00', '2021-10-06 21:16:43', NULL, '1445739260036100098', '1445739260115791874', '11', 0.03, '50301409652021100613127752452', 'qetqt', NULL);
INSERT INTO `order_refunds` (`id`, `tenant_id`, `shop_id`, `del_flag`, `create_time`, `update_time`, `create_id`, `order_id`, `order_item_id`, `status`, `refund_amount`, `refund_trade_no`, `refund_reson`, `refuse_refund_reson`) VALUES ('1445742329171865602', '1', '1261176336950480898', '0', '2021-10-06 21:26:46', '2021-10-06 21:27:05', NULL, '1445742213430046721', '1445742213522321409', '11', 0.03, '50301409852021100613118831105', 'sdgsa', NULL);
INSERT INTO `order_refunds` (`id`, `tenant_id`, `shop_id`, `del_flag`, `create_time`, `update_time`, `create_id`, `order_id`, `order_item_id`, `status`, `refund_amount`, `refund_trade_no`, `refund_reson`, `refuse_refund_reson`) VALUES ('1445950261025124353', '1', '1261176336950480898', '0', '2021-10-07 11:13:01', '2021-10-07 11:13:15', NULL, '1445950100563636226', '1445950100597190658', '11', 0.03, '50301109762021100713141488094', 'sdghs', NULL);
INSERT INTO `order_refunds` (`id`, `tenant_id`, `shop_id`, `del_flag`, `create_time`, `update_time`, `create_id`, `order_id`, `order_item_id`, `status`, `refund_amount`, `refund_trade_no`, `refund_reson`, `refuse_refund_reson`) VALUES ('1445951267410620418', '1', '1261176336950480898', '0', '2021-10-07 11:17:01', '2021-10-07 11:17:15', NULL, '1445951116059160578', '1445951116126269442', '11', 0.03, '1445951116045975552', 'asdgsdet', NULL);
INSERT INTO `order_refunds` (`id`, `tenant_id`, `shop_id`, `del_flag`, `create_time`, `update_time`, `create_id`, `order_id`, `order_item_id`, `status`, `refund_amount`, `refund_trade_no`, `refund_reson`, `refuse_refund_reson`) VALUES ('1445952135094620162', '1', '1261176336950480898', '0', '2021-10-07 11:20:28', '2021-10-07 11:20:28', NULL, '1445951981415321602', '1445951981415321603', '1', 0.03, '1445951981389611008', 'drhwerywe', NULL);
INSERT INTO `order_refunds` (`id`, `tenant_id`, `shop_id`, `del_flag`, `create_time`, `update_time`, `create_id`, `order_id`, `order_item_id`, `status`, `refund_amount`, `refund_trade_no`, `refund_reson`, `refuse_refund_reson`) VALUES ('1445956072736669698', '1', '1261176336950480898', '0', '2021-10-07 11:36:06', '2021-10-07 11:36:54', NULL, '1445955960140578817', '1445955960207687682', '11', 0.03, '1445955960118968320', '受保护', NULL);
INSERT INTO `order_refunds` (`id`, `tenant_id`, `shop_id`, `del_flag`, `create_time`, `update_time`, `create_id`, `order_id`, `order_item_id`, `status`, `refund_amount`, `refund_trade_no`, `refund_reson`, `refuse_refund_reson`) VALUES ('1445956962109358081', '1', '1261176336950480898', '0', '2021-10-07 11:39:39', '2021-10-07 11:39:39', NULL, '1445956733683367937', '1445956733716922370', '1', 0.20, '1445956733523460096', '基人', NULL);
INSERT INTO `order_refunds` (`id`, `tenant_id`, `shop_id`, `del_flag`, `create_time`, `update_time`, `create_id`, `order_id`, `order_item_id`, `status`, `refund_amount`, `refund_trade_no`, `refund_reson`, `refuse_refund_reson`) VALUES ('1446008886984777729', '1', '1261176336950480898', '0', '2021-10-07 15:05:58', '2021-10-07 15:05:58', NULL, '1445956733683367937', '1445956733716922371', '1', 0.03, '1445956733523460096', '二爷', NULL);
INSERT INTO `order_refunds` (`id`, `tenant_id`, `shop_id`, `del_flag`, `create_time`, `update_time`, `create_id`, `order_id`, `order_item_id`, `status`, `refund_amount`, `refund_trade_no`, `refund_reson`, `refuse_refund_reson`) VALUES ('1446026291299557378', '1', '1261176336950480898', '0', '2021-10-07 16:15:08', '2021-10-07 16:15:08', NULL, '1446026188379725826', '1446026188379725827', '1', 0.03, '1446026291299557378', '45457543', NULL);
INSERT INTO `order_refunds` (`id`, `tenant_id`, `shop_id`, `del_flag`, `create_time`, `update_time`, `create_id`, `order_id`, `order_item_id`, `status`, `refund_amount`, `refund_trade_no`, `refund_reson`, `refuse_refund_reson`) VALUES ('1446027322125262850', '1', '1261176336950480898', '0', '2021-10-07 16:19:14', '2021-10-07 16:19:14', NULL, '1446027073105240065', '1446027073163960321', '1', 0.03, '1446027322125262850', '而业务员', NULL);
INSERT INTO `order_refunds` (`id`, `tenant_id`, `shop_id`, `del_flag`, `create_time`, `update_time`, `create_id`, `order_id`, `order_item_id`, `status`, `refund_amount`, `refund_trade_no`, `refund_reson`, `refuse_refund_reson`) VALUES ('1446028082468691969', '1', '1261176336950480898', '0', '2021-10-07 16:22:15', '2021-10-07 16:22:15', NULL, '1446028000335831041', '1446028000335831042', '1', 0.03, '1446028082468691969', '4745747', NULL);
INSERT INTO `order_refunds` (`id`, `tenant_id`, `shop_id`, `del_flag`, `create_time`, `update_time`, `create_id`, `order_id`, `order_item_id`, `status`, `refund_amount`, `refund_trade_no`, `refund_reson`, `refuse_refund_reson`) VALUES ('1446029486809751554', '1', '1261176336950480898', '0', '2021-10-07 16:27:50', '2021-10-07 16:27:50', NULL, '1446029400151236609', '1446029400209956866', '1', 0.03, '1446029486809751554', '而引起', NULL);
INSERT INTO `order_refunds` (`id`, `tenant_id`, `shop_id`, `del_flag`, `create_time`, `update_time`, `create_id`, `order_id`, `order_item_id`, `status`, `refund_amount`, `refund_trade_no`, `refund_reson`, `refuse_refund_reson`) VALUES ('1446030816219570178', '1', '1261176336950480898', '0', '2021-10-07 16:33:07', '2021-10-07 16:33:07', NULL, '1446030725752627202', '1446030725765210113', '1', 0.03, '1446030816219570178', '34626', NULL);
INSERT INTO `order_refunds` (`id`, `tenant_id`, `shop_id`, `del_flag`, `create_time`, `update_time`, `create_id`, `order_id`, `order_item_id`, `status`, `refund_amount`, `refund_trade_no`, `refund_reson`, `refuse_refund_reson`) VALUES ('1446034774203899905', '1', '1261176336950480898', '0', '2021-10-07 16:48:50', '2021-10-07 16:49:00', NULL, '1446034634869121026', '1446034634877509634', '11', 0.03, '50301009842021100713155167596', '你爱我43 ', NULL);
INSERT INTO `order_refunds` (`id`, `tenant_id`, `shop_id`, `del_flag`, `create_time`, `update_time`, `create_id`, `order_id`, `order_item_id`, `status`, `refund_amount`, `refund_trade_no`, `refund_reson`, `refuse_refund_reson`) VALUES ('1446035232561635330', '1', '1261176336950480898', '0', '2021-10-07 16:50:40', '2021-10-07 16:50:50', NULL, '1446035140777680898', '1446035140836401154', '11', 0.03, '50301609772021100713145823393', '爱的就是你主', NULL);
INSERT INTO `order_refunds` (`id`, `tenant_id`, `shop_id`, `del_flag`, `create_time`, `update_time`, `create_id`, `order_id`, `order_item_id`, `status`, `refund_amount`, `refund_trade_no`, `refund_reson`, `refuse_refund_reson`) VALUES ('1446036011955593217', '1', '1261176336950480898', '0', '2021-10-07 16:53:45', '2021-10-07 16:54:03', NULL, '1446035921157300226', '1446035921178271745', '211', 0.03, '50301409832021100713156831592', '34636', NULL);
INSERT INTO `order_refunds` (`id`, `tenant_id`, `shop_id`, `del_flag`, `create_time`, `update_time`, `create_id`, `order_id`, `order_item_id`, `status`, `refund_amount`, `refund_trade_no`, `refund_reson`, `refuse_refund_reson`) VALUES ('1446038324069867521', '1', '1261176336950480898', '0', '2021-10-07 17:02:57', '2021-10-07 17:03:10', NULL, '1446038227672178689', '1446038227701538818', '11', 0.03, '1446038324069867521', '销售管理3 ', NULL);
INSERT INTO `order_refunds` (`id`, `tenant_id`, `shop_id`, `del_flag`, `create_time`, `update_time`, `create_id`, `order_id`, `order_item_id`, `status`, `refund_amount`, `refund_trade_no`, `refund_reson`, `refuse_refund_reson`) VALUES ('1446325197799428098', '1', '1261176336950480898', '0', '2021-10-08 12:02:53', '2021-10-08 12:03:35', NULL, '1446325070154174466', '1446325070242254850', '11', 0.03, '1446325197799428098', '哦哦哦', NULL);
INSERT INTO `order_refunds` (`id`, `tenant_id`, `shop_id`, `del_flag`, `create_time`, `update_time`, `create_id`, `order_id`, `order_item_id`, `status`, `refund_amount`, `refund_trade_no`, `refund_reson`, `refuse_refund_reson`) VALUES ('1446326573543821314', '1', '1261176336950480898', '0', '2021-10-08 12:08:21', '2021-10-08 12:08:42', NULL, '1446326472645644290', '1446326472716947457', '211', 0.03, '1446326573543821314', '禁言套餐', NULL);
INSERT INTO `order_refunds` (`id`, `tenant_id`, `shop_id`, `del_flag`, `create_time`, `update_time`, `create_id`, `order_id`, `order_item_id`, `status`, `refund_amount`, `refund_trade_no`, `refund_reson`, `refuse_refund_reson`) VALUES ('1446327467698130946', '1', '1261176336950480898', '0', '2021-10-08 12:11:54', '2021-10-08 12:12:16', NULL, '1446327238890459137', '1446327238991122434', '11', 0.03, '1446327467698130946', '1444588', NULL);
INSERT INTO `order_refunds` (`id`, `tenant_id`, `shop_id`, `del_flag`, `create_time`, `update_time`, `create_id`, `order_id`, `order_item_id`, `status`, `refund_amount`, `refund_trade_no`, `refund_reson`, `refuse_refund_reson`) VALUES ('1446328757295616001', '1', '1261176336950480898', '0', '2021-10-08 12:17:01', '2021-10-08 12:17:25', NULL, '1446328615679135746', '1446328615687524353', '11', 0.03, '1446328757295616001', '阿库娅', NULL);
INSERT INTO `order_refunds` (`id`, `tenant_id`, `shop_id`, `del_flag`, `create_time`, `update_time`, `create_id`, `order_id`, `order_item_id`, `status`, `refund_amount`, `refund_trade_no`, `refund_reson`, `refuse_refund_reson`) VALUES ('1446329311015047170', '1', '1261176336950480898', '0', '2021-10-08 12:19:13', '2021-10-08 12:19:23', NULL, '1446329231524597761', '1446329231549763585', '11', 0.03, '1446329311015047170', '克隆', NULL);
INSERT INTO `order_refunds` (`id`, `tenant_id`, `shop_id`, `del_flag`, `create_time`, `update_time`, `create_id`, `order_id`, `order_item_id`, `status`, `refund_amount`, `refund_trade_no`, `refund_reson`, `refuse_refund_reson`) VALUES ('1446329770803040257', '1', '1261176336950480898', '0', '2021-10-08 12:21:03', '2021-10-08 12:23:38', NULL, '1446329683683151873', '1446329683691540482', '211', 0.03, '1446329770803040257', '某些', NULL);
INSERT INTO `order_refunds` (`id`, `tenant_id`, `shop_id`, `del_flag`, `create_time`, `update_time`, `create_id`, `order_id`, `order_item_id`, `status`, `refund_amount`, `refund_trade_no`, `refund_reson`, `refuse_refund_reson`) VALUES ('1446330667872391169', '1', '1261176336950480898', '0', '2021-10-08 12:24:37', '2021-10-08 12:24:50', NULL, '1446330582254063618', '1446330582325366785', '211', 0.03, '1446330667872391169', '螺母滑丝', NULL);
INSERT INTO `order_refunds` (`id`, `tenant_id`, `shop_id`, `del_flag`, `create_time`, `update_time`, `create_id`, `order_id`, `order_item_id`, `status`, `refund_amount`, `refund_trade_no`, `refund_reson`, `refuse_refund_reson`) VALUES ('1446331128465690625', '1', '1261176336950480898', '0', '2021-10-08 12:26:27', '2021-10-08 12:26:45', NULL, '1446330997385302018', '1446330997385302019', '211', 0.03, '50301509802021100813164528944', 'lk;k;oip', NULL);
COMMIT;

-- ----------------------------
-- Table structure for page_devise
-- ----------------------------
DROP TABLE IF EXISTS `page_devise`;
CREATE TABLE `page_devise` (
  `id` varchar(32) CHARACTER SET utf8mb4 COLLATE utf8mb4_0900_ai_ci NOT NULL COMMENT 'PK',
  `create_time` datetime NOT NULL DEFAULT CURRENT_TIMESTAMP COMMENT '创建时间',
  `update_time` timestamp NOT NULL DEFAULT CURRENT_TIMESTAMP ON UPDATE CURRENT_TIMESTAMP COMMENT '最后更新时间',
  `tenant_id` varchar(32) CHARACTER SET utf8mb4 COLLATE utf8mb4_0900_ai_ci NOT NULL COMMENT '所属租户',
  `page_type` char(1) NOT NULL COMMENT '页面分类（1；商城首页；2：店铺首页）',
  `page_name` varchar(200) CHARACTER SET utf8mb4 COLLATE utf8mb4_0900_ai_ci NOT NULL DEFAULT '' COMMENT '页面名字',
  `page_component` longtext NOT NULL COMMENT '页面内容',
  `enable` char(2) CHARACTER SET utf8mb4 COLLATE utf8mb4_0900_ai_ci NOT NULL DEFAULT '1' COMMENT '是否启用1、是；0否',
  `shop_id` varchar(32) CHARACTER SET utf8mb4 COLLATE utf8mb4_0900_ai_ci NOT NULL DEFAULT '-1' COMMENT '店铺Id（-1为商城页面）',
  `client_type` char(10) CHARACTER SET utf8mb4 COLLATE utf8mb4_0900_ai_ci NOT NULL DEFAULT '-1' COMMENT '应用类型（H5、APP、MA、H5-PC）',
  PRIMARY KEY (`id`) USING BTREE,
  UNIQUE KEY `uk_page_type` (`tenant_id`,`page_type`,`shop_id`,`client_type`),
  KEY `ids_tenant_id` (`tenant_id`) USING BTREE
) ENGINE=InnoDB DEFAULT CHARSET=utf8mb4 COLLATE=utf8mb4_0900_ai_ci ROW_FORMAT=DYNAMIC COMMENT='页面设计表';

-- ----------------------------
-- Records of page_devise
-- ----------------------------
BEGIN;
INSERT INTO `page_devise` (`id`, `create_time`, `update_time`, `tenant_id`, `page_type`, `page_name`, `page_component`, `enable`, `shop_id`, `client_type`) VALUES ('1', '2020-09-22 15:38:45', '2020-09-22 15:50:16', '1', '1', '商城首页', '{\"componentsList\":[{\"data\":{\"imageUrl\":\"http://minio.joolun.com/joolun/1/material/51db223a-5d16-44c0-bf7e-f84554f70cc0.png\",\"pageUrl\":\"\",\"height\":100},\"componentName\":\"imageComponent\",\"id\":1,\"config\":{\"singleImg\":true}},{\"data\":{\"swiperList\":[{\"imgWidth\":0,\"itemTitle\":\"\",\"imageUrl\":\"http://minio.joolun.com/joolun/1/material/6c95d396-38e7-40d9-b8cd-a60d6aa0b183.png\",\"imgHeight\":0,\"pageUrl\":\"\",\"id\":0.20473883528974857},{\"imgWidth\":0,\"itemTitle\":\"\",\"imageUrl\":\"http://minio.joolun.com/joolun/1/material/552a3a99-cccd-453c-857c-d570e1f12985.png\",\"imgHeight\":0,\"pageUrl\":\"\",\"id\":0.07563501301448539},{\"imgWidth\":0,\"itemTitle\":\"\",\"imageUrl\":\"http://minio.joolun.com/joolun/1/material/45b8114e-a61a-4fe4-95a7-bb4db85744c8.png\",\"imgHeight\":0,\"pageUrl\":\"\",\"id\":0.8246243184641346}],\"imageSpacing\":0,\"borderRadius\":\"1\",\"swiperType\":\"screen-swiper\",\"interval\":3000,\"height\":150},\"componentName\":\"swiperComponent\",\"id\":2,\"config\":{}}]}', '1', '-1', 'H5');
INSERT INTO `page_devise` (`id`, `create_time`, `update_time`, `tenant_id`, `page_type`, `page_name`, `page_component`, `enable`, `shop_id`, `client_type`) VALUES ('1308656086187864066', '2020-09-23 14:34:59', '2020-09-23 14:34:59', '1', '1', '商城首页', '{\"componentsList\":[{\"data\":{\"textPosition\":\"center\",\"color\":\"#ffffff\",\"textColor\":\"#999999\",\"background\":\"bg-gradual-scarlet\",\"placeholder\":\"请输入关键字\",\"radius\":38},\"componentName\":\"searchComponent\",\"id\":1,\"config\":{}},{\"data\":{\"background\":\"bg-gradual-scarlet\"},\"componentName\":\"goodsCategoryComponent\",\"id\":10,\"config\":{}},{\"data\":{\"swiperList\":[{\"imgWidth\":0,\"itemTitle\":\"\",\"imageUrl\":\"http://minio.joolun.com/joolun/1/material/6c95d396-38e7-40d9-b8cd-a60d6aa0b183.png\",\"imgHeight\":0,\"pageUrl\":\"\",\"id\":0.06388034249124175},{\"imgWidth\":0,\"itemTitle\":\"\",\"imageUrl\":\"http://minio.joolun.com/joolun/1/material/552a3a99-cccd-453c-857c-d570e1f12985.png\",\"imgHeight\":0,\"pageUrl\":\"\",\"id\":0.5921382899030625}],\"imageSpacing\":0,\"borderRadius\":0,\"swiperType\":\"screen-swiper\",\"interval\":3000,\"height\":150},\"componentName\":\"swiperComponent\",\"id\":2,\"config\":{}},{\"data\":{\"noticeList\":[{\"imgWidth\":0,\"content\":\"演示商城，靖枯枯仴仴硬顶玎玲用你爱我\",\"imageUrl\":\"\",\"imgHeight\":0,\"pageUrl\":\"\",\"id\":0.05858293332064668,\"tag\":\"通知\"}],\"interval\":5000,\"pageSpacing\":0,\"height\":35},\"componentName\":\"noticeComponent\",\"id\":6,\"config\":{}},{\"data\":{\"textColor\":\"#333333\",\"rowNum\":4,\"navButtons\":[{\"imageUrl\":\"http://minio.joolun.com/joolun/1/material/76f91162-dec6-4d6b-88f2-189bf4467481.png\",\"navName\":\"秒杀\",\"pageUrl\":\"/pages/seckill/seckill-list/index\",\"id\":0.1251010180696801},{\"imageUrl\":\"http://minio.joolun.com/joolun/1/material/28e0712c-ecc8-4556-a39d-0a685ccda894.png\",\"navName\":\"优惠券\",\"pageUrl\":\"/pages/coupon/coupon-list/index\",\"id\":0.7957589376445346},{\"imageUrl\":\"http://minio.joolun.com/joolun/1/material/b4546fae-4cd0-48bc-b1af-6b0503845273.png\",\"navName\":\"拼团\",\"pageUrl\":\"/pages/groupon/groupon-list/index\",\"id\":0.23700628760753584},{\"imageUrl\":\"http://minio.joolun.com/joolun/1/material/8c927d32-267a-47b1-b983-082defcbfee9.png\",\"navName\":\"砍价\",\"pageUrl\":\"/pages/bargain/bargain-list/index\",\"id\":0.3283135458305748}],\"pageSpacing\":0},\"componentName\":\"navButtonComponent\",\"id\":3,\"config\":{}},{\"data\":{\"textColor\":\"#333333\",\"rowNum\":4,\"navButtons\":[{\"imageUrl\":\"http://minio.joolun.com/joolun/1/material/8c927d32-267a-47b1-b983-082defcbfee9.png\",\"navName\":\"标题1\",\"pageUrl\":\"/pages/seckill/seckill-list/index\",\"id\":0.29196656547927646},{\"imageUrl\":\"http://minio.joolun.com/joolun/1/material/bc753593-c8e1-4296-8702-007db7f19346.png\",\"navName\":\"标题2\",\"pageUrl\":\"/pages/shop/shop-list/index\",\"id\":0.8376560223753744},{\"imageUrl\":\"http://minio.joolun.com/joolun/1/material/86bbea32-b600-4851-8c54-93ef5c376b5b.png\",\"navName\":\"标题3\",\"pageUrl\":\"/pages/bargain/bargain-list/index\",\"id\":0.17656668368321293},{\"imageUrl\":\"http://minio.joolun.com/joolun/1/material/40b1df4f-fb21-4707-a05b-ef1061e31e31.png\",\"navName\":\"标题4\",\"pageUrl\":\"/pages/shop/shop-detail/index?id=\",\"id\":0.31330998775719077}],\"pageSpacing\":0},\"componentName\":\"navButtonComponent\",\"id\":4,\"config\":{}},{\"data\":{\"themeColor\":\"red\",\"background\":\"\"},\"componentName\":\"couponComponent\",\"id\":11,\"config\":{}},{\"data\":{\"goodsList\":[{\"$skuId\":\"天际白  销售价：¥4599.00\",\"$index\":0,\"floorBuy\":\"0\",\"delFlag\":\"0\",\"launchNum\":2,\"picUrl\":\"http://minio.joolun.com/joolun/1/material/2bc1a1ea-d0a5-476e-97ba-b6fec8ade055.jpg\",\"$enable\":\"启用\",\"validEndTime\":\"2021-07-31 00:00:00\",\"cutMax\":500,\"enable\":\"1\",\"id\":\"1417334727617097729\",\"shopId\":\"1261176336950480898\",\"skuId\":\"1273187904368472066\",\"$shopId\":\"华为正品-长沙官方旗舰店\",\"cutMin\":100,\"cutRule\":\"杨艳玲脸有舱脸请接受诉\",\"updateTime\":\"2021-07-20 12:05:06\",\"sort\":0,\"bargainPrice\":500,\"selfCut\":\"1\",\"shareTitle\":\"杨艳玲脸有舱脸请接受诉\",\"createTime\":\"2021-07-20 12:05:06\",\"validBeginTime\":\"2021-07-19 00:00:00\",\"tenantId\":\"1\",\"name\":\"杨艳玲脸有舱脸请接受诉\",\"$spuId\":\"华为 HUAWEI Mate 30 麒麟990旗舰芯片4000万超感光徕卡影像屏内指纹8G+128GB星河银4G全网通版游戏手机\",\"spuId\":\"1273187904351694850\",\"status\":\"2\"},{\"$skuId\":\"仲夏紫  销售价：¥4499.00\",\"$index\":1,\"floorBuy\":\"1\",\"delFlag\":\"0\",\"launchNum\":8,\"picUrl\":\"http://minio.joolun.com/joolun/1/material/4e209339-40e6-4999-bef9-16660eda6e3a.jpg\",\"$enable\":\"启用\",\"validEndTime\":\"2021-07-29 00:00:00\",\"cutMax\":800,\"enable\":\"1\",\"id\":\"1417335275934265345\",\"shopId\":\"1261176336950480898\",\"skuId\":\"1273187904360083458\",\"$shopId\":\"华为正品-长沙官方旗舰店\",\"cutMin\":490,\"cutRule\":\"二位预热主衣\",\"updateTime\":\"2021-07-20 12:07:17\",\"sort\":5,\"bargainPrice\":4000,\"selfCut\":\"1\",\"shareTitle\":\"二位预热主衣\",\"createTime\":\"2021-07-20 12:07:17\",\"validBeginTime\":\"2021-07-19 00:00:00\",\"tenantId\":\"1\",\"name\":\"二位预热主衣\",\"$spuId\":\"华为 HUAWEI Mate 30 麒麟990旗舰芯片4000万超感光徕卡影像屏内指纹8G+128GB星河银4G全网通版游戏手机\",\"spuId\":\"1273187904351694850\",\"status\":\"2\"}],\"title\":\"全民砍价\",\"subtitleColor\":\"#FFFFFF\",\"backgroundImg\":\"\",\"titleColor\":\"#FFFFFF\",\"background\":\"#0409F9\",\"subtitle\":\"呼朋唤友，疯狂砍价\",\"titleIcon\":\"cuIcon-message\",\"pageSpacing\":0},\"componentName\":\"bargainComponent\",\"id\":12,\"config\":{}},{\"data\":{\"goodsList\":[{\"$skuId\":\"天际白  销售价：¥4599.00\",\"grouponNum\":2,\"$index\":0,\"delFlag\":\"0\",\"duration\":50,\"launchNum\":3,\"picUrl\":\"http://minio.joolun.com/joolun/1/material/40c3ffb7-8f3e-4794-b927-2c9beb084896.jpg\",\"grouponPrice\":3999,\"$enable\":\"启用\",\"validEndTime\":\"2021-07-31 00:00:00\",\"enable\":\"1\",\"id\":\"1417336177843843074\",\"shopId\":\"1261176336950480898\",\"grouponRule\":\"而也容易\",\"skuId\":\"1273187904368472066\",\"$shopId\":\"华为正品-长沙官方旗舰店\",\"updateTime\":\"2021-07-20 12:10:52\",\"sort\":6,\"shareTitle\":\"而也容易\",\"createTime\":\"2021-07-20 12:10:52\",\"validBeginTime\":\"2021-07-19 00:00:00\",\"tenantId\":\"1\",\"name\":\"而也容易\",\"$spuId\":\"华为 HUAWEI Mate 30 麒麟990旗舰芯片4000万超感光徕卡影像屏内指纹8G+128GB星河银4G全网通版游戏手机\",\"spuId\":\"1273187904351694850\",\"status\":\"2\"}],\"title\":\"一起拼团\",\"subtitleColor\":\"#FFFFFF\",\"backgroundImg\":\"\",\"titleColor\":\"#FFFFFF\",\"background\":\"bg-gradual-purple\",\"subtitle\":\"拼团声势大，天天享特价\",\"titleIcon\":\"cuIcon-message\",\"pageSpacing\":0},\"componentName\":\"grouponComponent\",\"id\":13,\"config\":{}},{\"data\":{\"goodsList\":[{\"limitNum\":96,\"$skuId\":\"移动|红色|32G  销售价：¥2000.00\",\"$index\":1,\"updateTime\":\"2020-08-12 15:45:26\",\"seckillNum\":4,\"sort\":0,\"delFlag\":\"0\",\"picUrl\":\"http://minio.joolun.com/joolun/1/material/40c3ffb7-8f3e-4794-b927-2c9beb084896.jpg\",\"$enable\":\"启用\",\"shareTitle\":\"346236\",\"createTime\":\"2020-08-12 15:45:26\",\"enable\":\"1\",\"seckillRule\":\"2346326246\",\"seckillPrice\":433,\"tenantId\":\"1\",\"name\":\"wetewg\",\"$spuId\":\"华为 9 4800万超广角三摄 6GB+128GB全息幻彩蓝 骁龙855 全网通4G 双卡双待 水滴全面屏拍照智能游戏手机\",\"spuId\":\"2835671ff031c18cb181b1a199f86b01\",\"id\":\"1293453526250352642\",\"shopId\":\"1261176336950480898\",\"eachLimitNum\":4,\"skuId\":\"5033e1f2bfa07231d1c2045392fa2f93\",\"$shopId\":\"华为正品-长沙官方旗舰店\"},{\"limitNum\":8,\"$skuId\":\"电信|红色|64G  销售价：¥100.00\",\"$index\":3,\"updateTime\":\"2020-09-10 22:03:39\",\"seckillNum\":2,\"sort\":0,\"delFlag\":\"0\",\"picUrl\":\"http://minio.joolun.com/joolun/1/material/2bc1a1ea-d0a5-476e-97ba-b6fec8ade055.jpg\",\"$enable\":\"启用\",\"shareTitle\":\"74573457\",\"createTime\":\"2020-09-10 22:03:39\",\"enable\":\"1\",\"seckillRule\":\"3457437437\",\"seckillPrice\":0.01,\"tenantId\":\"1\",\"name\":\"dfaegsdgdhfdsh\",\"$spuId\":\"华为 9 4800万超广角三摄 6GB+128GB全息幻彩蓝 骁龙855 全网通4G 双卡双待 水滴全面屏拍照智能游戏手机\",\"spuId\":\"2835671ff031c18cb181b1a199f86b01\",\"id\":\"1304057955837575169\",\"shopId\":\"1261176336950480898\",\"eachLimitNum\":1,\"skuId\":\"416ab6fc443778d2a9fc5e7f4a9b0e00\",\"$shopId\":\"华为正品-长沙官方旗舰店\"},{\"limitNum\":1,\"$skuId\":\"仲夏紫  销售价：¥4499.00\",\"$index\":4,\"updateTime\":\"2020-10-13 09:51:10\",\"seckillNum\":0,\"sort\":0,\"delFlag\":\"0\",\"picUrl\":\"http://minio.joolun.com/joolun/1/material/4e209339-40e6-4999-bef9-16660eda6e3a.jpg\",\"$enable\":\"启用\",\"shareTitle\":\"sdgsdgwetwetwe\",\"createTime\":\"2020-10-13 09:51:10\",\"enable\":\"1\",\"seckillRule\":\"wetewtwetwe\\nwetwetewtewt\",\"seckillPrice\":0.01,\"tenantId\":\"1\",\"name\":\"tesdtsd\",\"$spuId\":\"华为 HUAWEI Mate 30 麒麟990旗舰芯片4000万超感光徕卡影像屏内指纹8G+128GB星河银4G全网通版游戏手机\",\"spuId\":\"1273187904351694850\",\"id\":\"1315832419623915521\",\"shopId\":\"1261176336950480898\",\"eachLimitNum\":1,\"skuId\":\"1273187904360083458\",\"$shopId\":\"华为正品-长沙官方旗舰店\"}],\"title\":\"限时秒杀\",\"subtitleColor\":\"#FFFFFF\",\"backgroundImg\":\"\",\"titleColor\":\"#FFFFFF\",\"background\":\"bg-gradual-orange\",\"subtitle\":\"秒杀折上折，限量开抢\",\"titleIcon\":\"cuIcon-message\",\"pageSpacing\":0},\"componentName\":\"seckillComponent\",\"id\":14,\"config\":{}},{\"data\":{\"imageUrl\":\"http://minio.joolun.com/joolun/1/material/51db223a-5d16-44c0-bf7e-f84554f70cc0.png\",\"pageUrl\":\"\",\"height\":100},\"componentName\":\"imageComponent\",\"id\":5,\"config\":{\"singleImg\":true}},{\"data\":{\"shopInfoData\":[{\"imgUrl\":\"http://minio.joolun.com/joolun/1/material/8616b42b-b6ea-4a86-9038-ef63cef8e96b.png\",\"name\":\"华为正品-长沙官方旗舰店\",\"id\":\"1261176336950480898\"},{\"imgUrl\":\"http://minio.joolun.com/joolun/1/material/bc753593-c8e1-4296-8702-007db7f19346.png\",\"name\":\"苹果电脑-安徽旗舰店\",\"id\":\"1273182622464667650\"},{\"imgUrl\":\"http://minio.joolun.com/joolun/1/material/ce3daaa3-dffe-4c4d-bd25-ca0840f3e7e6.png\",\"name\":\"佳能相机-广州旗舰店\",\"id\":\"1273182913641639938\"},{\"imgUrl\":\"http://minio.joolun.com/joolun/1/material/8cf99f69-9d25-4d6f-abb2-3d08ef26d69e.png\",\"name\":\"联想电脑-旗舰店\",\"id\":\"1273181905968492546\"}],\"title\":\"店铺甄选\",\"titleColor\":\"red\",\"titleIcon\":\"cuIcon-shop\",\"pageSpacing\":0},\"componentName\":\"shopComponent\",\"id\":8,\"config\":{}},{\"data\":{\"goodsList\":[{\"specType\":\"1\",\"pointsDeductSwitch\":\"1\",\"sellPoint\":\"\",\"pointsDeductScale\":5,\"categorySecond\":\"988f1af72652178159de1ec009ab8fb0\",\"pointsGiveNum\":1000,\"$index\":5,\"$pointsGiveSwitch\":\"开启\",\"picUrls\":[\"http://minio.joolun.com/joolun/1/material/cb601860-0c4c-49fe-8aa0-67dd728a43f6.jpg\"],\"delFlag\":\"0\",\"pointsGiveSwitch\":\"1\",\"$specType\":\"多规格\",\"priceDown\":599,\"freightTemplatId\":\"1262360528119889921\",\"spuCode\":\"\",\"id\":\"1273189745068142593\",\"shopId\":\"1261193631538073602\",\"$shopId\":\"小米正品-四川官方旗舰店\",\"categoryFirst\":\"9bb404548cc6513c1c148b532b6db720\",\"pointsDeductAmount\":1,\"updateTime\":\"2020-06-17 17:44:24\",\"categoryShopFirst\":\"\",\"sort\":0,\"saleNum\":0,\"$categoryShopId\":\"\",\"$categoryId\":\"手机 | 小米\",\"$pointsDeductSwitch\":\"开启\",\"shelf\":\"1\",\"createTime\":\"2020-06-17 17:44:24\",\"$shelf\":\"上架\",\"tenantId\":\"1\",\"name\":\"Redmi K30 王一博同款 120Hz流速屏 前置挖孔双摄 索尼6400万后置四摄 4500mAh超长续航 27W快充 6GB+128GB 紫玉幻境 游戏智能手机 小米 红米\",\"priceUp\":2689,\"categoryId\":[\"9bb404548cc6513c1c148b532b6db720\",\"988f1af72652178159de1ec009ab8fb0\"]},{\"specType\":\"1\",\"pointsDeductSwitch\":\"1\",\"sellPoint\":\"\",\"pointsDeductScale\":5,\"categorySecond\":\"862a74f109f7f14bcbfff1d5adf73cdc\",\"pointsGiveNum\":1000,\"$index\":3,\"$pointsGiveSwitch\":\"开启\",\"picUrls\":[\"http://minio.joolun.com/joolun/1/material/ceab6bcd-83d2-4fa4-b682-62407503b0aa.jpg\",\"http://minio.joolun.com/joolun/1/material/ceab6bcd-83d2-4fa4-b682-62407503b0aa.jpg\",\"http://minio.joolun.com/joolun/1/material/2bc1a1ea-d0a5-476e-97ba-b6fec8ade055.jpg\"],\"delFlag\":\"0\",\"pointsGiveSwitch\":\"1\",\"$specType\":\"多规格\",\"priceDown\":4499,\"freightTemplatId\":\"a73cf89f7a5a0dcd8c45b9cf2b7be681\",\"spuCode\":\"3659\",\"id\":\"1273187904351694850\",\"shopId\":\"1261176336950480898\",\"$shopId\":\"华为正品-长沙官方旗舰店\",\"categoryFirst\":\"9bb404548cc6513c1c148b532b6db720\",\"categoryShopSecond\":\"1298440190471241730\",\"pointsDeductAmount\":1,\"updateTime\":\"2020-06-17 17:37:05\",\"categoryShopFirst\":\"1298440139472699393\",\"sort\":0,\"saleNum\":95,\"$categoryShopId\":\"\",\"$categoryId\":\"手机 | 华为\",\"$pointsDeductSwitch\":\"开启\",\"shelf\":\"1\",\"createTime\":\"2020-06-17 17:37:05\",\"$shelf\":\"上架\",\"tenantId\":\"1\",\"name\":\"华为 HUAWEI Mate 30 麒麟990旗舰芯片4000万超感光徕卡影像屏内指纹8G+128GB星河银4G全网通版游戏手机\",\"priceUp\":4599,\"categoryId\":[\"9bb404548cc6513c1c148b532b6db720\",\"862a74f109f7f14bcbfff1d5adf73cdc\"]},{\"specType\":\"1\",\"pointsDeductSwitch\":\"1\",\"sellPoint\":\"\",\"pointsDeductScale\":5,\"categorySecond\":\"862a74f109f7f14bcbfff1d5adf73cdc\",\"pointsGiveNum\":100,\"$index\":2,\"$pointsGiveSwitch\":\"开启\",\"picUrls\":[\"http://minio.joolun.com/joolun/1/material/40c3ffb7-8f3e-4794-b927-2c9beb084896.jpg\",\"http://minio.joolun.com/joolun/1/material/4e209339-40e6-4999-bef9-16660eda6e3a.jpg\"],\"delFlag\":\"0\",\"pointsGiveSwitch\":\"1\",\"$specType\":\"多规格\",\"priceDown\":0,\"freightTemplatId\":\"e2daad9554fc3206bab0ab4788840b42\",\"spuCode\":\"6325\",\"id\":\"1273186784766128130\",\"shopId\":\"1261176336950480898\",\"$shopId\":\"华为正品-长沙官方旗舰店\",\"categoryFirst\":\"9bb404548cc6513c1c148b532b6db720\",\"pointsDeductAmount\":1,\"updateTime\":\"2020-06-17 17:32:38\",\"categoryShopFirst\":\"\",\"sort\":0,\"saleNum\":36,\"$categoryShopId\":\"\",\"$categoryId\":\"手机 | 华为\",\"$pointsDeductSwitch\":\"开启\",\"shelf\":\"1\",\"createTime\":\"2020-06-17 17:32:38\",\"$shelf\":\"上架\",\"tenantId\":\"1\",\"name\":\"华为 HUAWEI nova 7 SE 5G 麒麟820 5G SoC芯片 6400万高清AI四摄 40W超级快充 8GB+128GB银月星辉全网通手机\",\"priceUp\":0,\"categoryId\":[\"9bb404548cc6513c1c148b532b6db720\",\"862a74f109f7f14bcbfff1d5adf73cdc\"]}],\"title\":\"热销单品\",\"titleColor\":\"red\",\"titleIcon\":\"cuIcon-hot\",\"pageSpacing\":0},\"componentName\":\"goodsRowComponent\",\"id\":9,\"config\":{}},{\"data\":{\"goodsList\":[{\"specType\":\"1\",\"pointsDeductSwitch\":\"1\",\"sellPoint\":\"\",\"pointsDeductScale\":10,\"categorySecond\":\"862a74f109f7f14bcbfff1d5adf73cdc\",\"pointsGiveNum\":10,\"$index\":0,\"$pointsGiveSwitch\":\"开启\",\"picUrls\":[\"http://joolun-base-test.oss-cn-zhangjiakou.aliyuncs.com/22.png\",\"http://frp.sdhtwlkjyxgs.com:3310/shopmp/1/material/fa221716-23f6-4a5c-940d-ca5a82c34ac4.jpg\"],\"delFlag\":\"0\",\"pointsGiveSwitch\":\"1\",\"$specType\":\"多规格\",\"priceDown\":52,\"freightTemplatId\":\"e2daad9554fc3206bab0ab4788840b42\",\"spuCode\":\"\",\"id\":\"1255379800819601410\",\"shopId\":\"1261176336950480898\",\"$shopId\":\"华为正品-长沙官方旗舰店\",\"categoryFirst\":\"9bb404548cc6513c1c148b532b6db720\",\"pointsDeductAmount\":0.1,\"updateTime\":\"2020-08-26 13:48:31\",\"categoryShopFirst\":\"\",\"sort\":0,\"saleNum\":104,\"$categoryShopId\":\"\",\"$categoryId\":\"手机 | 华为\",\"$pointsDeductSwitch\":\"开启\",\"shelf\":\"1\",\"createTime\":\"2020-04-29 14:14:03\",\"$shelf\":\"上架\",\"tenantId\":\"1\",\"name\":\"华为  最新版8epp;\",\"priceUp\":8687,\"categoryId\":[\"9bb404548cc6513c1c148b532b6db720\",\"862a74f109f7f14bcbfff1d5adf73cdc\"]},{\"specType\":\"0\",\"pointsDeductSwitch\":\"0\",\"sellPoint\":\"\",\"pointsDeductScale\":5,\"categorySecond\":\"8722b34fd15ba8e6cb9f1754d09ec59c\",\"pointsGiveNum\":10,\"$index\":1,\"$pointsGiveSwitch\":\"开启\",\"picUrls\":[\"http://frp.sdhtwlkjyxgs.com:3310/shopmp/1/material/fa221716-23f6-4a5c-940d-ca5a82c34ac4.jpg\"],\"delFlag\":\"0\",\"pointsGiveSwitch\":\"1\",\"$specType\":\"统一规格\",\"priceDown\":6,\"freightTemplatId\":\"1262305528488382466\",\"spuCode\":\"\",\"id\":\"1262322806084739073\",\"shopId\":\"1261193346845495297\",\"$shopId\":\"Apple正品-上海官方旗舰店\",\"categoryFirst\":\"a31ddf2eb997d61bdb70375ffd364153\",\"pointsDeductAmount\":1,\"updateTime\":\"2020-05-18 18:03:04\",\"categoryShopFirst\":\"\",\"sort\":0,\"saleNum\":0,\"$categoryShopId\":\"\",\"$categoryId\":\"数码配件 | 数码保护套\",\"$pointsDeductSwitch\":\"关闭\",\"shelf\":\"1\",\"createTime\":\"2020-05-18 18:03:04\",\"$shelf\":\"上架\",\"tenantId\":\"1\",\"name\":\"Apple手机特卖\",\"priceUp\":6,\"categoryId\":[\"a31ddf2eb997d61bdb70375ffd364153\",\"8722b34fd15ba8e6cb9f1754d09ec59c\"]}],\"title\":\"热卖单品\",\"titleColor\":\"red\",\"showType\":\"row\",\"goodsNum\":1,\"pageSpacing\":0},\"componentName\":\"goodsComponent\",\"id\":7,\"config\":{}}]}', '1', '-1', 'MA');
INSERT INTO `page_devise` (`id`, `create_time`, `update_time`, `tenant_id`, `page_type`, `page_name`, `page_component`, `enable`, `shop_id`, `client_type`) VALUES ('1324948046217269250', '2020-11-07 13:33:25', '2020-11-07 13:33:25', '1', '1', '商城首页', '{\"componentsList\":[]}', '1', '-1', 'APP');
INSERT INTO `page_devise` (`id`, `create_time`, `update_time`, `tenant_id`, `page_type`, `page_name`, `page_component`, `enable`, `shop_id`, `client_type`) VALUES ('1331073361402408961', '2020-11-24 11:13:14', '2020-11-24 11:13:14', '2', '1', '商城首页', '{\"componentsList\":[{\"data\":{\"textColor\":\"#333333\",\"rowNum\":4,\"navButtons\":[{\"imageUrl\":\"\",\"navName\":\"标题1\",\"pageUrl\":\"\",\"id\":0.6412428785337143},{\"imageUrl\":\"\",\"navName\":\"标题2\",\"pageUrl\":\"\",\"id\":0.37096812000695145},{\"imageUrl\":\"\",\"navName\":\"标题3\",\"pageUrl\":\"\",\"id\":0.07960712106232859},{\"imageUrl\":\"\",\"navName\":\"标题4\",\"pageUrl\":\"\",\"id\":0.7648713036184898}],\"pageSpacing\":0},\"componentName\":\"navButtonComponent\",\"id\":1,\"config\":{}},{\"data\":{\"color\":\"#000000\",\"title\":\"标题\",\"fontSize\":\"16\",\"pageUrl\":\"\",\"pageSpacing\":0,\"height\":35},\"componentName\":\"titleTextComponent\",\"id\":2,\"config\":{}}]}', '1', '-1', 'H5');
INSERT INTO `page_devise` (`id`, `create_time`, `update_time`, `tenant_id`, `page_type`, `page_name`, `page_component`, `enable`, `shop_id`, `client_type`) VALUES ('1428884165619658753', '2021-08-21 08:58:27', '2021-08-21 08:58:27', '1', '1', '商城首页', '{\"componentsList\":[{\"data\":{\"shopInfoData\":[{\"address\":\"上海市青浦区重固镇重固镇社区卫生服务中心\",\"imgUrl\":\"http://minio.joolun.com/joolun/1/material/99b1154c-a1cb-4a8a-888a-cffe3134883e.png\",\"name\":\"Apple正品-上海官方旗舰店\",\"id\":\"1261193346845495297\"},{\"address\":\"广东省深圳市南山区西丽街道南丰果农场\",\"imgUrl\":\"http://minio.joolun.com/joolun/1/material/8cf99f69-9d25-4d6f-abb2-3d08ef26d69e.png\",\"name\":\"联想电脑-旗舰店\",\"id\":\"1273181905968492546\"}],\"title\":\"店铺甄选\",\"titleColor\":\"red\",\"titleIcon\":\"cuIcon-shop\",\"pageSpacing\":0},\"componentName\":\"shopComponent\",\"id\":1,\"config\":{}},{\"data\":{\"goodsList\":[{\"specType\":\"1\",\"pointsDeductSwitch\":\"1\",\"sellPoint\":\"\",\"pointsDeductScale\":10,\"categorySecond\":\"862a74f109f7f14bcbfff1d5adf73cdc\",\"pointsGiveNum\":10,\"$index\":0,\"$pointsGiveSwitch\":\"开启\",\"picUrls\":[\"http://joolun-base-test.oss-cn-zhangjiakou.aliyuncs.com/22.png\",\"http://frp.sdhtwlkjyxgs.com:3310/shopmp/1/material/fa221716-23f6-4a5c-940d-ca5a82c34ac4.jpg\"],\"delFlag\":\"0\",\"pointsGiveSwitch\":\"1\",\"$specType\":\"多规格\",\"priceDown\":52,\"freightTemplatId\":\"e2daad9554fc3206bab0ab4788840b42\",\"verifyStatus\":\"1\",\"spuCode\":\"\",\"id\":\"1255379800819601410\",\"shopId\":\"1261176336950480898\",\"$shopId\":\"华为正品-长沙官方旗舰店\",\"categoryFirst\":\"9bb404548cc6513c1c148b532b6db720\",\"$verifyStatus\":\"审核通过\",\"pointsDeductAmount\":0.1,\"updateTime\":\"2021-03-31 12:25:50\",\"categoryShopFirst\":\"1298445274408087553\",\"sort\":0,\"saleNum\":104,\"$categoryShopId\":\"\",\"$categoryId\":\"手机 | 华为\",\"$pointsDeductSwitch\":\"开启\",\"shelf\":\"1\",\"createTime\":\"2020-04-29 14:14:03\",\"$shelf\":\"上架\",\"tenantId\":\"1\",\"name\":\"华为  最新版8epp;\",\"priceUp\":8687,\"categoryId\":[\"9bb404548cc6513c1c148b532b6db720\",\"862a74f109f7f14bcbfff1d5adf73cdc\"]},{\"specType\":\"0\",\"pointsDeductSwitch\":\"0\",\"sellPoint\":\"\",\"pointsDeductScale\":5,\"categorySecond\":\"8722b34fd15ba8e6cb9f1754d09ec59c\",\"pointsGiveNum\":10,\"$index\":1,\"$pointsGiveSwitch\":\"开启\",\"picUrls\":[\"http://minio.joolun.com/joolun/1/material/10952adc-cad0-4c53-8762-9906d1dde220.jpg\"],\"delFlag\":\"0\",\"pointsGiveSwitch\":\"1\",\"$specType\":\"统一规格\",\"priceDown\":6,\"freightTemplatId\":\"1262305528488382466\",\"verifyStatus\":\"1\",\"spuCode\":\"\",\"id\":\"1262322806084739073\",\"shopId\":\"1261193346845495297\",\"$shopId\":\"Apple正品-上海官方旗舰店\",\"categoryFirst\":\"a31ddf2eb997d61bdb70375ffd364153\",\"categoryShopSecond\":\"1323861697661788161\",\"$verifyStatus\":\"审核通过\",\"pointsDeductAmount\":1,\"updateTime\":\"2021-05-07 10:16:08\",\"categoryShopFirst\":\"1298441654367223809\",\"sort\":0,\"saleNum\":9,\"$categoryShopId\":\"\",\"$categoryId\":\"数码配件 | 数码保护套\",\"$pointsDeductSwitch\":\"关闭\",\"shelf\":\"1\",\"createTime\":\"2020-05-18 18:03:04\",\"$shelf\":\"上架\",\"tenantId\":\"1\",\"name\":\"Apple手机特卖\",\"priceUp\":6,\"categoryId\":[\"a31ddf2eb997d61bdb70375ffd364153\",\"8722b34fd15ba8e6cb9f1754d09ec59c\"]},{\"specType\":\"1\",\"pointsDeductSwitch\":\"1\",\"sellPoint\":\"\",\"pointsDeductScale\":5,\"categorySecond\":\"862a74f109f7f14bcbfff1d5adf73cdc\",\"pointsGiveNum\":100,\"$index\":2,\"$pointsGiveSwitch\":\"开启\",\"picUrls\":[\"http://minio.joolun.com/joolun/1/material/40c3ffb7-8f3e-4794-b927-2c9beb084896.jpg\",\"http://minio.joolun.com/joolun/1/material/4e209339-40e6-4999-bef9-16660eda6e3a.jpg\"],\"delFlag\":\"0\",\"pointsGiveSwitch\":\"1\",\"$specType\":\"多规格\",\"priceDown\":0,\"freightTemplatId\":\"b850d39b204f3be8654d8358b91aff3f\",\"verifyStatus\":\"1\",\"spuCode\":\"6325\",\"id\":\"1273186784766128130\",\"shopId\":\"1261176336950480898\",\"$shopId\":\"华为正品-长沙官方旗舰店\",\"categoryFirst\":\"9bb404548cc6513c1c148b532b6db720\",\"categoryShopSecond\":\"1298440190471241730\",\"$verifyStatus\":\"审核通过\",\"pointsDeductAmount\":1,\"updateTime\":\"2021-03-31 12:25:50\",\"categoryShopFirst\":\"1298440139472699393\",\"sort\":0,\"saleNum\":36,\"$categoryShopId\":\"\",\"$categoryId\":\"手机 | 华为\",\"$pointsDeductSwitch\":\"开启\",\"shelf\":\"1\",\"createTime\":\"2020-06-17 17:32:38\",\"$shelf\":\"上架\",\"tenantId\":\"1\",\"name\":\"华为 HUAWEI nova 7 SE 5G 麒麟820 5G SoC芯片 6400万高清AI四摄 40W超级快充 8GB+128GB银月星辉全网通手机\",\"priceUp\":0,\"categoryId\":[\"9bb404548cc6513c1c148b532b6db720\",\"862a74f109f7f14bcbfff1d5adf73cdc\"]},{\"specType\":\"1\",\"pointsDeductSwitch\":\"1\",\"sellPoint\":\"\",\"pointsDeductScale\":5,\"categorySecond\":\"862a74f109f7f14bcbfff1d5adf73cdc\",\"pointsGiveNum\":1000,\"$index\":3,\"$pointsGiveSwitch\":\"开启\",\"picUrls\":[\"http://minio.joolun.com/joolun/1/material/ceab6bcd-83d2-4fa4-b682-62407503b0aa.jpg\",\"http://minio.joolun.com/joolun/1/material/ceab6bcd-83d2-4fa4-b682-62407503b0aa.jpg\",\"http://minio.joolun.com/joolun/1/material/2bc1a1ea-d0a5-476e-97ba-b6fec8ade055.jpg\"],\"delFlag\":\"0\",\"pointsGiveSwitch\":\"1\",\"$specType\":\"多规格\",\"priceDown\":4499,\"freightTemplatId\":\"a73cf89f7a5a0dcd8c45b9cf2b7be681\",\"verifyStatus\":\"1\",\"spuCode\":\"3659\",\"id\":\"1273187904351694850\",\"shopId\":\"1261176336950480898\",\"$shopId\":\"华为正品-长沙官方旗舰店\",\"categoryFirst\":\"9bb404548cc6513c1c148b532b6db720\",\"categoryShopSecond\":\"1298445205806051329\",\"$verifyStatus\":\"审核通过\",\"pointsDeductAmount\":1,\"updateTime\":\"2021-06-03 10:27:26\",\"categoryShopFirst\":\"1298440139472699393\",\"sort\":0,\"saleNum\":95,\"$categoryShopId\":\"\",\"$categoryId\":\"手机 | 华为\",\"$pointsDeductSwitch\":\"开启\",\"shelf\":\"1\",\"createTime\":\"2020-06-17 17:37:05\",\"$shelf\":\"上架\",\"tenantId\":\"1\",\"name\":\"华为 HUAWEI Mate 30 麒麟990旗舰芯片4000万超感光徕卡影像屏内指纹8G+128GB星河银4G全网通版游戏手机\",\"priceUp\":4599,\"categoryId\":[\"9bb404548cc6513c1c148b532b6db720\",\"862a74f109f7f14bcbfff1d5adf73cdc\"]},{\"specType\":\"1\",\"pointsDeductSwitch\":\"1\",\"sellPoint\":\"\",\"pointsDeductScale\":5,\"categorySecond\":\"988f1af72652178159de1ec009ab8fb0\",\"pointsGiveNum\":1000,\"$index\":4,\"$pointsGiveSwitch\":\"开启\",\"picUrls\":[\"http://minio.joolun.com/joolun/1/material/d770b0b5-0117-4b1d-8eea-92ded66fbf7e.jpg\"],\"delFlag\":\"0\",\"pointsGiveSwitch\":\"1\",\"$specType\":\"多规格\",\"priceDown\":1688,\"freightTemplatId\":\"1262360528119889921\",\"verifyStatus\":\"1\",\"spuCode\":\"\",\"id\":\"1273189184264531969\",\"shopId\":\"1261193631538073602\",\"$shopId\":\"小米正品-四川官方旗舰店\",\"categoryFirst\":\"9bb404548cc6513c1c148b532b6db720\",\"$verifyStatus\":\"审核通过\",\"pointsDeductAmount\":1,\"updateTime\":\"2021-06-03 10:27:26\",\"categoryShopFirst\":\"\",\"sort\":0,\"saleNum\":0,\"$categoryShopId\":\"\",\"$categoryId\":\"手机 | 小米\",\"$pointsDeductSwitch\":\"开启\",\"shelf\":\"1\",\"createTime\":\"2020-06-17 17:42:10\",\"$shelf\":\"上架\",\"tenantId\":\"1\",\"name\":\"Redmi 10X 4G Helio G85游戏芯 4800万超清四摄 5020mAh大电量 小孔全面屏 128GB大存储 4GB+128GB 冰雾白 游戏智能手机 小米 红米\",\"priceUp\":3699,\"categoryId\":[\"9bb404548cc6513c1c148b532b6db720\",\"988f1af72652178159de1ec009ab8fb0\"]},{\"specType\":\"1\",\"pointsDeductSwitch\":\"1\",\"sellPoint\":\"\",\"pointsDeductScale\":5,\"categorySecond\":\"988f1af72652178159de1ec009ab8fb0\",\"pointsGiveNum\":1000,\"$index\":5,\"$pointsGiveSwitch\":\"开启\",\"picUrls\":[\"http://minio.joolun.com/joolun/1/material/cb601860-0c4c-49fe-8aa0-67dd728a43f6.jpg\"],\"delFlag\":\"0\",\"pointsGiveSwitch\":\"1\",\"$specType\":\"多规格\",\"priceDown\":599,\"freightTemplatId\":\"1262360528119889921\",\"verifyStatus\":\"1\",\"spuCode\":\"\",\"id\":\"1273189745068142593\",\"shopId\":\"1261193631538073602\",\"$shopId\":\"小米正品-四川官方旗舰店\",\"categoryFirst\":\"9bb404548cc6513c1c148b532b6db720\",\"$verifyStatus\":\"审核通过\",\"pointsDeductAmount\":1,\"updateTime\":\"2021-06-03 10:27:26\",\"categoryShopFirst\":\"\",\"sort\":0,\"saleNum\":0,\"$categoryShopId\":\"\",\"$categoryId\":\"手机 | 小米\",\"$pointsDeductSwitch\":\"开启\",\"shelf\":\"1\",\"createTime\":\"2020-06-17 17:44:24\",\"$shelf\":\"上架\",\"tenantId\":\"1\",\"name\":\"Redmi K30 王一博同款 120Hz流速屏 前置挖孔双摄 索尼6400万后置四摄 4500mAh超长续航 27W快充 6GB+128GB 紫玉幻境 游戏智能手机 小米 红米\",\"priceUp\":2689,\"categoryId\":[\"9bb404548cc6513c1c148b532b6db720\",\"988f1af72652178159de1ec009ab8fb0\"]},{\"specType\":\"1\",\"pointsDeductSwitch\":\"1\",\"sellPoint\":\"\",\"pointsDeductScale\":5,\"categorySecond\":\"988f1af72652178159de1ec009ab8fb0\",\"pointsGiveNum\":500,\"$index\":6,\"$pointsGiveSwitch\":\"开启\",\"picUrls\":[\"http://minio.joolun.com/joolun/1/material/56a86f9e-2186-47f2-92b3-ff7732821094.jpg\"],\"delFlag\":\"0\",\"pointsGiveSwitch\":\"1\",\"$specType\":\"多规格\",\"priceDown\":1688,\"freightTemplatId\":\"1262360528119889921\",\"verifyStatus\":\"1\",\"spuCode\":\"\",\"id\":\"1273190776913063938\",\"shopId\":\"1261193631538073602\",\"$shopId\":\"小米正品-四川官方旗舰店\",\"categoryFirst\":\"9bb404548cc6513c1c148b532b6db720\",\"$verifyStatus\":\"审核通过\",\"pointsDeductAmount\":1,\"updateTime\":\"2021-06-03 10:27:26\",\"categoryShopFirst\":\"\",\"sort\":0,\"saleNum\":0,\"$categoryShopId\":\"\",\"$categoryId\":\"手机 | 小米\",\"$pointsDeductSwitch\":\"开启\",\"shelf\":\"1\",\"createTime\":\"2020-06-17 17:48:30\",\"$shelf\":\"上架\",\"tenantId\":\"1\",\"name\":\"【至高12期免息】小米10 5G游戏手机权益版全网通 冰海蓝 8G+256G\",\"priceUp\":3688,\"categoryId\":[\"9bb404548cc6513c1c148b532b6db720\",\"988f1af72652178159de1ec009ab8fb0\"]},{\"specType\":\"1\",\"pointsDeductSwitch\":\"1\",\"sellPoint\":\"\",\"pointsDeductScale\":5,\"categorySecond\":\"0f2aa8354eedb3b652b45e90efb54e27\",\"pointsGiveNum\":500,\"$index\":7,\"$pointsGiveSwitch\":\"开启\",\"picUrls\":[\"http://minio.joolun.com/joolun/1/material/52152ce2-84fc-4f5b-ac35-92a9f067e1eb.jpg\"],\"delFlag\":\"0\",\"pointsGiveSwitch\":\"1\",\"$specType\":\"多规格\",\"priceDown\":0.03,\"freightTemplatId\":\"1262305528488382466\",\"verifyDetail\":\"sgsdhwey\",\"verifyStatus\":\"1\",\"spuCode\":\"\",\"id\":\"1273191752084549634\",\"shopId\":\"1261193346845495297\",\"$shopId\":\"Apple正品-上海官方旗舰店\",\"categoryFirst\":\"9bb404548cc6513c1c148b532b6db720\",\"categoryShopSecond\":\"\",\"$verifyStatus\":\"审核通过\",\"pointsDeductAmount\":1,\"updateTime\":\"2021-06-03 10:27:59\",\"categoryShopFirst\":\"1298441654367223809\",\"sort\":0,\"saleNum\":2,\"$categoryShopId\":\"\",\"$categoryId\":\"手机 | Apple\",\"$pointsDeductSwitch\":\"开启\",\"shelf\":\"1\",\"createTime\":\"2020-06-17 17:52:23\",\"$shelf\":\"上架\",\"tenantId\":\"1\",\"name\":\"Apple iPhone 11 (A2223) 128GB 黑色\",\"priceUp\":8567,\"categoryId\":[\"9bb404548cc6513c1c148b532b6db720\",\"0f2aa8354eedb3b652b45e90efb54e27\"]},{\"specType\":\"0\",\"pointsDeductSwitch\":\"1\",\"sellPoint\":\"\",\"pointsDeductScale\":5,\"categorySecond\":\"0f2aa8354eedb3b652b45e90efb54e27\",\"pointsGiveNum\":1000,\"$index\":8,\"$pointsGiveSwitch\":\"开启\",\"picUrls\":[\"http://minio.joolun.com/joolun/1/material/10952adc-cad0-4c53-8762-9906d1dde220.jpg\"],\"delFlag\":\"0\",\"pointsGiveSwitch\":\"1\",\"$specType\":\"统一规格\",\"priceDown\":0.02,\"freightTemplatId\":\"1417329046902091778\",\"verifyDetail\":\"敀及 3 \",\"verifyStatus\":\"0\",\"spuCode\":\"\",\"id\":\"1273192146906968065\",\"shopId\":\"1261193346845495297\",\"$shopId\":\"Apple正品-上海官方旗舰店\",\"categoryFirst\":\"9bb404548cc6513c1c148b532b6db720\",\"categoryShopSecond\":\"\",\"$verifyStatus\":\"审核中\",\"pointsDeductAmount\":1,\"updateTime\":\"2021-06-03 10:27:26\",\"categoryShopFirst\":\"1298445538930257922\",\"sort\":0,\"saleNum\":2,\"$categoryShopId\":\"\",\"$categoryId\":\"手机 | Apple\",\"$pointsDeductSwitch\":\"开启\",\"shelf\":\"1\",\"createTime\":\"2020-06-17 17:53:57\",\"$shelf\":\"上架\",\"tenantId\":\"1\",\"name\":\"Apple iPhone移动联通电信4G手机 双卡双待\",\"priceUp\":0.02,\"categoryId\":[\"9bb404548cc6513c1c148b532b6db720\",\"0f2aa8354eedb3b652b45e90efb54e27\"]}],\"title\":\"最新上架\",\"titleColor\":\"red\",\"showType\":\"card\",\"titleIcon\":\"cuIcon-like\",\"goodsNum\":1,\"pageSpacing\":0},\"componentName\":\"goodsComponent\",\"id\":2,\"config\":{}}],\"indexBanner\":{\"images\":{\"dotStyle\":\"square-dot\",\"swiperList\":[{\"imgWidth\":0,\"itemTitle\":\"\",\"imageUrl\":\"http://minio.joolun.com/joolun/1/material/abbcdef0-456a-4a53-aa75-12c26da5395a.gif\",\"imgHeight\":0,\"pageUrl\":\"\",\"id\":0.45897822693277845},{\"imgWidth\":0,\"itemTitle\":\"\",\"imageUrl\":\"http://minio.joolun.com/joolun/1/material/dc0926c9-a3e4-403c-961f-1acb9ec1dce2.png\",\"imgHeight\":0,\"pageUrl\":\"\",\"id\":0.8260686639000101}],\"imageSpacing\":0,\"borderRadius\":0,\"background\":\"red\",\"swiperType\":\"screen-swiper\",\"interval\":3000,\"height\":560},\"config\":{}}}', '1', '-1', 'H5-PC');
INSERT INTO `page_devise` (`id`, `create_time`, `update_time`, `tenant_id`, `page_type`, `page_name`, `page_component`, `enable`, `shop_id`, `client_type`) VALUES ('1428886222179184642', '2021-08-21 09:06:37', '2021-08-21 09:06:37', '1', '2', '华为正品-长沙官方旗舰店', '{\"componentsList\":[{\"data\":{\"imageUrl\":\"http://minio.joolun.com/joolun/1/material/2bc1a1ea-d0a5-476e-97ba-b6fec8ade055.jpg\",\"pageUrl\":\"/pages/goods/goods-detail/index?id=\",\"height\":100},\"componentName\":\"imageComponent\",\"id\":1,\"config\":{\"singleImg\":true}},{\"data\":{\"dotStyle\":\"square-dot\",\"swiperList\":[{\"imgWidth\":0,\"itemTitle\":\"\",\"imageUrl\":\"http://minio.joolun.com/joolun/1/material/2bc1a1ea-d0a5-476e-97ba-b6fec8ade055.jpg\",\"imgHeight\":0,\"pageUrl\":\"\",\"id\":0.7967889271934083}],\"imageSpacing\":0,\"borderRadius\":0,\"background\":\"red\",\"swiperType\":\"screen-swiper\",\"interval\":3000,\"height\":100},\"componentName\":\"swiperComponent\",\"id\":2,\"config\":{}},{\"data\":{\"textColor\":\"#333333\",\"rowNum\":4,\"navButtons\":[{\"imageUrl\":\"\",\"navName\":\"标题1\",\"pageUrl\":\"\",\"id\":0.2657062328319335},{\"imageUrl\":\"\",\"navName\":\"标题2\",\"pageUrl\":\"\",\"id\":0.47458341431658035},{\"imageUrl\":\"\",\"navName\":\"标题3\",\"pageUrl\":\"\",\"id\":0.5803062515150497},{\"imageUrl\":\"\",\"navName\":\"标题4\",\"pageUrl\":\"\",\"id\":0.9361763011430211}],\"pageSpacing\":0},\"componentName\":\"navButtonComponent\",\"id\":3,\"config\":{}}]}', '1', '1261176336950480898', '-1');
COMMIT;

-- ----------------------------
-- Table structure for pay_apply_form
-- ----------------------------
DROP TABLE IF EXISTS `pay_apply_form`;
CREATE TABLE `pay_apply_form` (
  `id` varchar(32) CHARACTER SET utf8mb4 COLLATE utf8mb4_0900_ai_ci NOT NULL COMMENT 'PK',
  `tenant_id` varchar(32) CHARACTER SET utf8mb4 COLLATE utf8mb4_0900_ai_ci NOT NULL COMMENT '所属租户',
  `shop_id` varchar(32) NOT NULL COMMENT '店铺Id',
  `sort` smallint DEFAULT NULL COMMENT '排序',
  `create_time` datetime DEFAULT CURRENT_TIMESTAMP COMMENT '创建时间',
  `update_time` datetime DEFAULT CURRENT_TIMESTAMP ON UPDATE CURRENT_TIMESTAMP COMMENT '最后更新时间',
  `del_flag` char(2) CHARACTER SET utf8mb4 COLLATE utf8mb4_0900_ai_ci DEFAULT '0' COMMENT '逻辑删除标记（0：显示；1：隐藏）',
  `contact_info` text CHARACTER SET utf8mb4 COLLATE utf8mb4_0900_ai_ci COMMENT '超级管理员信息（微信）',
  `subject_info` text CHARACTER SET utf8mb4 COLLATE utf8mb4_0900_ai_ci COMMENT '主体资料（微信）',
  `business_info` text CHARACTER SET utf8mb4 COLLATE utf8mb4_0900_ai_ci COMMENT '经营资料（微信）',
  `settlement_info` text CHARACTER SET utf8mb4 COLLATE utf8mb4_0900_ai_ci COMMENT '结算规则（微信）',
  `bank_account_info` text CHARACTER SET utf8mb4 COLLATE utf8mb4_0900_ai_ci COMMENT '结算银行账户（微信）',
  `addition_info` text CHARACTER SET utf8mb4 COLLATE utf8mb4_0900_ai_ci COMMENT '补充材料（微信）',
  `applyment_id` varchar(64) CHARACTER SET utf8mb4 COLLATE utf8mb4_0900_ai_ci DEFAULT NULL COMMENT '微信支付申请单号/支付宝userid',
  `sub_mchid` varchar(64) CHARACTER SET utf8mb4 COLLATE utf8mb4_0900_ai_ci DEFAULT NULL COMMENT '微信特约商户号/支付宝app_auth_token',
  `sign_url` varchar(552) CHARACTER SET utf8mb4 COLLATE utf8mb4_0900_ai_ci DEFAULT NULL COMMENT '超级管理员签约链接（微信）',
  `applyment_state` varchar(64) CHARACTER SET utf8mb4 COLLATE utf8mb4_0900_ai_ci DEFAULT NULL COMMENT '申请单状态（微信）',
  `applyment_state_msg` varchar(500) CHARACTER SET utf8mb4 COLLATE utf8mb4_0900_ai_ci DEFAULT NULL COMMENT '申请状态描述（微信）',
  `audit_detail` text CHARACTER SET utf8mb4 COLLATE utf8mb4_0900_ai_ci COMMENT '驳回原因详情（微信）',
  `pay_type` varchar(2) NOT NULL COMMENT '支付类型（1、微信；2、支付宝）',
  PRIMARY KEY (`id`) USING BTREE,
  KEY `ids_tenant_id` (`tenant_id`) USING BTREE
) ENGINE=InnoDB DEFAULT CHARSET=utf8mb4 COLLATE=utf8mb4_0900_ai_ci ROW_FORMAT=DYNAMIC COMMENT='支付进件申请单';

-- ----------------------------
-- Records of pay_apply_form
-- ----------------------------
BEGIN;
INSERT INTO `pay_apply_form` (`id`, `tenant_id`, `shop_id`, `sort`, `create_time`, `update_time`, `del_flag`, `contact_info`, `subject_info`, `business_info`, `settlement_info`, `bank_account_info`, `addition_info`, `applyment_id`, `sub_mchid`, `sign_url`, `applyment_state`, `applyment_state_msg`, `audit_detail`, `pay_type`) VALUES ('1448915255463350274', '1', '1261176336950480898', NULL, '2021-10-15 15:34:51', '2021-10-15 15:34:51', '0', '{\"contact_name\":\"eryewy\",\"contact_id_number\":\"36326\",\"contact_email\":\"2364326\",\"mobile_phone\":\"326426\"}', '{\"subject_type\":\"SUBJECT_TYPE_INDIVIDUAL\",\"identity_info\":{\"id_card_info\":{}},\"business_license_info\":{}}', '{\"merchant_shortname\":\"2364326\",\"sales_info\":{\"sales_scenes_type\":[],\"web_info\":{},\"mini_program_info\":{},\"mp_info\":{},\"app_info\":{\"app_pics\":[]}},\"service_phone\":\"324626\"}', '{\"settlement_id\":\"715\",\"qualification_type\":\"5611\"}', '{}', NULL, '', '', '', '', '', '{}', '1');
INSERT INTO `pay_apply_form` (`id`, `tenant_id`, `shop_id`, `sort`, `create_time`, `update_time`, `del_flag`, `contact_info`, `subject_info`, `business_info`, `settlement_info`, `bank_account_info`, `addition_info`, `applyment_id`, `sub_mchid`, `sign_url`, `applyment_state`, `applyment_state_msg`, `audit_detail`, `pay_type`) VALUES ('1448915887259750402', '1', '1261176336950480898', NULL, '2021-10-15 15:37:21', '2021-10-15 15:37:21', '0', NULL, NULL, NULL, NULL, NULL, NULL, NULL, '202110BBe1f1a5537b0240889687ad730abc5B03', NULL, NULL, NULL, NULL, '2');
INSERT INTO `pay_apply_form` (`id`, `tenant_id`, `shop_id`, `sort`, `create_time`, `update_time`, `del_flag`, `contact_info`, `subject_info`, `business_info`, `settlement_info`, `bank_account_info`, `addition_info`, `applyment_id`, `sub_mchid`, `sign_url`, `applyment_state`, `applyment_state_msg`, `audit_detail`, `pay_type`) VALUES ('1448919551248560130', '1', '1261176336950480898', NULL, '2021-10-15 15:51:55', '2021-10-15 15:51:55', '0', NULL, NULL, NULL, NULL, NULL, NULL, NULL, '202110BB155d0e08e13d4aa7847c3e9a02563X03', NULL, NULL, NULL, NULL, '2');
INSERT INTO `pay_apply_form` (`id`, `tenant_id`, `shop_id`, `sort`, `create_time`, `update_time`, `del_flag`, `contact_info`, `subject_info`, `business_info`, `settlement_info`, `bank_account_info`, `addition_info`, `applyment_id`, `sub_mchid`, `sign_url`, `applyment_state`, `applyment_state_msg`, `audit_detail`, `pay_type`) VALUES ('1448920019576107010', '1', '1261176336950480898', NULL, '2021-10-15 15:53:46', '2021-10-15 15:53:46', '0', NULL, NULL, NULL, NULL, NULL, NULL, NULL, '202110BB84af5efe80464cdbafc1f581eff99X03', NULL, NULL, NULL, NULL, '2');
INSERT INTO `pay_apply_form` (`id`, `tenant_id`, `shop_id`, `sort`, `create_time`, `update_time`, `del_flag`, `contact_info`, `subject_info`, `business_info`, `settlement_info`, `bank_account_info`, `addition_info`, `applyment_id`, `sub_mchid`, `sign_url`, `applyment_state`, `applyment_state_msg`, `audit_detail`, `pay_type`) VALUES ('1448920030665846786', '1', '1261176336950480898', NULL, '2021-10-15 15:53:49', '2021-10-15 15:53:49', '0', NULL, NULL, NULL, NULL, NULL, NULL, NULL, '202110BB36bccacd40ea46a98174b951cc40eE03', NULL, NULL, NULL, NULL, '2');
INSERT INTO `pay_apply_form` (`id`, `tenant_id`, `shop_id`, `sort`, `create_time`, `update_time`, `del_flag`, `contact_info`, `subject_info`, `business_info`, `settlement_info`, `bank_account_info`, `addition_info`, `applyment_id`, `sub_mchid`, `sign_url`, `applyment_state`, `applyment_state_msg`, `audit_detail`, `pay_type`) VALUES ('1448920423315562498', '1', '1261176336950480898', NULL, '2021-10-15 15:55:23', '2021-10-15 15:55:23', '0', NULL, NULL, NULL, NULL, NULL, NULL, '2088702389862030', '202110BBfe815cac089d44ab8dacca2f4916dF03', NULL, NULL, NULL, NULL, '2');
INSERT INTO `pay_apply_form` (`id`, `tenant_id`, `shop_id`, `sort`, `create_time`, `update_time`, `del_flag`, `contact_info`, `subject_info`, `business_info`, `settlement_info`, `bank_account_info`, `addition_info`, `applyment_id`, `sub_mchid`, `sign_url`, `applyment_state`, `applyment_state_msg`, `audit_detail`, `pay_type`) VALUES ('1448923456669769729', '1', '1261176336950480898', NULL, '2021-10-15 16:07:26', '2021-10-15 16:07:26', '0', NULL, NULL, NULL, NULL, NULL, NULL, '2088702389862030', '202110BB04b3727728d14d4895d6eb540867bX03', NULL, NULL, NULL, NULL, '2');
COMMIT;

-- ----------------------------
-- Table structure for pay_config
-- ----------------------------
DROP TABLE IF EXISTS `pay_config`;
CREATE TABLE `pay_config` (
  `id` varchar(32) CHARACTER SET utf8mb3 COLLATE utf8mb3_general_ci NOT NULL DEFAULT '' COMMENT 'PK',
  `create_id` varchar(32) CHARACTER SET utf8mb3 COLLATE utf8mb3_general_ci DEFAULT NULL COMMENT '创建者',
  `create_time` datetime DEFAULT CURRENT_TIMESTAMP COMMENT '创建时间',
  `update_id` varchar(32) CHARACTER SET utf8mb3 COLLATE utf8mb3_general_ci DEFAULT NULL COMMENT '更新者',
  `update_time` datetime DEFAULT NULL ON UPDATE CURRENT_TIMESTAMP COMMENT '更新时间',
  `del_flag` char(2) CHARACTER SET utf8mb3 COLLATE utf8mb3_general_ci DEFAULT '0' COMMENT '逻辑删除标记（0：显示；1：隐藏）',
  `tenant_id` varchar(32) NOT NULL COMMENT '所属租户',
  `type` char(2) CHARACTER SET utf8mb4 COLLATE utf8mb4_0900_ai_ci NOT NULL COMMENT '类型：1微信支付；2支付宝',
  `app_id` varchar(64) CHARACTER SET utf8mb4 COLLATE utf8mb4_0900_ai_ci NOT NULL COMMENT '微信支付/支付宝服务商的APPID',
  `mch_id` varchar(64) CHARACTER SET utf8mb4 COLLATE utf8mb4_0900_ai_ci DEFAULT NULL COMMENT '微信支付商户号',
  `mch_key` varchar(2048) CHARACTER SET utf8mb4 COLLATE utf8mb4_0900_ai_ci NOT NULL COMMENT '微信支付商户密钥/支付宝私钥',
  `key_path` varchar(255) CHARACTER SET utf8mb4 COLLATE utf8mb4_0900_ai_ci NOT NULL COMMENT '微信支付p12证书的文件路径/支付宝根证书文件路径',
  `private_key_path` varchar(255) CHARACTER SET utf8mb4 COLLATE utf8mb4_0900_ai_ci DEFAULT NULL COMMENT '微信支付apiclient_key.pem证书的文件路径/支付宝公钥证书文件路径',
  `private_cert_path` varchar(255) CHARACTER SET utf8mb4 COLLATE utf8mb4_0900_ai_ci DEFAULT NULL COMMENT '微信支付apiclient_cert.pem证书的文件路径/支付宝应用公钥证书文件路径',
  `cert_serial_no` varchar(64) CHARACTER SET utf8mb4 COLLATE utf8mb4_0900_ai_ci DEFAULT NULL COMMENT '微信支付apiV3证书序列号',
  `api_v3_key` varchar(64) CHARACTER SET utf8mb4 COLLATE utf8mb4_0900_ai_ci DEFAULT NULL COMMENT '微信支付apiV3秘钥',
  `sub_app_id` varchar(64) CHARACTER SET utf8mb4 COLLATE utf8mb4_0900_ai_ci DEFAULT NULL COMMENT '微信开放平台移动应用APPID',
  PRIMARY KEY (`id`),
  UNIQUE KEY `uk_tenant_type` (`tenant_id`,`type`),
  KEY `ids_tenant_id` (`tenant_id`)
) ENGINE=InnoDB DEFAULT CHARSET=utf8mb4 COLLATE=utf8mb4_0900_ai_ci COMMENT='支付配置';

-- ----------------------------
-- Records of pay_config
-- ----------------------------
BEGIN;
INSERT INTO `pay_config` (`id`, `create_id`, `create_time`, `update_id`, `update_time`, `del_flag`, `tenant_id`, `type`, `app_id`, `mch_id`, `mch_key`, `key_path`, `private_key_path`, `private_cert_path`, `cert_serial_no`, `api_v3_key`, `sub_app_id`) VALUES ('1265912048631394306', NULL, '2020-05-28 15:45:26', NULL, '2021-10-04 17:00:33', '0', '1', '1', 'wx8dc81b6415b37538', '1594637651', 'wetwqtwqteryreyreyrtutreuterutyh', 'C:\\joolun-file\\cert\\1\\apiclient_certafbae618-cd57-48c0-a83b-8ec9de5282c56868330206308773412.p12', 'C:\\joolun-file\\cert\\1\\apiclient_keyddef6f8f-cc9b-477b-b5ed-cb12f0d9b85d2036603213850616600.pem', 'C:\\joolun-file\\cert\\1\\apiclient_cert5e53aab6-0352-452d-95c4-7edd586cd1af7457033467810727145.pem', '5F33EF7220AF55D76B725DC2A6F0FCFB9F4D7877', 'sdgwetqwtqwteyewryewyewurwturetu', '');
INSERT INTO `pay_config` (`id`, `create_id`, `create_time`, `update_id`, `update_time`, `del_flag`, `tenant_id`, `type`, `app_id`, `mch_id`, `mch_key`, `key_path`, `private_key_path`, `private_cert_path`, `cert_serial_no`, `api_v3_key`, `sub_app_id`) VALUES ('1442750812928970753', NULL, '2021-09-28 15:19:33', NULL, '2021-10-04 17:00:34', '0', '1', '2', '2021002183611820', NULL, 'MIIEvgIBADANBgkqhkiG9w0BAQEFAASCBKgwggSkAgEAAoIBAQDMTq/jRzlCPCNC6zUobTdHK3wAUSNAyNqYGSrd6lT3tZ4Jhl1Jy979iB4V0K56WC/bgXTL86XLd0R4t25nLGUAZ166XmQvo2a7wsBsfMJIUTmJxEFN2sIoELj87lYjpSoS/ZR/45J2RxoSPDWxv7rakDZN5VDAOS1twEtXA/ncXq77HyC6iFGNxbs8Gvyb6KOAwkOmKmikfMAOp/GAWDxUaGGnlqr8qYA429qTNh/7bXfcini6/t5P5EYilTGn463w6U7s5mH/nPamUIpSj/rnm+l9Ku5+GXQ6o69aCSt1JOdx3GbopoI1Aj5gNMZBy4/5uZ9fFn2h8deTyoppJVsZAgMBAAECggEAbaMYTi3tczbUcVfJOf2J+X5DV+Qyt9RRQefXkijrGdbzjQb2zuBBtOozwt8ukmb6n5/T7pK8ePhy3RkKfQFc3h+avQZkWxAj1ESJgG5ez/IOn3ia1s26/UckDk9UGGLMtk4wP4T/FsvHGNwIsG9ENX/INHsHn2/PiiL0CykOD4wl6jMj2tOxczC8zpY+iAc5zVrcWfvs/33TrqGuNxsGWQo9LsGdNeXmlVpTaNhfw4u5386z+pIkDRHmlxhq5H3LXhBPAmBrFeSWdrMT0tBCy0UIq6eR0cAxI7BIRzNzVcjkmd+IDVczDo+quuiwmxHFzKU6axpgPVaEd002npSfpQKBgQD1RTK3XLUdTg7qKWGbwSJ4WAJmuHXgolQ0m4zzmN4mRj2za3iDAf2Ln/HNbTqaHRsbwJnvTtlLx9rZL80GNr5DyX5TX63jzhcPRDpwbpSFWKSzwOQYYpm14vQ7dznBwi1q1cabbwXhLfnUBTeqtqNc3Gz7Pd6Fo8YcvQvcvabR2wKBgQDVPr3j5X8zaaIhIHHnU9A46Zr7U8zlCkEJqqKlnfpKUa8JGbBfWQ1cgy/LZQk15oHWq9+BU3g48+n7cAE+2UxfprXmI4KKTb1H6r+KhX28nu4Yy749aR3J+bdFTaIvBwvhTcDcxXHzySXMmQaWrAUDZYtsWOmt2YHwJw7SgPt7GwKBgH7jcs577tMfXAX2rKG4tE2QMoXT7l/teyTQSIaJ0nv4oNkew3T7ZaGDeMQvOz8Zybl81eaBY1eaKHVuDmKllZ9aMbmOaVbOew2R3a3m931ZE7RPGXIoKJ95r6LIFqBQBdEckag+MsuBTptKq7bsz+0tuE/ufR2kUczyXJ2xnAk7AoGBAIPOMBj49VKV7DyFjWHqkD1dRwople/MEr8i1T2BE/9z1bjORBHrPTL9c0FIxhSm0YIa4h9RtHGfcfSUGnD6ZxaIOM5zDHDn9CLLmnDIaht4MLrq1D+pBVyeGQWhIqnmtRUhth+/etuwbMi1nTjsQn0C+taRbn6ifoot2h+K0eYZAoGBAKlKAHUCahvMHeJoD6rgu9BNo37w4Hm8Lrqtx4+zrIA33l0PGfR1DF8bEngIYYLfa2zNh3fEY+JHoEAb5wZWJa2l7IhNhA+pAcagnLBLxCLgzn570KoY3sHi2ceRIk/ahL9IaTTZDxCOxvfuOGnGf9+06Xkz21eKpoAT6BICR89D', 'C:\\joolun-file\\cert\\1\\alipayRootCert (2)7304863f-1ff9-4810-949f-a95e9866a4313105683970666408141.crt', 'C:\\joolun-file\\cert\\1\\alipayCertPublicKey_RSA2 (1)06b34657-cfd0-467b-b61a-0c08035e87d87674068318999918253.crt', 'C:\\joolun-file\\cert\\1\\appCertPublicKey_2021002183611820 (2)ec7b1cef-7c6a-4164-8921-2e586e649d9c779179719721211776.crt', NULL, NULL, NULL);
COMMIT;

-- ----------------------------
-- Table structure for points_config
-- ----------------------------
DROP TABLE IF EXISTS `points_config`;
CREATE TABLE `points_config` (
  `id` varchar(32) CHARACTER SET utf8mb4 COLLATE utf8mb4_0900_ai_ci NOT NULL COMMENT 'PK',
  `tenant_id` varchar(32) CHARACTER SET utf8mb4 COLLATE utf8mb4_0900_ai_ci NOT NULL COMMENT '所属租户',
  `del_flag` char(2) CHARACTER SET utf8mb4 COLLATE utf8mb4_0900_ai_ci NOT NULL DEFAULT '0' COMMENT '逻辑删除标记（0：显示；1：隐藏）',
  `create_time` datetime NOT NULL DEFAULT CURRENT_TIMESTAMP COMMENT '创建时间',
  `update_time` timestamp NOT NULL DEFAULT CURRENT_TIMESTAMP ON UPDATE CURRENT_TIMESTAMP COMMENT '最后更新时间',
  `init_posts` int DEFAULT '0' COMMENT '用户初始积分数',
  `init_vip_posts` int DEFAULT '0' COMMENT '会员初始积分数',
  `premise_amount` decimal(10,2) DEFAULT NULL COMMENT '订单金额满多少可使用抵扣',
  `default_deduct_scale` int DEFAULT NULL COMMENT '默认抵扣比例',
  `default_deduct_amount` decimal(10,2) DEFAULT NULL COMMENT '默认1积分数可抵多少元',
  PRIMARY KEY (`id`),
  UNIQUE KEY `uk_tenant_id` (`tenant_id`),
  KEY `ids_tenant_id` (`tenant_id`) USING BTREE
) ENGINE=InnoDB DEFAULT CHARSET=utf8mb4 COLLATE=utf8mb4_0900_ai_ci COMMENT='积分设置';

-- ----------------------------
-- Records of points_config
-- ----------------------------
BEGIN;
INSERT INTO `points_config` (`id`, `tenant_id`, `del_flag`, `create_time`, `update_time`, `init_posts`, `init_vip_posts`, `premise_amount`, `default_deduct_scale`, `default_deduct_amount`) VALUES ('1215980007031005185', '1', '0', '2020-01-11 20:53:20', '2020-01-11 20:53:20', 100, 3000, 100.00, 5, 1.00);
COMMIT;

-- ----------------------------
-- Table structure for points_record
-- ----------------------------
DROP TABLE IF EXISTS `points_record`;
CREATE TABLE `points_record` (
  `id` varchar(32) CHARACTER SET utf8mb4 COLLATE utf8mb4_0900_ai_ci NOT NULL COMMENT 'PK',
  `tenant_id` varchar(32) CHARACTER SET utf8mb4 COLLATE utf8mb4_0900_ai_ci NOT NULL COMMENT '所属租户',
  `shop_id` varchar(32) CHARACTER SET utf8mb4 COLLATE utf8mb4_0900_ai_ci DEFAULT NULL COMMENT '店铺Id',
  `del_flag` char(2) CHARACTER SET utf8mb4 COLLATE utf8mb4_0900_ai_ci NOT NULL DEFAULT '0' COMMENT '逻辑删除标记（0：显示；1：隐藏）',
  `create_time` datetime NOT NULL DEFAULT CURRENT_TIMESTAMP COMMENT '创建时间',
  `update_time` timestamp NOT NULL DEFAULT CURRENT_TIMESTAMP ON UPDATE CURRENT_TIMESTAMP COMMENT '最后更新时间',
  `user_id` varchar(32) CHARACTER SET utf8mb4 COLLATE utf8mb4_0900_ai_ci DEFAULT NULL COMMENT '用户ID',
  `amount` int DEFAULT NULL COMMENT '数量',
  `description` varchar(500) CHARACTER SET utf8mb4 COLLATE utf8mb4_0900_ai_ci NOT NULL COMMENT '描述',
  `spu_id` varchar(32) DEFAULT NULL COMMENT '商品ID',
  `order_item_id` varchar(32) DEFAULT NULL COMMENT '订单详情ID',
  `record_type` char(2) CHARACTER SET utf8mb4 COLLATE utf8mb4_0900_ai_ci DEFAULT NULL COMMENT '记录类型0、用户初始化；1、会员初始化；2、商品赠送；3、退款赠送减回；4、商品抵扣；5、订单取消抵扣加回；6、退款抵扣加回；7、签到',
  PRIMARY KEY (`id`) USING BTREE,
  KEY `ids_tenant_id` (`tenant_id`) USING BTREE
) ENGINE=InnoDB DEFAULT CHARSET=utf8mb4 COLLATE=utf8mb4_0900_ai_ci COMMENT='积分变动记录';

-- ----------------------------
-- Records of points_record
-- ----------------------------
BEGIN;
INSERT INTO `points_record` (`id`, `tenant_id`, `shop_id`, `del_flag`, `create_time`, `update_time`, `user_id`, `amount`, `description`, `spu_id`, `order_item_id`, `record_type`) VALUES ('1385084185975074818', '1', NULL, '0', '2021-04-22 12:12:58', '2021-04-22 12:12:58', '1385064426583863297', 10, '签到积分', NULL, NULL, '7');
INSERT INTO `points_record` (`id`, `tenant_id`, `shop_id`, `del_flag`, `create_time`, `update_time`, `user_id`, `amount`, `description`, `spu_id`, `order_item_id`, `record_type`) VALUES ('1387751568034525185', '1', NULL, '0', '2021-04-29 20:52:11', '2021-04-29 20:52:11', '1387751568009359361', 100, '用户初始积分', NULL, NULL, '0');
INSERT INTO `points_record` (`id`, `tenant_id`, `shop_id`, `del_flag`, `create_time`, `update_time`, `user_id`, `amount`, `description`, `spu_id`, `order_item_id`, `record_type`) VALUES ('1387779975564763137', '1', NULL, '0', '2021-04-29 22:45:04', '2021-04-29 22:45:04', '1387779975556374529', 100, '用户初始积分', NULL, NULL, '0');
INSERT INTO `points_record` (`id`, `tenant_id`, `shop_id`, `del_flag`, `create_time`, `update_time`, `user_id`, `amount`, `description`, `spu_id`, `order_item_id`, `record_type`) VALUES ('1390279529849749505', '1', '1261176336950480898', '0', '2021-05-06 20:17:24', '2021-05-06 20:17:24', '1385064426583863297', 1000, '【赠送】购买商品【华为 9 4800万超广角三摄 6GB+128GB全息幻彩蓝 骁龙855 全网通4G 双卡双待 水滴全面屏拍照智能游戏手机】 * 1', '2835671ff031c18cb181b1a199f86b01', '1390279486069604354', '2');
INSERT INTO `points_record` (`id`, `tenant_id`, `shop_id`, `del_flag`, `create_time`, `update_time`, `user_id`, `amount`, `description`, `spu_id`, `order_item_id`, `record_type`) VALUES ('1390279537646960642', '1', '1261176336950480898', '0', '2021-05-06 20:17:26', '2021-05-06 20:17:26', '1385064426583863297', 1000, '【赠送】购买商品【华为 9 4800万超广角三摄 6GB+128GB全息幻彩蓝 骁龙855 全网通4G 双卡双待 水滴全面屏拍照智能游戏手机】 * 1', '2835671ff031c18cb181b1a199f86b01', '1390278118609051649', '2');
INSERT INTO `points_record` (`id`, `tenant_id`, `shop_id`, `del_flag`, `create_time`, `update_time`, `user_id`, `amount`, `description`, `spu_id`, `order_item_id`, `record_type`) VALUES ('1390280360380661761', '1', '1261176336950480898', '0', '2021-05-06 20:20:42', '2021-05-06 20:20:42', '1385064426583863297', 1000, '【赠送】购买商品【华为 9 4800万超广角三摄 6GB+128GB全息幻彩蓝 骁龙855 全网通4G 双卡双待 水滴全面屏拍照智能游戏手机】 * 1', '2835671ff031c18cb181b1a199f86b01', '1390276367596183554', '2');
INSERT INTO `points_record` (`id`, `tenant_id`, `shop_id`, `del_flag`, `create_time`, `update_time`, `user_id`, `amount`, `description`, `spu_id`, `order_item_id`, `record_type`) VALUES ('1390281409254457346', '1', '1261176336950480898', '0', '2021-05-06 20:24:52', '2021-05-06 20:24:52', '1385064426583863297', 1000, '【赠送】购买商品【华为 9 4800万超广角三摄 6GB+128GB全息幻彩蓝 骁龙855 全网通4G 双卡双待 水滴全面屏拍照智能游戏手机】 * 1', '2835671ff031c18cb181b1a199f86b01', '1390277809216217089', '2');
INSERT INTO `points_record` (`id`, `tenant_id`, `shop_id`, `del_flag`, `create_time`, `update_time`, `user_id`, `amount`, `description`, `spu_id`, `order_item_id`, `record_type`) VALUES ('1390283321458597889', '1', '1261176336950480898', '0', '2021-05-06 20:32:28', '2021-05-06 20:32:28', '1385064426583863297', 1000, '【赠送】购买商品【华为 9 4800万超广角三摄 6GB+128GB全息幻彩蓝 骁龙855 全网通4G 双卡双待 水滴全面屏拍照智能游戏手机】 * 1', '2835671ff031c18cb181b1a199f86b01', '1390283278362124290', '2');
INSERT INTO `points_record` (`id`, `tenant_id`, `shop_id`, `del_flag`, `create_time`, `update_time`, `user_id`, `amount`, `description`, `spu_id`, `order_item_id`, `record_type`) VALUES ('1390291004672786433', '1', '1261176336950480898', '0', '2021-05-06 21:03:00', '2021-05-06 21:03:00', '1385064426583863297', 1000, '【赠送】购买商品【华为 9 4800万超广角三摄 6GB+128GB全息幻彩蓝 骁龙855 全网通4G 双卡双待 水滴全面屏拍照智能游戏手机】 * 1', '2835671ff031c18cb181b1a199f86b01', '1390290931092111361', '2');
INSERT INTO `points_record` (`id`, `tenant_id`, `shop_id`, `del_flag`, `create_time`, `update_time`, `user_id`, `amount`, `description`, `spu_id`, `order_item_id`, `record_type`) VALUES ('1390291165092331522', '1', '1261176336950480898', '0', '2021-05-06 21:03:38', '2021-05-06 21:03:38', '1385064426583863297', 1000, '【赠送】购买商品【华为 9 4800万超广角三摄 6GB+128GB全息幻彩蓝 骁龙855 全网通4G 双卡双待 水滴全面屏拍照智能游戏手机】 * 1', '2835671ff031c18cb181b1a199f86b01', '1390290931092111361', '2');
INSERT INTO `points_record` (`id`, `tenant_id`, `shop_id`, `del_flag`, `create_time`, `update_time`, `user_id`, `amount`, `description`, `spu_id`, `order_item_id`, `record_type`) VALUES ('1390291168732987393', '1', '1261176336950480898', '0', '2021-05-06 21:03:39', '2021-05-06 21:03:39', '1385064426583863297', 1000, '【赠送】购买商品【华为 9 4800万超广角三摄 6GB+128GB全息幻彩蓝 骁龙855 全网通4G 双卡双待 水滴全面屏拍照智能游戏手机】 * 1', '2835671ff031c18cb181b1a199f86b01', '1390290931092111361', '2');
INSERT INTO `points_record` (`id`, `tenant_id`, `shop_id`, `del_flag`, `create_time`, `update_time`, `user_id`, `amount`, `description`, `spu_id`, `order_item_id`, `record_type`) VALUES ('1390291182716796930', '1', '1261176336950480898', '0', '2021-05-06 21:03:42', '2021-05-06 21:03:42', '1385064426583863297', 1000, '【赠送】购买商品【华为 9 4800万超广角三摄 6GB+128GB全息幻彩蓝 骁龙855 全网通4G 双卡双待 水滴全面屏拍照智能游戏手机】 * 1', '2835671ff031c18cb181b1a199f86b01', '1390290931092111361', '2');
INSERT INTO `points_record` (`id`, `tenant_id`, `shop_id`, `del_flag`, `create_time`, `update_time`, `user_id`, `amount`, `description`, `spu_id`, `order_item_id`, `record_type`) VALUES ('1390291183043952642', '1', '1261176336950480898', '0', '2021-05-06 21:03:43', '2021-05-06 21:03:43', '1385064426583863297', 1000, '【赠送】购买商品【华为 9 4800万超广角三摄 6GB+128GB全息幻彩蓝 骁龙855 全网通4G 双卡双待 水滴全面屏拍照智能游戏手机】 * 1', '2835671ff031c18cb181b1a199f86b01', '1390290931092111361', '2');
INSERT INTO `points_record` (`id`, `tenant_id`, `shop_id`, `del_flag`, `create_time`, `update_time`, `user_id`, `amount`, `description`, `spu_id`, `order_item_id`, `record_type`) VALUES ('1390291183345942529', '1', '1261176336950480898', '0', '2021-05-06 21:03:43', '2021-05-06 21:03:43', '1385064426583863297', 1000, '【赠送】购买商品【华为 9 4800万超广角三摄 6GB+128GB全息幻彩蓝 骁龙855 全网通4G 双卡双待 水滴全面屏拍照智能游戏手机】 * 1', '2835671ff031c18cb181b1a199f86b01', '1390290931092111361', '2');
INSERT INTO `points_record` (`id`, `tenant_id`, `shop_id`, `del_flag`, `create_time`, `update_time`, `user_id`, `amount`, `description`, `spu_id`, `order_item_id`, `record_type`) VALUES ('1390291829759492097', '1', '1261176336950480898', '0', '2021-05-06 21:06:17', '2021-05-06 21:06:17', '1385064426583863297', 1000, '【赠送】购买商品【华为 9 4800万超广角三摄 6GB+128GB全息幻彩蓝 骁龙855 全网通4G 双卡双待 水滴全面屏拍照智能游戏手机】 * 1', '2835671ff031c18cb181b1a199f86b01', '1390291785169846273', '2');
INSERT INTO `points_record` (`id`, `tenant_id`, `shop_id`, `del_flag`, `create_time`, `update_time`, `user_id`, `amount`, `description`, `spu_id`, `order_item_id`, `record_type`) VALUES ('1390292485362745346', '1', '1261176336950480898', '0', '2021-05-06 21:08:53', '2021-05-06 21:08:53', '1385064426583863297', 1000, '【赠送】购买商品【华为 9 4800万超广角三摄 6GB+128GB全息幻彩蓝 骁龙855 全网通4G 双卡双待 水滴全面屏拍照智能游戏手机】 * 1', '2835671ff031c18cb181b1a199f86b01', '1390292443801387010', '2');
INSERT INTO `points_record` (`id`, `tenant_id`, `shop_id`, `del_flag`, `create_time`, `update_time`, `user_id`, `amount`, `description`, `spu_id`, `order_item_id`, `record_type`) VALUES ('1390292690137055233', '1', '1261176336950480898', '0', '2021-05-06 21:09:42', '2021-05-06 21:09:42', '1385064426583863297', 1000, '【赠送】购买商品【华为 9 4800万超广角三摄 6GB+128GB全息幻彩蓝 骁龙855 全网通4G 双卡双待 水滴全面屏拍照智能游戏手机】 * 1', '2835671ff031c18cb181b1a199f86b01', '1390292648055603201', '2');
INSERT INTO `points_record` (`id`, `tenant_id`, `shop_id`, `del_flag`, `create_time`, `update_time`, `user_id`, `amount`, `description`, `spu_id`, `order_item_id`, `record_type`) VALUES ('1390292893829234689', '1', '1261176336950480898', '0', '2021-05-06 21:10:30', '2021-05-06 21:10:30', '1385064426583863297', 1000, '【赠送】购买商品【华为 9 4800万超广角三摄 6GB+128GB全息幻彩蓝 骁龙855 全网通4G 双卡双待 水滴全面屏拍照智能游戏手机】 * 1', '2835671ff031c18cb181b1a199f86b01', '1390292848685940739', '2');
INSERT INTO `points_record` (`id`, `tenant_id`, `shop_id`, `del_flag`, `create_time`, `update_time`, `user_id`, `amount`, `description`, `spu_id`, `order_item_id`, `record_type`) VALUES ('1390293001631236098', '1', '1261176336950480898', '0', '2021-05-06 21:10:56', '2021-05-06 21:10:56', '1385064426583863297', 1000, '【赠送】购买商品【华为 9 4800万超广角三摄 6GB+128GB全息幻彩蓝 骁龙855 全网通4G 双卡双待 水滴全面屏拍照智能游戏手机】 * 1', '2835671ff031c18cb181b1a199f86b01', '1390292848685940739', '2');
INSERT INTO `points_record` (`id`, `tenant_id`, `shop_id`, `del_flag`, `create_time`, `update_time`, `user_id`, `amount`, `description`, `spu_id`, `order_item_id`, `record_type`) VALUES ('1390293009604608002', '1', '1261176336950480898', '0', '2021-05-06 21:10:58', '2021-05-06 21:10:58', '1385064426583863297', 1000, '【赠送】购买商品【华为 9 4800万超广角三摄 6GB+128GB全息幻彩蓝 骁龙855 全网通4G 双卡双待 水滴全面屏拍照智能游戏手机】 * 1', '2835671ff031c18cb181b1a199f86b01', '1390292848685940739', '2');
INSERT INTO `points_record` (`id`, `tenant_id`, `shop_id`, `del_flag`, `create_time`, `update_time`, `user_id`, `amount`, `description`, `spu_id`, `order_item_id`, `record_type`) VALUES ('1390293009843683330', '1', '1261176336950480898', '0', '2021-05-06 21:10:58', '2021-05-06 21:10:58', '1385064426583863297', 1000, '【赠送】购买商品【华为 9 4800万超广角三摄 6GB+128GB全息幻彩蓝 骁龙855 全网通4G 双卡双待 水滴全面屏拍照智能游戏手机】 * 1', '2835671ff031c18cb181b1a199f86b01', '1390292848685940739', '2');
INSERT INTO `points_record` (`id`, `tenant_id`, `shop_id`, `del_flag`, `create_time`, `update_time`, `user_id`, `amount`, `description`, `spu_id`, `order_item_id`, `record_type`) VALUES ('1390293185635352578', '1', '1261176336950480898', '0', '2021-05-06 21:11:40', '2021-05-06 21:11:40', '1385064426583863297', 1000, '【赠送】购买商品【华为 9 4800万超广角三摄 6GB+128GB全息幻彩蓝 骁龙855 全网通4G 双卡双待 水滴全面屏拍照智能游戏手机】 * 1', '2835671ff031c18cb181b1a199f86b01', '1390293139116326914', '2');
INSERT INTO `points_record` (`id`, `tenant_id`, `shop_id`, `del_flag`, `create_time`, `update_time`, `user_id`, `amount`, `description`, `spu_id`, `order_item_id`, `record_type`) VALUES ('1390490959635087362', '1', '1261193346845495297', '0', '2021-05-07 10:17:33', '2021-05-07 10:17:33', '1385064426583863297', 10, '【赠送】购买商品【Apple手机特卖】 * 1', '1262322806084739073', '1390490908326166530', '2');
INSERT INTO `points_record` (`id`, `tenant_id`, `shop_id`, `del_flag`, `create_time`, `update_time`, `user_id`, `amount`, `description`, `spu_id`, `order_item_id`, `record_type`) VALUES ('1390491513564233729', '1', '1261193346845495297', '0', '2021-05-07 10:19:45', '2021-05-07 10:19:45', '1385064426583863297', -10, '【退款】 【赠送】购买商品【Apple手机特卖】 * 1', '1262322806084739073', '1390490908326166530', '3');
INSERT INTO `points_record` (`id`, `tenant_id`, `shop_id`, `del_flag`, `create_time`, `update_time`, `user_id`, `amount`, `description`, `spu_id`, `order_item_id`, `record_type`) VALUES ('1390491575656710145', '1', '1261193346845495297', '0', '2021-05-07 10:20:00', '2021-05-07 10:20:00', '1385064426583863297', 10, '【赠送】购买商品【Apple手机特卖】 * 1', '1262322806084739073', '1390491533759807491', '2');
INSERT INTO `points_record` (`id`, `tenant_id`, `shop_id`, `del_flag`, `create_time`, `update_time`, `user_id`, `amount`, `description`, `spu_id`, `order_item_id`, `record_type`) VALUES ('1390492435996540929', '1', '1261193346845495297', '0', '2021-05-07 10:23:25', '2021-05-07 10:23:25', '1385064426583863297', 10, '【赠送】购买商品【Apple手机特卖】 * 1', '1262322806084739073', '1390492358636797954', '2');
INSERT INTO `points_record` (`id`, `tenant_id`, `shop_id`, `del_flag`, `create_time`, `update_time`, `user_id`, `amount`, `description`, `spu_id`, `order_item_id`, `record_type`) VALUES ('1390492745313878018', '1', '1261193346845495297', '0', '2021-05-07 10:24:39', '2021-05-07 10:24:39', '1385064426583863297', 10, '【赠送】购买商品【Apple手机特卖】 * 1', '1262322806084739073', '1390492703819628546', '2');
INSERT INTO `points_record` (`id`, `tenant_id`, `shop_id`, `del_flag`, `create_time`, `update_time`, `user_id`, `amount`, `description`, `spu_id`, `order_item_id`, `record_type`) VALUES ('1390493217198256130', '1', '1261193346845495297', '0', '2021-05-07 10:26:31', '2021-05-07 10:26:31', '1385064426583863297', 10, '【赠送】购买商品【Apple手机特卖】 * 1', '1262322806084739073', '1390493173564911618', '2');
INSERT INTO `points_record` (`id`, `tenant_id`, `shop_id`, `del_flag`, `create_time`, `update_time`, `user_id`, `amount`, `description`, `spu_id`, `order_item_id`, `record_type`) VALUES ('1390493837217050625', '1', '1261193346845495297', '0', '2021-05-07 10:28:59', '2021-05-07 10:28:59', '1385064426583863297', -10, '【退款】 【赠送】购买商品【Apple手机特卖】 * 1', '1262322806084739073', '1390493173564911618', '3');
INSERT INTO `points_record` (`id`, `tenant_id`, `shop_id`, `del_flag`, `create_time`, `update_time`, `user_id`, `amount`, `description`, `spu_id`, `order_item_id`, `record_type`) VALUES ('1390493865641848833', '1', '1261193346845495297', '0', '2021-05-07 10:29:06', '2021-05-07 10:29:06', '1385064426583863297', -10, '【退款】 【赠送】购买商品【Apple手机特卖】 * 1', '1262322806084739073', '1390492703819628546', '3');
INSERT INTO `points_record` (`id`, `tenant_id`, `shop_id`, `del_flag`, `create_time`, `update_time`, `user_id`, `amount`, `description`, `spu_id`, `order_item_id`, `record_type`) VALUES ('1390493894477688834', '1', '1261193346845495297', '0', '2021-05-07 10:29:13', '2021-05-07 10:29:13', '1385064426583863297', -10, '【退款】 【赠送】购买商品【Apple手机特卖】 * 1', '1262322806084739073', '1390492358636797954', '3');
INSERT INTO `points_record` (`id`, `tenant_id`, `shop_id`, `del_flag`, `create_time`, `update_time`, `user_id`, `amount`, `description`, `spu_id`, `order_item_id`, `record_type`) VALUES ('1390493949926387714', '1', '1261193346845495297', '0', '2021-05-07 10:29:26', '2021-05-07 10:29:26', '1385064426583863297', -10, '【退款】 【赠送】购买商品【Apple手机特卖】 * 1', '1262322806084739073', '1390491533759807491', '3');
INSERT INTO `points_record` (`id`, `tenant_id`, `shop_id`, `del_flag`, `create_time`, `update_time`, `user_id`, `amount`, `description`, `spu_id`, `order_item_id`, `record_type`) VALUES ('1390494553667088386', '1', '1261193346845495297', '0', '2021-05-07 10:31:50', '2021-05-07 10:31:50', '1385064426583863297', 10, '【赠送】购买商品【Apple手机特卖】 * 1', '1262322806084739073', '1390494491838853121', '2');
INSERT INTO `points_record` (`id`, `tenant_id`, `shop_id`, `del_flag`, `create_time`, `update_time`, `user_id`, `amount`, `description`, `spu_id`, `order_item_id`, `record_type`) VALUES ('1390494553713225729', '1', '1261193346845495297', '0', '2021-05-07 10:31:50', '2021-05-07 10:31:50', '1385064426583863297', 200, '【赠送】购买商品【商城流程演示商品，不发货不退款，请谨慎够买】 * 2', '4d06c5157cce971b89166e509cdf63e8', '1390494491838853122', '2');
INSERT INTO `points_record` (`id`, `tenant_id`, `shop_id`, `del_flag`, `create_time`, `update_time`, `user_id`, `amount`, `description`, `spu_id`, `order_item_id`, `record_type`) VALUES ('1390873589538975745', '1', '1261193346845495297', '0', '2021-05-08 11:37:59', '2021-05-08 11:37:59', '1385064426583863297', 10, '【赠送】购买商品【Apple手机特卖】 * 1', '1262322806084739073', '1390873516545503235', '2');
INSERT INTO `points_record` (`id`, `tenant_id`, `shop_id`, `del_flag`, `create_time`, `update_time`, `user_id`, `amount`, `description`, `spu_id`, `order_item_id`, `record_type`) VALUES ('1390873589547364354', '1', '1261193346845495297', '0', '2021-05-08 11:37:59', '2021-05-08 11:37:59', '1385064426583863297', 100, '【赠送】购买商品【商城流程演示商品，不发货不退款，请谨慎够买】 * 1', '4d06c5157cce971b89166e509cdf63e8', '1390873516545503234', '2');
INSERT INTO `points_record` (`id`, `tenant_id`, `shop_id`, `del_flag`, `create_time`, `update_time`, `user_id`, `amount`, `description`, `spu_id`, `order_item_id`, `record_type`) VALUES ('1390875469375684609', '1', '1261193346845495297', '0', '2021-05-08 11:45:27', '2021-05-08 11:45:27', '1385064426583863297', -100, '【退款】 【赠送】购买商品【商城流程演示商品，不发货不退款，请谨慎够买】 * 1', '4d06c5157cce971b89166e509cdf63e8', '1390873516545503234', '3');
INSERT INTO `points_record` (`id`, `tenant_id`, `shop_id`, `del_flag`, `create_time`, `update_time`, `user_id`, `amount`, `description`, `spu_id`, `order_item_id`, `record_type`) VALUES ('1390875500656803842', '1', '1261193346845495297', '0', '2021-05-08 11:45:35', '2021-05-08 11:45:35', '1385064426583863297', -10, '【退款】 【赠送】购买商品【Apple手机特卖】 * 1', '1262322806084739073', '1390873516545503235', '3');
INSERT INTO `points_record` (`id`, `tenant_id`, `shop_id`, `del_flag`, `create_time`, `update_time`, `user_id`, `amount`, `description`, `spu_id`, `order_item_id`, `record_type`) VALUES ('1390875590050004994', '1', '1261193346845495297', '0', '2021-05-08 11:45:56', '2021-05-08 11:45:56', '1385064426583863297', 10, '【赠送】购买商品【Apple手机特卖】 * 1', '1262322806084739073', '1390875534999764994', '2');
INSERT INTO `points_record` (`id`, `tenant_id`, `shop_id`, `del_flag`, `create_time`, `update_time`, `user_id`, `amount`, `description`, `spu_id`, `order_item_id`, `record_type`) VALUES ('1390875590050004995', '1', '1261193346845495297', '0', '2021-05-08 11:45:56', '2021-05-08 11:45:56', '1385064426583863297', 100, '【赠送】购买商品【商城流程演示商品，不发货不退款，请谨慎够买】 * 1', '4d06c5157cce971b89166e509cdf63e8', '1390875535008153601', '2');
INSERT INTO `points_record` (`id`, `tenant_id`, `shop_id`, `del_flag`, `create_time`, `update_time`, `user_id`, `amount`, `description`, `spu_id`, `order_item_id`, `record_type`) VALUES ('1390882544902291457', '1', '1261193346845495297', '0', '2021-05-08 12:13:34', '2021-05-08 12:13:34', '1385064426583863297', -10, '【退款】 【赠送】购买商品【Apple手机特卖】 * 1', '1262322806084739073', '1390875534999764994', '3');
INSERT INTO `points_record` (`id`, `tenant_id`, `shop_id`, `del_flag`, `create_time`, `update_time`, `user_id`, `amount`, `description`, `spu_id`, `order_item_id`, `record_type`) VALUES ('1390882574837039105', '1', '1261193346845495297', '0', '2021-05-08 12:13:41', '2021-05-08 12:13:41', '1385064426583863297', -100, '【退款】 【赠送】购买商品【商城流程演示商品，不发货不退款，请谨慎够买】 * 1', '4d06c5157cce971b89166e509cdf63e8', '1390875535008153601', '3');
INSERT INTO `points_record` (`id`, `tenant_id`, `shop_id`, `del_flag`, `create_time`, `update_time`, `user_id`, `amount`, `description`, `spu_id`, `order_item_id`, `record_type`) VALUES ('1390882618659127298', '1', '1261193346845495297', '0', '2021-05-08 12:13:52', '2021-05-08 12:13:52', '1385064426583863297', -10, '【退款】 【赠送】购买商品【Apple手机特卖】 * 1', '1262322806084739073', '1390494491838853121', '3');
INSERT INTO `points_record` (`id`, `tenant_id`, `shop_id`, `del_flag`, `create_time`, `update_time`, `user_id`, `amount`, `description`, `spu_id`, `order_item_id`, `record_type`) VALUES ('1390882653195026433', '1', '1261193346845495297', '0', '2021-05-08 12:14:00', '2021-05-08 12:14:00', '1385064426583863297', -200, '【退款】 【赠送】购买商品【商城流程演示商品，不发货不退款，请谨慎够买】 * 2', '4d06c5157cce971b89166e509cdf63e8', '1390494491838853122', '3');
INSERT INTO `points_record` (`id`, `tenant_id`, `shop_id`, `del_flag`, `create_time`, `update_time`, `user_id`, `amount`, `description`, `spu_id`, `order_item_id`, `record_type`) VALUES ('1392055514672680961', '1', '1261193346845495297', '0', '2021-05-11 17:54:32', '2021-05-11 17:54:32', '1385064426583863297', 10, '【赠送】购买商品【Apple手机特卖】 * 1', '1262322806084739073', '1392055441280749571', '2');
INSERT INTO `points_record` (`id`, `tenant_id`, `shop_id`, `del_flag`, `create_time`, `update_time`, `user_id`, `amount`, `description`, `spu_id`, `order_item_id`, `record_type`) VALUES ('1392055514672680962', '1', '1261193346845495297', '0', '2021-05-11 17:54:32', '2021-05-11 17:54:32', '1385064426583863297', 100, '【赠送】购买商品【商城流程演示商品，不发货不退款，请谨慎够买】 * 1', '4d06c5157cce971b89166e509cdf63e8', '1392055441280749570', '2');
INSERT INTO `points_record` (`id`, `tenant_id`, `shop_id`, `del_flag`, `create_time`, `update_time`, `user_id`, `amount`, `description`, `spu_id`, `order_item_id`, `record_type`) VALUES ('1392057201521086465', '1', '1261193346845495297', '0', '2021-05-11 18:01:14', '2021-05-11 18:01:14', '1385064426583863297', -100, '【退款】 【赠送】购买商品【商城流程演示商品，不发货不退款，请谨慎够买】 * 1', '4d06c5157cce971b89166e509cdf63e8', '1392055441280749570', '3');
INSERT INTO `points_record` (`id`, `tenant_id`, `shop_id`, `del_flag`, `create_time`, `update_time`, `user_id`, `amount`, `description`, `spu_id`, `order_item_id`, `record_type`) VALUES ('1392059402763177986', '1', '1261193346845495297', '0', '2021-05-11 18:09:59', '2021-05-11 18:09:59', '1385064426583863297', -10, '【退款】 【赠送】购买商品【Apple手机特卖】 * 1', '1262322806084739073', '1392055441280749571', '3');
INSERT INTO `points_record` (`id`, `tenant_id`, `shop_id`, `del_flag`, `create_time`, `update_time`, `user_id`, `amount`, `description`, `spu_id`, `order_item_id`, `record_type`) VALUES ('1400278522084229121', '1', '1261193346845495297', '0', '2021-06-03 10:29:50', '2021-06-03 10:29:50', '1385064426583863297', 500, '【赠送】购买商品【Apple iPhone 11 (A2223) 128GB 黑色】 * 1', '1273191752084549634', '1400278150968016897', '2');
INSERT INTO `points_record` (`id`, `tenant_id`, `shop_id`, `del_flag`, `create_time`, `update_time`, `user_id`, `amount`, `description`, `spu_id`, `order_item_id`, `record_type`) VALUES ('1400278522096812034', '1', '1261193346845495297', '0', '2021-06-03 10:29:50', '2021-06-03 10:29:50', '1385064426583863297', 2000, '【赠送】购买商品【Apple iPhone移动联通电信4G手机 双卡双待】 * 2', '1273192146906968065', '1400278150968016898', '2');
INSERT INTO `points_record` (`id`, `tenant_id`, `shop_id`, `del_flag`, `create_time`, `update_time`, `user_id`, `amount`, `description`, `spu_id`, `order_item_id`, `record_type`) VALUES ('1417314190824148994', '1', '1261176336950480898', '0', '2021-07-20 10:43:30', '2021-07-20 10:43:30', '1385064426583863297', -229, '【抵扣】购买商品【华为 HUAWEI Mate 30 麒麟990旗舰芯片4000万超感光徕卡影像屏内指纹8G+128GB星河银4G全网通版游戏手机】 * 1', '1273187904351694850', '1417314190782205953', '4');
INSERT INTO `points_record` (`id`, `tenant_id`, `shop_id`, `del_flag`, `create_time`, `update_time`, `user_id`, `amount`, `description`, `spu_id`, `order_item_id`, `record_type`) VALUES ('1417319654236418051', '1', '1261176336950480898', '0', '2021-07-20 11:05:12', '2021-07-20 11:05:12', '1385064426583863297', -224, '【抵扣】购买商品【华为 HUAWEI Mate 30 麒麟990旗舰芯片4000万超感光徕卡影像屏内指纹8G+128GB星河银4G全网通版游戏手机】 * 1', '1273187904351694850', '1417319654236418050', '4');
INSERT INTO `points_record` (`id`, `tenant_id`, `shop_id`, `del_flag`, `create_time`, `update_time`, `user_id`, `amount`, `description`, `spu_id`, `order_item_id`, `record_type`) VALUES ('1417320374956257281', '1', '1261193631538073602', '0', '2021-07-20 11:08:04', '2021-07-20 11:08:04', '1385064426583863297', -134, '【抵扣】购买商品【Redmi K30 王一博同款 120Hz流速屏 前置挖孔双摄 索尼6400万后置四摄 4500mAh超长续航 27W快充 6GB+128GB 紫玉幻境 游戏智能手机 小米 红米】 * 1', '1273189745068142593', '1417320374922702849', '4');
INSERT INTO `points_record` (`id`, `tenant_id`, `shop_id`, `del_flag`, `create_time`, `update_time`, `user_id`, `amount`, `description`, `spu_id`, `order_item_id`, `record_type`) VALUES ('1417320743245549569', '1', '1261176336950480898', '0', '2021-07-20 11:09:32', '2021-07-20 11:09:32', '1385064426583863297', -224, '【抵扣】购买商品【华为 HUAWEI Mate 30 麒麟990旗舰芯片4000万超感光徕卡影像屏内指纹8G+128GB星河银4G全网通版游戏手机】 * 1', '1273187904351694850', '1417320743140691970', '4');
INSERT INTO `points_record` (`id`, `tenant_id`, `shop_id`, `del_flag`, `create_time`, `update_time`, `user_id`, `amount`, `description`, `spu_id`, `order_item_id`, `record_type`) VALUES ('1417320858924453889', '1', '1261176336950480898', '0', '2021-07-20 11:09:59', '2021-07-20 11:09:59', '1385064426583863297', -229, '【抵扣】购买商品【华为 HUAWEI Mate 30 麒麟990旗舰芯片4000万超感光徕卡影像屏内指纹8G+128GB星河银4G全网通版游戏手机】 * 1', '1273187904351694850', '1417320858861539330', '4');
INSERT INTO `points_record` (`id`, `tenant_id`, `shop_id`, `del_flag`, `create_time`, `update_time`, `user_id`, `amount`, `description`, `spu_id`, `order_item_id`, `record_type`) VALUES ('1417321167239352322', '1', '1261193631538073602', '0', '2021-07-20 11:11:13', '2021-07-20 11:11:13', '1385064426583863297', -84, '【抵扣】购买商品【Redmi K30 王一博同款 120Hz流速屏 前置挖孔双摄 索尼6400万后置四摄 4500mAh超长续航 27W快充 6GB+128GB 紫玉幻境 游戏智能手机 小米 红米】 * 1', '1273189745068142593', '1417321167172243460', '4');
INSERT INTO `points_record` (`id`, `tenant_id`, `shop_id`, `del_flag`, `create_time`, `update_time`, `user_id`, `amount`, `description`, `spu_id`, `order_item_id`, `record_type`) VALUES ('1417321167511982081', '1', '1261176336950480898', '0', '2021-07-20 11:11:13', '2021-07-20 11:11:13', '1385064426583863297', -459, '【抵扣】购买商品【华为 HUAWEI Mate 30 麒麟990旗舰芯片4000万超感光徕卡影像屏内指纹8G+128GB星河银4G全网通版游戏手机】 * 2', '1273187904351694850', '1417321167486816258', '4');
INSERT INTO `points_record` (`id`, `tenant_id`, `shop_id`, `del_flag`, `create_time`, `update_time`, `user_id`, `amount`, `description`, `spu_id`, `order_item_id`, `record_type`) VALUES ('1417321742840467457', '1', '1261176336950480898', '0', '2021-07-20 11:13:30', '2021-07-20 11:13:30', '1385064426583863297', 229, '【订单取消】 【抵扣】购买商品【华为 HUAWEI Mate 30 麒麟990旗舰芯片4000万超感光徕卡影像屏内指纹8G+128GB星河银4G全网通版游戏手机】 * 1', '1273187904351694850', '1417314190782205953', '5');
INSERT INTO `points_record` (`id`, `tenant_id`, `shop_id`, `del_flag`, `create_time`, `update_time`, `user_id`, `amount`, `description`, `spu_id`, `order_item_id`, `record_type`) VALUES ('1417323366891753473', '1', '1261176336950480898', '0', '2021-07-20 11:19:57', '2021-07-20 11:19:57', '1385064426583863297', -224, '【抵扣】购买商品【华为 HUAWEI Mate 30 麒麟990旗舰芯片4000万超感光徕卡影像屏内指纹8G+128GB星河银4G全网通版游戏手机】 * 1', '1273187904351694850', '1417323366849810434', '4');
INSERT INTO `points_record` (`id`, `tenant_id`, `shop_id`, `del_flag`, `create_time`, `update_time`, `user_id`, `amount`, `description`, `spu_id`, `order_item_id`, `record_type`) VALUES ('1417323493916250114', '1', '1261176336950480898', '0', '2021-07-20 11:20:28', '2021-07-20 11:20:28', '1385064426583863297', -229, '【抵扣】购买商品【华为 HUAWEI Mate 30 麒麟990旗舰芯片4000万超感光徕卡影像屏内指纹8G+128GB星河银4G全网通版游戏手机】 * 1', '1273187904351694850', '1417323493698146307', '4');
INSERT INTO `points_record` (`id`, `tenant_id`, `shop_id`, `del_flag`, `create_time`, `update_time`, `user_id`, `amount`, `description`, `spu_id`, `order_item_id`, `record_type`) VALUES ('1417327206064033794', '1', '1261176336950480898', '0', '2021-07-20 11:35:13', '2021-07-20 11:35:13', '1385064426583863297', 224, '【订单取消】 【抵扣】购买商品【华为 HUAWEI Mate 30 麒麟990旗舰芯片4000万超感光徕卡影像屏内指纹8G+128GB星河银4G全网通版游戏手机】 * 1', '1273187904351694850', '1417319654236418050', '5');
INSERT INTO `points_record` (`id`, `tenant_id`, `shop_id`, `del_flag`, `create_time`, `update_time`, `user_id`, `amount`, `description`, `spu_id`, `order_item_id`, `record_type`) VALUES ('1417327927077474306', '1', '1261193631538073602', '0', '2021-07-20 11:38:05', '2021-07-20 11:38:05', '1385064426583863297', 134, '【订单取消】 【抵扣】购买商品【Redmi K30 王一博同款 120Hz流速屏 前置挖孔双摄 索尼6400万后置四摄 4500mAh超长续航 27W快充 6GB+128GB 紫玉幻境 游戏智能手机 小米 红米】 * 1', '1273189745068142593', '1417320374922702849', '5');
INSERT INTO `points_record` (`id`, `tenant_id`, `shop_id`, `del_flag`, `create_time`, `update_time`, `user_id`, `amount`, `description`, `spu_id`, `order_item_id`, `record_type`) VALUES ('1417328299913293826', '1', '1261176336950480898', '0', '2021-07-20 11:39:34', '2021-07-20 11:39:34', '1385064426583863297', 224, '【订单取消】 【抵扣】购买商品【华为 HUAWEI Mate 30 麒麟990旗舰芯片4000万超感光徕卡影像屏内指纹8G+128GB星河银4G全网通版游戏手机】 * 1', '1273187904351694850', '1417320743140691970', '5');
INSERT INTO `points_record` (`id`, `tenant_id`, `shop_id`, `del_flag`, `create_time`, `update_time`, `user_id`, `amount`, `description`, `spu_id`, `order_item_id`, `record_type`) VALUES ('1417328410500313089', '1', '1261176336950480898', '0', '2021-07-20 11:40:00', '2021-07-20 11:40:00', '1385064426583863297', 229, '【订单取消】 【抵扣】购买商品【华为 HUAWEI Mate 30 麒麟990旗舰芯片4000万超感光徕卡影像屏内指纹8G+128GB星河银4G全网通版游戏手机】 * 1', '1273187904351694850', '1417320858861539330', '5');
INSERT INTO `points_record` (`id`, `tenant_id`, `shop_id`, `del_flag`, `create_time`, `update_time`, `user_id`, `amount`, `description`, `spu_id`, `order_item_id`, `record_type`) VALUES ('1417328773496352769', '1', '1261193631538073602', '0', '2021-07-20 11:41:26', '2021-07-20 11:41:26', '1385064426583863297', 84, '【订单取消】 【抵扣】购买商品【Redmi K30 王一博同款 120Hz流速屏 前置挖孔双摄 索尼6400万后置四摄 4500mAh超长续航 27W快充 6GB+128GB 紫玉幻境 游戏智能手机 小米 红米】 * 1', '1273189745068142593', '1417321167172243460', '5');
INSERT INTO `points_record` (`id`, `tenant_id`, `shop_id`, `del_flag`, `create_time`, `update_time`, `user_id`, `amount`, `description`, `spu_id`, `order_item_id`, `record_type`) VALUES ('1417328773592821761', '1', '1261176336950480898', '0', '2021-07-20 11:41:26', '2021-07-20 11:41:26', '1385064426583863297', 459, '【订单取消】 【抵扣】购买商品【华为 HUAWEI Mate 30 麒麟990旗舰芯片4000万超感光徕卡影像屏内指纹8G+128GB星河银4G全网通版游戏手机】 * 2', '1273187904351694850', '1417321167486816258', '5');
INSERT INTO `points_record` (`id`, `tenant_id`, `shop_id`, `del_flag`, `create_time`, `update_time`, `user_id`, `amount`, `description`, `spu_id`, `order_item_id`, `record_type`) VALUES ('1417330919096758273', '1', '1261176336950480898', '0', '2021-07-20 11:49:58', '2021-07-20 11:49:58', '1385064426583863297', 224, '【订单取消】 【抵扣】购买商品【华为 HUAWEI Mate 30 麒麟990旗舰芯片4000万超感光徕卡影像屏内指纹8G+128GB星河银4G全网通版游戏手机】 * 1', '1273187904351694850', '1417323366849810434', '5');
INSERT INTO `points_record` (`id`, `tenant_id`, `shop_id`, `del_flag`, `create_time`, `update_time`, `user_id`, `amount`, `description`, `spu_id`, `order_item_id`, `record_type`) VALUES ('1417331046154809345', '1', '1261176336950480898', '0', '2021-07-20 11:50:28', '2021-07-20 11:50:28', '1385064426583863297', 229, '【订单取消】 【抵扣】购买商品【华为 HUAWEI Mate 30 麒麟990旗舰芯片4000万超感光徕卡影像屏内指纹8G+128GB星河银4G全网通版游戏手机】 * 1', '1273187904351694850', '1417323493698146307', '5');
INSERT INTO `points_record` (`id`, `tenant_id`, `shop_id`, `del_flag`, `create_time`, `update_time`, `user_id`, `amount`, `description`, `spu_id`, `order_item_id`, `record_type`) VALUES ('1421325632036433922', '1', '1261193346845495297', '0', '2021-07-31 12:23:32', '2021-07-31 12:23:32', '1385064426583863297', 500, '【赠送】购买商品【Apple iPhone 11 (A2223) 128GB 黑色】 * 1', '1273191752084549634', '1421325354092490754', '2');
INSERT INTO `points_record` (`id`, `tenant_id`, `shop_id`, `del_flag`, `create_time`, `update_time`, `user_id`, `amount`, `description`, `spu_id`, `order_item_id`, `record_type`) VALUES ('1445311783824375809', '1', '1261193346845495297', '0', '2021-10-05 16:55:56', '2021-10-05 16:55:56', '1387751568009359361', 500, '【赠送】购买商品【Apple iPhone 11 (A2223) 128GB 黑色】 * 1', '1273191752084549634', '1445310815632211969', '2');
INSERT INTO `points_record` (`id`, `tenant_id`, `shop_id`, `del_flag`, `create_time`, `update_time`, `user_id`, `amount`, `description`, `spu_id`, `order_item_id`, `record_type`) VALUES ('1445333290994647041', '1', '1261193346845495297', '0', '2021-10-05 18:21:24', '2021-10-05 18:21:24', '1387751568009359361', 500, '【赠送】购买商品【Apple iPhone 11 (A2223) 128GB 黑色】 * 1', '1273191752084549634', '1445333096940978178', '2');
INSERT INTO `points_record` (`id`, `tenant_id`, `shop_id`, `del_flag`, `create_time`, `update_time`, `user_id`, `amount`, `description`, `spu_id`, `order_item_id`, `record_type`) VALUES ('1445337888165728257', '1', '1261193346845495297', '0', '2021-10-05 18:39:40', '2021-10-05 18:39:40', '1387751568009359361', 500, '【赠送】购买商品【Apple iPhone 11 (A2223) 128GB 黑色】 * 1', '1273191752084549634', '1445337245061488641', '2');
INSERT INTO `points_record` (`id`, `tenant_id`, `shop_id`, `del_flag`, `create_time`, `update_time`, `user_id`, `amount`, `description`, `spu_id`, `order_item_id`, `record_type`) VALUES ('1445340459278274561', '1', '1261193346845495297', '0', '2021-10-05 18:49:53', '2021-10-05 18:49:53', '1387751568009359361', 500, '【赠送】购买商品【Apple iPhone 11 (A2223) 128GB 黑色】 * 1', '1273191752084549634', '1445340393805189122', '2');
INSERT INTO `points_record` (`id`, `tenant_id`, `shop_id`, `del_flag`, `create_time`, `update_time`, `user_id`, `amount`, `description`, `spu_id`, `order_item_id`, `record_type`) VALUES ('1445659520335974401', '1', '1261193346845495297', '0', '2021-10-06 15:57:43', '2021-10-06 15:57:43', '1387751568009359361', 500, '【赠送】购买商品【Apple iPhone 11 (A2223) 128GB 黑色】 * 1', '1273191752084549634', '1445659345068593153', '2');
INSERT INTO `points_record` (`id`, `tenant_id`, `shop_id`, `del_flag`, `create_time`, `update_time`, `user_id`, `amount`, `description`, `spu_id`, `order_item_id`, `record_type`) VALUES ('1445660139138404354', '1', '1261193346845495297', '0', '2021-10-06 16:00:10', '2021-10-06 16:00:10', '1387751568009359361', 500, '【赠送】购买商品【Apple iPhone 11 (A2223) 128GB 黑色】 * 1', '1273191752084549634', '1445660080703361026', '2');
INSERT INTO `points_record` (`id`, `tenant_id`, `shop_id`, `del_flag`, `create_time`, `update_time`, `user_id`, `amount`, `description`, `spu_id`, `order_item_id`, `record_type`) VALUES ('1445728997723348994', '1', '1261176336950480898', '0', '2021-10-06 20:33:48', '2021-10-06 20:33:48', '1387751568009359361', 100, '【赠送】购买商品【华为 HUAWEI nova 7 SE 5G 麒麟820 5G SoC芯片 6400万高清AI四摄 40W超级快充 8GB+128GB银月星辉全网通手机】 * 1', '1273186784766128130', '1445725377305042945', '2');
INSERT INTO `points_record` (`id`, `tenant_id`, `shop_id`, `del_flag`, `create_time`, `update_time`, `user_id`, `amount`, `description`, `spu_id`, `order_item_id`, `record_type`) VALUES ('1445738018811523074', '1', '1261176336950480898', '0', '2021-10-06 21:09:38', '2021-10-06 21:09:38', '1387751568009359361', 100, '【赠送】购买商品【华为 HUAWEI nova 7 SE 5G 麒麟820 5G SoC芯片 6400万高清AI四摄 40W超级快充 8GB+128GB银月星辉全网通手机】 * 1', '1273186784766128130', '1445737956471582721', '2');
INSERT INTO `points_record` (`id`, `tenant_id`, `shop_id`, `del_flag`, `create_time`, `update_time`, `user_id`, `amount`, `description`, `spu_id`, `order_item_id`, `record_type`) VALUES ('1445739316147499010', '1', '1261176336950480898', '0', '2021-10-06 21:14:48', '2021-10-06 21:14:48', '1387751568009359361', 100, '【赠送】购买商品【华为 HUAWEI nova 7 SE 5G 麒麟820 5G SoC芯片 6400万高清AI四摄 40W超级快充 8GB+128GB银月星辉全网通手机】 * 1', '1273186784766128130', '1445739260115791874', '2');
INSERT INTO `points_record` (`id`, `tenant_id`, `shop_id`, `del_flag`, `create_time`, `update_time`, `user_id`, `amount`, `description`, `spu_id`, `order_item_id`, `record_type`) VALUES ('1445742272066416641', '1', '1261176336950480898', '0', '2021-10-06 21:26:32', '2021-10-06 21:26:32', '1387751568009359361', 100, '【赠送】购买商品【华为 HUAWEI nova 7 SE 5G 麒麟820 5G SoC芯片 6400万高清AI四摄 40W超级快充 8GB+128GB银月星辉全网通手机】 * 1', '1273186784766128130', '1445742213522321409', '2');
INSERT INTO `points_record` (`id`, `tenant_id`, `shop_id`, `del_flag`, `create_time`, `update_time`, `user_id`, `amount`, `description`, `spu_id`, `order_item_id`, `record_type`) VALUES ('1445950168553304065', '1', '1261176336950480898', '0', '2021-10-07 11:12:39', '2021-10-07 11:12:39', '1387751568009359361', 100, '【赠送】购买商品【华为 HUAWEI nova 7 SE 5G 麒麟820 5G SoC芯片 6400万高清AI四摄 40W超级快充 8GB+128GB银月星辉全网通手机】 * 1', '1273186784766128130', '1445950100597190658', '2');
INSERT INTO `points_record` (`id`, `tenant_id`, `shop_id`, `del_flag`, `create_time`, `update_time`, `user_id`, `amount`, `description`, `spu_id`, `order_item_id`, `record_type`) VALUES ('1445950358437867521', '1', '1261176336950480898', '0', '2021-10-07 11:13:24', '2021-10-07 11:13:24', '1387751568009359361', -100, '【退款】 【赠送】购买商品【华为 HUAWEI nova 7 SE 5G 麒麟820 5G SoC芯片 6400万高清AI四摄 40W超级快充 8GB+128GB银月星辉全网通手机】 * 1', '1273186784766128130', '1445950100597190658', '3');
INSERT INTO `points_record` (`id`, `tenant_id`, `shop_id`, `del_flag`, `create_time`, `update_time`, `user_id`, `amount`, `description`, `spu_id`, `order_item_id`, `record_type`) VALUES ('1445951183394516994', '1', '1261176336950480898', '0', '2021-10-07 11:16:41', '2021-10-07 11:16:41', '1387751568009359361', 100, '【赠送】购买商品【华为 HUAWEI nova 7 SE 5G 麒麟820 5G SoC芯片 6400万高清AI四摄 40W超级快充 8GB+128GB银月星辉全网通手机】 * 1', '1273186784766128130', '1445951116126269442', '2');
INSERT INTO `points_record` (`id`, `tenant_id`, `shop_id`, `del_flag`, `create_time`, `update_time`, `user_id`, `amount`, `description`, `spu_id`, `order_item_id`, `record_type`) VALUES ('1445952030425763841', '1', '1261176336950480898', '0', '2021-10-07 11:20:03', '2021-10-07 11:20:03', '1387751568009359361', 100, '【赠送】购买商品【华为 HUAWEI nova 7 SE 5G 麒麟820 5G SoC芯片 6400万高清AI四摄 40W超级快充 8GB+128GB银月星辉全网通手机】 * 1', '1273186784766128130', '1445951981415321603', '2');
INSERT INTO `points_record` (`id`, `tenant_id`, `shop_id`, `del_flag`, `create_time`, `update_time`, `user_id`, `amount`, `description`, `spu_id`, `order_item_id`, `record_type`) VALUES ('1445956013718618114', '1', '1261176336950480898', '0', '2021-10-07 11:35:52', '2021-10-07 11:35:52', '1387751568009359361', 100, '【赠送】购买商品【华为 HUAWEI nova 7 SE 5G 麒麟820 5G SoC芯片 6400万高清AI四摄 40W超级快充 8GB+128GB银月星辉全网通手机】 * 1', '1273186784766128130', '1445955960207687682', '2');
INSERT INTO `points_record` (`id`, `tenant_id`, `shop_id`, `del_flag`, `create_time`, `update_time`, `user_id`, `amount`, `description`, `spu_id`, `order_item_id`, `record_type`) VALUES ('1445956803497558018', '1', '1261176336950480898', '0', '2021-10-07 11:39:01', '2021-10-07 11:39:01', '1387751568009359361', 100, '【赠送】购买商品【华为 HUAWEI nova 7 SE 5G 麒麟820 5G SoC芯片 6400万高清AI四摄 40W超级快充 8GB+128GB银月星辉全网通手机】 * 1', '1273186784766128130', '1445956733716922370', '2');
INSERT INTO `points_record` (`id`, `tenant_id`, `shop_id`, `del_flag`, `create_time`, `update_time`, `user_id`, `amount`, `description`, `spu_id`, `order_item_id`, `record_type`) VALUES ('1445956803497558019', '1', '1261176336950480898', '0', '2021-10-07 11:39:01', '2021-10-07 11:39:01', '1387751568009359361', 100, '【赠送】购买商品【华为 HUAWEI nova 7 SE 5G 麒麟820 5G SoC芯片 6400万高清AI四摄 40W超级快充 8GB+128GB银月星辉全网通手机】 * 1', '1273186784766128130', '1445956733716922371', '2');
INSERT INTO `points_record` (`id`, `tenant_id`, `shop_id`, `del_flag`, `create_time`, `update_time`, `user_id`, `amount`, `description`, `spu_id`, `order_item_id`, `record_type`) VALUES ('1446026249952108545', '1', '1261176336950480898', '0', '2021-10-07 16:14:58', '2021-10-07 16:14:58', '1387751568009359361', 100, '【赠送】购买商品【华为 HUAWEI nova 7 SE 5G 麒麟820 5G SoC芯片 6400万高清AI四摄 40W超级快充 8GB+128GB银月星辉全网通手机】 * 1', '1273186784766128130', '1446026188379725827', '2');
INSERT INTO `points_record` (`id`, `tenant_id`, `shop_id`, `del_flag`, `create_time`, `update_time`, `user_id`, `amount`, `description`, `spu_id`, `order_item_id`, `record_type`) VALUES ('1446027120173719554', '1', '1261176336950480898', '0', '2021-10-07 16:18:26', '2021-10-07 16:18:26', '1387751568009359361', 100, '【赠送】购买商品【华为 HUAWEI nova 7 SE 5G 麒麟820 5G SoC芯片 6400万高清AI四摄 40W超级快充 8GB+128GB银月星辉全网通手机】 * 1', '1273186784766128130', '1446027073163960321', '2');
INSERT INTO `points_record` (`id`, `tenant_id`, `shop_id`, `del_flag`, `create_time`, `update_time`, `user_id`, `amount`, `description`, `spu_id`, `order_item_id`, `record_type`) VALUES ('1446028040823447554', '1', '1261176336950480898', '0', '2021-10-07 16:22:05', '2021-10-07 16:22:05', '1387751568009359361', 100, '【赠送】购买商品【华为 HUAWEI nova 7 SE 5G 麒麟820 5G SoC芯片 6400万高清AI四摄 40W超级快充 8GB+128GB银月星辉全网通手机】 * 1', '1273186784766128130', '1446028000335831042', '2');
INSERT INTO `points_record` (`id`, `tenant_id`, `shop_id`, `del_flag`, `create_time`, `update_time`, `user_id`, `amount`, `description`, `spu_id`, `order_item_id`, `record_type`) VALUES ('1446029450591936513', '1', '1261176336950480898', '0', '2021-10-07 16:27:41', '2021-10-07 16:27:41', '1387751568009359361', 100, '【赠送】购买商品【华为 HUAWEI nova 7 SE 5G 麒麟820 5G SoC芯片 6400万高清AI四摄 40W超级快充 8GB+128GB银月星辉全网通手机】 * 1', '1273186784766128130', '1446029400209956866', '2');
INSERT INTO `points_record` (`id`, `tenant_id`, `shop_id`, `del_flag`, `create_time`, `update_time`, `user_id`, `amount`, `description`, `spu_id`, `order_item_id`, `record_type`) VALUES ('1446030784590323714', '1', '1261176336950480898', '0', '2021-10-07 16:32:59', '2021-10-07 16:32:59', '1387751568009359361', 100, '【赠送】购买商品【华为 HUAWEI nova 7 SE 5G 麒麟820 5G SoC芯片 6400万高清AI四摄 40W超级快充 8GB+128GB银月星辉全网通手机】 * 1', '1273186784766128130', '1446030725765210113', '2');
INSERT INTO `points_record` (`id`, `tenant_id`, `shop_id`, `del_flag`, `create_time`, `update_time`, `user_id`, `amount`, `description`, `spu_id`, `order_item_id`, `record_type`) VALUES ('1446034685376929794', '1', '1261176336950480898', '0', '2021-10-07 16:48:29', '2021-10-07 16:48:29', '1387751568009359361', 100, '【赠送】购买商品【华为 HUAWEI nova 7 SE 5G 麒麟820 5G SoC芯片 6400万高清AI四摄 40W超级快充 8GB+128GB银月星辉全网通手机】 * 1', '1273186784766128130', '1446034634877509634', '2');
INSERT INTO `points_record` (`id`, `tenant_id`, `shop_id`, `del_flag`, `create_time`, `update_time`, `user_id`, `amount`, `description`, `spu_id`, `order_item_id`, `record_type`) VALUES ('1446035187510616065', '1', '1261176336950480898', '0', '2021-10-07 16:50:29', '2021-10-07 16:50:29', '1387751568009359361', 100, '【赠送】购买商品【华为 HUAWEI nova 7 SE 5G 麒麟820 5G SoC芯片 6400万高清AI四摄 40W超级快充 8GB+128GB银月星辉全网通手机】 * 1', '1273186784766128130', '1446035140836401154', '2');
INSERT INTO `points_record` (`id`, `tenant_id`, `shop_id`, `del_flag`, `create_time`, `update_time`, `user_id`, `amount`, `description`, `spu_id`, `order_item_id`, `record_type`) VALUES ('1446035968666181634', '1', '1261176336950480898', '0', '2021-10-07 16:53:35', '2021-10-07 16:53:35', '1387751568009359361', 100, '【赠送】购买商品【华为 HUAWEI nova 7 SE 5G 麒麟820 5G SoC芯片 6400万高清AI四摄 40W超级快充 8GB+128GB银月星辉全网通手机】 * 1', '1273186784766128130', '1446035921178271745', '2');
INSERT INTO `points_record` (`id`, `tenant_id`, `shop_id`, `del_flag`, `create_time`, `update_time`, `user_id`, `amount`, `description`, `spu_id`, `order_item_id`, `record_type`) VALUES ('1446036124467748865', '1', '1261176336950480898', '0', '2021-10-07 16:54:12', '2021-10-07 16:54:12', '1387751568009359361', -100, '【退款】 【赠送】购买商品【华为 HUAWEI nova 7 SE 5G 麒麟820 5G SoC芯片 6400万高清AI四摄 40W超级快充 8GB+128GB银月星辉全网通手机】 * 1', '1273186784766128130', '1446035921178271745', '3');
INSERT INTO `points_record` (`id`, `tenant_id`, `shop_id`, `del_flag`, `create_time`, `update_time`, `user_id`, `amount`, `description`, `spu_id`, `order_item_id`, `record_type`) VALUES ('1446038279102734337', '1', '1261176336950480898', '0', '2021-10-07 17:02:46', '2021-10-07 17:02:46', '1387751568009359361', 100, '【赠送】购买商品【华为 HUAWEI nova 7 SE 5G 麒麟820 5G SoC芯片 6400万高清AI四摄 40W超级快充 8GB+128GB银月星辉全网通手机】 * 1', '1273186784766128130', '1446038227701538818', '2');
INSERT INTO `points_record` (`id`, `tenant_id`, `shop_id`, `del_flag`, `create_time`, `update_time`, `user_id`, `amount`, `description`, `spu_id`, `order_item_id`, `record_type`) VALUES ('1446038858742984705', '1', '1261176336950480898', '0', '2021-10-07 17:05:04', '2021-10-07 17:05:04', '1387751568009359361', -100, '【退款】 【赠送】购买商品【华为 HUAWEI nova 7 SE 5G 麒麟820 5G SoC芯片 6400万高清AI四摄 40W超级快充 8GB+128GB银月星辉全网通手机】 * 1', '1273186784766128130', '1446038227701538818', '3');
INSERT INTO `points_record` (`id`, `tenant_id`, `shop_id`, `del_flag`, `create_time`, `update_time`, `user_id`, `amount`, `description`, `spu_id`, `order_item_id`, `record_type`) VALUES ('1446317684932816898', '1', '1261176336950480898', '0', '2021-10-08 11:33:02', '2021-10-08 11:33:02', '1385064426583863297', 100, '【赠送】购买商品【华为 HUAWEI nova 7 SE 5G 麒麟820 5G SoC芯片 6400万高清AI四摄 40W超级快充 8GB+128GB银月星辉全网通手机】 * 1', '1273186784766128130', '1446317610228068353', '2');
INSERT INTO `points_record` (`id`, `tenant_id`, `shop_id`, `del_flag`, `create_time`, `update_time`, `user_id`, `amount`, `description`, `spu_id`, `order_item_id`, `record_type`) VALUES ('1446317847650840578', '1', '1261176336950480898', '0', '2021-10-08 11:33:40', '2021-10-08 11:33:40', '1385064426583863297', 100, '【赠送】购买商品【华为 HUAWEI nova 7 SE 5G 麒麟820 5G SoC芯片 6400万高清AI四摄 40W超级快充 8GB+128GB银月星辉全网通手机】 * 1', '1273186784766128130', '1446317779094941698', '2');
INSERT INTO `points_record` (`id`, `tenant_id`, `shop_id`, `del_flag`, `create_time`, `update_time`, `user_id`, `amount`, `description`, `spu_id`, `order_item_id`, `record_type`) VALUES ('1446325120796200961', '1', '1261176336950480898', '0', '2021-10-08 12:02:34', '2021-10-08 12:02:34', '1387751568009359361', 100, '【赠送】购买商品【华为 HUAWEI nova 7 SE 5G 麒麟820 5G SoC芯片 6400万高清AI四摄 40W超级快充 8GB+128GB银月星辉全网通手机】 * 1', '1273186784766128130', '1446325070242254850', '2');
INSERT INTO `points_record` (`id`, `tenant_id`, `shop_id`, `del_flag`, `create_time`, `update_time`, `user_id`, `amount`, `description`, `spu_id`, `order_item_id`, `record_type`) VALUES ('1446325440108580865', '1', '1261176336950480898', '0', '2021-10-08 12:03:51', '2021-10-08 12:03:51', '1387751568009359361', -100, '【退款】 【赠送】购买商品【华为 HUAWEI nova 7 SE 5G 麒麟820 5G SoC芯片 6400万高清AI四摄 40W超级快充 8GB+128GB银月星辉全网通手机】 * 1', '1273186784766128130', '1446325070242254850', '3');
INSERT INTO `points_record` (`id`, `tenant_id`, `shop_id`, `del_flag`, `create_time`, `update_time`, `user_id`, `amount`, `description`, `spu_id`, `order_item_id`, `record_type`) VALUES ('1446326518078345217', '1', '1261176336950480898', '0', '2021-10-08 12:08:08', '2021-10-08 12:08:08', '1387751568009359361', 100, '【赠送】购买商品【华为 HUAWEI nova 7 SE 5G 麒麟820 5G SoC芯片 6400万高清AI四摄 40W超级快充 8GB+128GB银月星辉全网通手机】 * 1', '1273186784766128130', '1446326472716947457', '2');
INSERT INTO `points_record` (`id`, `tenant_id`, `shop_id`, `del_flag`, `create_time`, `update_time`, `user_id`, `amount`, `description`, `spu_id`, `order_item_id`, `record_type`) VALUES ('1446327399511330818', '1', '1261176336950480898', '0', '2021-10-08 12:11:38', '2021-10-08 12:11:38', '1387751568009359361', 100, '【赠送】购买商品【华为 HUAWEI nova 7 SE 5G 麒麟820 5G SoC芯片 6400万高清AI四摄 40W超级快充 8GB+128GB银月星辉全网通手机】 * 1', '1273186784766128130', '1446327238991122434', '2');
INSERT INTO `points_record` (`id`, `tenant_id`, `shop_id`, `del_flag`, `create_time`, `update_time`, `user_id`, `amount`, `description`, `spu_id`, `order_item_id`, `record_type`) VALUES ('1446328692028051457', '1', '1261176336950480898', '0', '2021-10-08 12:16:46', '2021-10-08 12:16:46', '1387751568009359361', 100, '【赠送】购买商品【华为 HUAWEI nova 7 SE 5G 麒麟820 5G SoC芯片 6400万高清AI四摄 40W超级快充 8GB+128GB银月星辉全网通手机】 * 1', '1273186784766128130', '1446328615687524353', '2');
INSERT INTO `points_record` (`id`, `tenant_id`, `shop_id`, `del_flag`, `create_time`, `update_time`, `user_id`, `amount`, `description`, `spu_id`, `order_item_id`, `record_type`) VALUES ('1446329265267773442', '1', '1261176336950480898', '0', '2021-10-08 12:19:03', '2021-10-08 12:19:03', '1387751568009359361', 100, '【赠送】购买商品【华为 HUAWEI nova 7 SE 5G 麒麟820 5G SoC芯片 6400万高清AI四摄 40W超级快充 8GB+128GB银月星辉全网通手机】 * 1', '1273186784766128130', '1446329231549763585', '2');
INSERT INTO `points_record` (`id`, `tenant_id`, `shop_id`, `del_flag`, `create_time`, `update_time`, `user_id`, `amount`, `description`, `spu_id`, `order_item_id`, `record_type`) VALUES ('1446329416409415682', '1', '1261176336950480898', '0', '2021-10-08 12:19:39', '2021-10-08 12:19:39', '1387751568009359361', -100, '【退款】 【赠送】购买商品【华为 HUAWEI nova 7 SE 5G 麒麟820 5G SoC芯片 6400万高清AI四摄 40W超级快充 8GB+128GB银月星辉全网通手机】 * 1', '1273186784766128130', '1446329231549763585', '3');
INSERT INTO `points_record` (`id`, `tenant_id`, `shop_id`, `del_flag`, `create_time`, `update_time`, `user_id`, `amount`, `description`, `spu_id`, `order_item_id`, `record_type`) VALUES ('1446329731066204161', '1', '1261176336950480898', '0', '2021-10-08 12:20:54', '2021-10-08 12:20:54', '1387751568009359361', 100, '【赠送】购买商品【华为 HUAWEI nova 7 SE 5G 麒麟820 5G SoC芯片 6400万高清AI四摄 40W超级快充 8GB+128GB银月星辉全网通手机】 * 1', '1273186784766128130', '1446329683691540482', '2');
INSERT INTO `points_record` (`id`, `tenant_id`, `shop_id`, `del_flag`, `create_time`, `update_time`, `user_id`, `amount`, `description`, `spu_id`, `order_item_id`, `record_type`) VALUES ('1446330484606390273', '1', '1261176336950480898', '0', '2021-10-08 12:23:53', '2021-10-08 12:23:53', '1387751568009359361', -100, '【退款】 【赠送】购买商品【华为 HUAWEI nova 7 SE 5G 麒麟820 5G SoC芯片 6400万高清AI四摄 40W超级快充 8GB+128GB银月星辉全网通手机】 * 1', '1273186784766128130', '1446329683691540482', '3');
INSERT INTO `points_record` (`id`, `tenant_id`, `shop_id`, `del_flag`, `create_time`, `update_time`, `user_id`, `amount`, `description`, `spu_id`, `order_item_id`, `record_type`) VALUES ('1446330626466222082', '1', '1261176336950480898', '0', '2021-10-08 12:24:27', '2021-10-08 12:24:27', '1387751568009359361', 100, '【赠送】购买商品【华为 HUAWEI nova 7 SE 5G 麒麟820 5G SoC芯片 6400万高清AI四摄 40W超级快充 8GB+128GB银月星辉全网通手机】 * 1', '1273186784766128130', '1446330582325366785', '2');
INSERT INTO `points_record` (`id`, `tenant_id`, `shop_id`, `del_flag`, `create_time`, `update_time`, `user_id`, `amount`, `description`, `spu_id`, `order_item_id`, `record_type`) VALUES ('1446330787376418817', '1', '1261176336950480898', '0', '2021-10-08 12:25:05', '2021-10-08 12:25:05', '1387751568009359361', -100, '【退款】 【赠送】购买商品【华为 HUAWEI nova 7 SE 5G 麒麟820 5G SoC芯片 6400万高清AI四摄 40W超级快充 8GB+128GB银月星辉全网通手机】 * 1', '1273186784766128130', '1446330582325366785', '3');
INSERT INTO `points_record` (`id`, `tenant_id`, `shop_id`, `del_flag`, `create_time`, `update_time`, `user_id`, `amount`, `description`, `spu_id`, `order_item_id`, `record_type`) VALUES ('1446331052146135042', '1', '1261176336950480898', '0', '2021-10-08 12:26:09', '2021-10-08 12:26:09', '1387751568009359361', 100, '【赠送】购买商品【华为 HUAWEI nova 7 SE 5G 麒麟820 5G SoC芯片 6400万高清AI四摄 40W超级快充 8GB+128GB银月星辉全网通手机】 * 1', '1273186784766128130', '1446330997385302019', '2');
INSERT INTO `points_record` (`id`, `tenant_id`, `shop_id`, `del_flag`, `create_time`, `update_time`, `user_id`, `amount`, `description`, `spu_id`, `order_item_id`, `record_type`) VALUES ('1446331247839694850', '1', '1261176336950480898', '0', '2021-10-08 12:26:55', '2021-10-08 12:26:55', '1387751568009359361', -100, '【退款】 【赠送】购买商品【华为 HUAWEI nova 7 SE 5G 麒麟820 5G SoC芯片 6400万高清AI四摄 40W超级快充 8GB+128GB银月星辉全网通手机】 * 1', '1273186784766128130', '1446330997385302019', '3');
INSERT INTO `points_record` (`id`, `tenant_id`, `shop_id`, `del_flag`, `create_time`, `update_time`, `user_id`, `amount`, `description`, `spu_id`, `order_item_id`, `record_type`) VALUES ('1446331833255563266', '1', NULL, '0', '2021-10-08 12:29:15', '2021-10-08 12:29:15', '1385064426583863297', 3000, '会员初始积分', NULL, NULL, '1');
INSERT INTO `points_record` (`id`, `tenant_id`, `shop_id`, `del_flag`, `create_time`, `update_time`, `user_id`, `amount`, `description`, `spu_id`, `order_item_id`, `record_type`) VALUES ('1446336721335091201', '1', '1261176336950480898', '0', '2021-10-08 12:48:40', '2021-10-08 12:48:40', '1387751568009359361', 100, '【赠送】购买商品【华为 HUAWEI nova 7 SE 5G 麒麟820 5G SoC芯片 6400万高清AI四摄 40W超级快充 8GB+128GB银月星辉全网通手机】 * 1', '1273186784766128130', '1446335922387345409', '2');
INSERT INTO `points_record` (`id`, `tenant_id`, `shop_id`, `del_flag`, `create_time`, `update_time`, `user_id`, `amount`, `description`, `spu_id`, `order_item_id`, `record_type`) VALUES ('1446352092888838146', '1', '1261176336950480898', '0', '2021-10-08 13:49:45', '2021-10-08 13:49:45', '1387751568009359361', 100, '【赠送】购买商品【华为 HUAWEI nova 7 SE 5G 麒麟820 5G SoC芯片 6400万高清AI四摄 40W超级快充 8GB+128GB银月星辉全网通手机】 * 1', '1273186784766128130', '1446350630376976386', '2');
INSERT INTO `points_record` (`id`, `tenant_id`, `shop_id`, `del_flag`, `create_time`, `update_time`, `user_id`, `amount`, `description`, `spu_id`, `order_item_id`, `record_type`) VALUES ('1446354166548541442', '1', '1261176336950480898', '0', '2021-10-08 13:57:59', '2021-10-08 13:57:59', '1387751568009359361', 100, '【赠送】购买商品【华为 HUAWEI nova 7 SE 5G 麒麟820 5G SoC芯片 6400万高清AI四摄 40W超级快充 8GB+128GB银月星辉全网通手机】 * 1', '1273186784766128130', '1446354089541120002', '2');
INSERT INTO `points_record` (`id`, `tenant_id`, `shop_id`, `del_flag`, `create_time`, `update_time`, `user_id`, `amount`, `description`, `spu_id`, `order_item_id`, `record_type`) VALUES ('1446354941609783297', '1', '1261176336950480898', '0', '2021-10-08 14:01:04', '2021-10-08 14:01:04', '1387751568009359361', 100, '【赠送】购买商品【华为 HUAWEI nova 7 SE 5G 麒麟820 5G SoC芯片 6400万高清AI四摄 40W超级快充 8GB+128GB银月星辉全网通手机】 * 1', '1273186784766128130', '1446354559764541441', '2');
INSERT INTO `points_record` (`id`, `tenant_id`, `shop_id`, `del_flag`, `create_time`, `update_time`, `user_id`, `amount`, `description`, `spu_id`, `order_item_id`, `record_type`) VALUES ('1446357417654235137', '1', '1261176336950480898', '0', '2021-10-08 14:10:55', '2021-10-08 14:10:55', '1387751568009359361', 100, '【赠送】购买商品【华为 HUAWEI nova 7 SE 5G 麒麟820 5G SoC芯片 6400万高清AI四摄 40W超级快充 8GB+128GB银月星辉全网通手机】 * 1', '1273186784766128130', '1446357352797712387', '2');
INSERT INTO `points_record` (`id`, `tenant_id`, `shop_id`, `del_flag`, `create_time`, `update_time`, `user_id`, `amount`, `description`, `spu_id`, `order_item_id`, `record_type`) VALUES ('1446357833414619137', '1', '1261176336950480898', '0', '2021-10-08 14:12:34', '2021-10-08 14:12:34', '1387751568009359361', 100, '【赠送】购买商品【华为 HUAWEI nova 7 SE 5G 麒麟820 5G SoC芯片 6400万高清AI四摄 40W超级快充 8GB+128GB银月星辉全网通手机】 * 1', '1273186784766128130', '1446357795577802753', '2');
INSERT INTO `points_record` (`id`, `tenant_id`, `shop_id`, `del_flag`, `create_time`, `update_time`, `user_id`, `amount`, `description`, `spu_id`, `order_item_id`, `record_type`) VALUES ('1446358301662523393', '1', '1261176336950480898', '0', '2021-10-08 14:14:25', '2021-10-08 14:14:25', '1387751568009359361', 100, '【赠送】购买商品【华为 HUAWEI nova 7 SE 5G 麒麟820 5G SoC芯片 6400万高清AI四摄 40W超级快充 8GB+128GB银月星辉全网通手机】 * 1', '1273186784766128130', '1446358209131982850', '2');
INSERT INTO `points_record` (`id`, `tenant_id`, `shop_id`, `del_flag`, `create_time`, `update_time`, `user_id`, `amount`, `description`, `spu_id`, `order_item_id`, `record_type`) VALUES ('1446359041747464194', '1', '1261176336950480898', '0', '2021-10-08 14:17:22', '2021-10-08 14:17:22', '1387751568009359361', 100, '【赠送】购买商品【华为 HUAWEI nova 7 SE 5G 麒麟820 5G SoC芯片 6400万高清AI四摄 40W超级快充 8GB+128GB银月星辉全网通手机】 * 1', '1273186784766128130', '1446358999091392513', '2');
INSERT INTO `points_record` (`id`, `tenant_id`, `shop_id`, `del_flag`, `create_time`, `update_time`, `user_id`, `amount`, `description`, `spu_id`, `order_item_id`, `record_type`) VALUES ('1446359634574585858', '1', '1261176336950480898', '0', '2021-10-08 14:19:43', '2021-10-08 14:19:43', '1387751568009359361', 100, '【赠送】购买商品【华为 HUAWEI nova 7 SE 5G 麒麟820 5G SoC芯片 6400万高清AI四摄 40W超级快充 8GB+128GB银月星辉全网通手机】 * 1', '1273186784766128130', '1446359539439382531', '2');
INSERT INTO `points_record` (`id`, `tenant_id`, `shop_id`, `del_flag`, `create_time`, `update_time`, `user_id`, `amount`, `description`, `spu_id`, `order_item_id`, `record_type`) VALUES ('1446360019011907586', '1', '1261176336950480898', '0', '2021-10-08 14:21:15', '2021-10-08 14:21:15', '1387751568009359361', 100, '【赠送】购买商品【华为 HUAWEI nova 7 SE 5G 麒麟820 5G SoC芯片 6400万高清AI四摄 40W超级快充 8GB+128GB银月星辉全网通手机】 * 1', '1273186784766128130', '1446359843065049089', '2');
INSERT INTO `points_record` (`id`, `tenant_id`, `shop_id`, `del_flag`, `create_time`, `update_time`, `user_id`, `amount`, `description`, `spu_id`, `order_item_id`, `record_type`) VALUES ('1447091610122305537', '1', '1261176336950480898', '0', '2021-10-10 14:48:20', '2021-10-10 14:48:20', '1387751568009359361', 100, '【赠送】购买商品【华为 HUAWEI nova 7 SE 5G 麒麟820 5G SoC芯片 6400万高清AI四摄 40W超级快充 8GB+128GB银月星辉全网通手机】 * 1', '1273186784766128130', '1447091546477936641', '2');
INSERT INTO `points_record` (`id`, `tenant_id`, `shop_id`, `del_flag`, `create_time`, `update_time`, `user_id`, `amount`, `description`, `spu_id`, `order_item_id`, `record_type`) VALUES ('1450837657671782402', '1', '1261193631538073602', '0', '2021-10-20 22:53:47', '2021-10-20 22:53:47', '1387751568009359361', 1000, '【赠送】购买商品【Redmi K30 王一博同款 120Hz流速屏 前置挖孔双摄 索尼6400万后置四摄 4500mAh超长续航 27W快充 6GB+128GB 紫玉幻境 游戏智能手机 小米 红米】 * 1', '1273189745068142593', '1450832491933433857', '2');
INSERT INTO `points_record` (`id`, `tenant_id`, `shop_id`, `del_flag`, `create_time`, `update_time`, `user_id`, `amount`, `description`, `spu_id`, `order_item_id`, `record_type`) VALUES ('1450838969729765377', '1', '1261193631538073602', '0', '2021-10-20 22:59:00', '2021-10-20 22:59:00', '1387751568009359361', 1000, '【赠送】购买商品【Redmi K30 王一博同款 120Hz流速屏 前置挖孔双摄 索尼6400万后置四摄 4500mAh超长续航 27W快充 6GB+128GB 紫玉幻境 游戏智能手机 小米 红米】 * 1', '1273189745068142593', '1450838836145377281', '2');
INSERT INTO `points_record` (`id`, `tenant_id`, `shop_id`, `del_flag`, `create_time`, `update_time`, `user_id`, `amount`, `description`, `spu_id`, `order_item_id`, `record_type`) VALUES ('1450841325234114561', '1', '1261193631538073602', '0', '2021-10-20 23:08:21', '2021-10-20 23:08:21', '1387751568009359361', 500, '【赠送】购买商品【【至高12期免息】小米10 5G游戏手机权益版全网通 冰海蓝 8G+256G】 * 1', '1273190776913063938', '1450841126398939138', '2');
INSERT INTO `points_record` (`id`, `tenant_id`, `shop_id`, `del_flag`, `create_time`, `update_time`, `user_id`, `amount`, `description`, `spu_id`, `order_item_id`, `record_type`) VALUES ('1451018179400257538', '1', '1261193631538073602', '0', '2021-10-21 10:51:07', '2021-10-21 10:51:07', '1387751568009359361', 500, '【赠送】购买商品【【至高12期免息】小米10 5G游戏手机权益版全网通 冰海蓝 8G+256G】 * 1', '1273190776913063938', '1451018104066363393', '2');
INSERT INTO `points_record` (`id`, `tenant_id`, `shop_id`, `del_flag`, `create_time`, `update_time`, `user_id`, `amount`, `description`, `spu_id`, `order_item_id`, `record_type`) VALUES ('1453246222801924097', '1', '1261176336950480898', '0', '2021-10-27 14:24:34', '2021-10-27 14:24:34', '1387751568009359361', 100, '【赠送】购买商品【华为 HUAWEI nova 7 SE 5G 麒麟820 5G SoC芯片 6400万高清AI四摄 40W超级快充 8GB+128GB银月星辉全网通手机】 * 1', '1273186784766128130', '1453243159630409730', '2');
INSERT INTO `points_record` (`id`, `tenant_id`, `shop_id`, `del_flag`, `create_time`, `update_time`, `user_id`, `amount`, `description`, `spu_id`, `order_item_id`, `record_type`) VALUES ('1453246480432852994', '1', '1261176336950480898', '0', '2021-10-27 14:25:35', '2021-10-27 14:25:35', '1387751568009359361', 100, '【赠送】购买商品【华为 HUAWEI nova 7 SE 5G 麒麟820 5G SoC芯片 6400万高清AI四摄 40W超级快充 8GB+128GB银月星辉全网通手机】 * 1', '1273186784766128130', '1453243159630409730', '2');
INSERT INTO `points_record` (`id`, `tenant_id`, `shop_id`, `del_flag`, `create_time`, `update_time`, `user_id`, `amount`, `description`, `spu_id`, `order_item_id`, `record_type`) VALUES ('1453248464372146177', '1', '1261176336950480898', '0', '2021-10-27 14:33:28', '2021-10-27 14:33:28', '1387751568009359361', 100, '【赠送】购买商品【华为 HUAWEI nova 7 SE 5G 麒麟820 5G SoC芯片 6400万高清AI四摄 40W超级快充 8GB+128GB银月星辉全网通手机】 * 1', '1273186784766128130', '1453248235384119298', '2');
INSERT INTO `points_record` (`id`, `tenant_id`, `shop_id`, `del_flag`, `create_time`, `update_time`, `user_id`, `amount`, `description`, `spu_id`, `order_item_id`, `record_type`) VALUES ('1453249738777923586', '1', '1261176336950480898', '0', '2021-10-27 14:38:32', '2021-10-27 14:38:32', '1387751568009359361', 100, '【赠送】购买商品【华为 HUAWEI nova 7 SE 5G 麒麟820 5G SoC芯片 6400万高清AI四摄 40W超级快充 8GB+128GB银月星辉全网通手机】 * 1', '1273186784766128130', '1453249609496891393', '2');
INSERT INTO `points_record` (`id`, `tenant_id`, `shop_id`, `del_flag`, `create_time`, `update_time`, `user_id`, `amount`, `description`, `spu_id`, `order_item_id`, `record_type`) VALUES ('1453249880465707009', '1', '1261176336950480898', '0', '2021-10-27 14:39:06', '2021-10-27 14:39:06', '1387751568009359361', 100, '【赠送】购买商品【华为 HUAWEI nova 7 SE 5G 麒麟820 5G SoC芯片 6400万高清AI四摄 40W超级快充 8GB+128GB银月星辉全网通手机】 * 1', '1273186784766128130', '1453249609496891393', '2');
INSERT INTO `points_record` (`id`, `tenant_id`, `shop_id`, `del_flag`, `create_time`, `update_time`, `user_id`, `amount`, `description`, `spu_id`, `order_item_id`, `record_type`) VALUES ('1453249980982202370', '1', '1261176336950480898', '0', '2021-10-27 14:39:30', '2021-10-27 14:39:30', '1387751568009359361', 100, '【赠送】购买商品【华为 HUAWEI nova 7 SE 5G 麒麟820 5G SoC芯片 6400万高清AI四摄 40W超级快充 8GB+128GB银月星辉全网通手机】 * 1', '1273186784766128130', '1453249609496891393', '2');
INSERT INTO `points_record` (`id`, `tenant_id`, `shop_id`, `del_flag`, `create_time`, `update_time`, `user_id`, `amount`, `description`, `spu_id`, `order_item_id`, `record_type`) VALUES ('1453253208440389633', '1', '1261176336950480898', '0', '2021-10-27 14:52:19', '2021-10-27 14:52:19', '1387751568009359361', 100, '【赠送】购买商品【华为 HUAWEI nova 7 SE 5G 麒麟820 5G SoC芯片 6400万高清AI四摄 40W超级快充 8GB+128GB银月星辉全网通手机】 * 1', '1273186784766128130', '1453253045894332418', '2');
INSERT INTO `points_record` (`id`, `tenant_id`, `shop_id`, `del_flag`, `create_time`, `update_time`, `user_id`, `amount`, `description`, `spu_id`, `order_item_id`, `record_type`) VALUES ('1453259554212626433', '1', '1261176336950480898', '0', '2021-10-27 15:17:32', '2021-10-27 15:17:32', '1387751568009359361', 100, '【赠送】购买商品【华为 HUAWEI nova 7 SE 5G 麒麟820 5G SoC芯片 6400万高清AI四摄 40W超级快充 8GB+128GB银月星辉全网通手机】 * 1', '1273186784766128130', '1453259376105701378', '2');
INSERT INTO `points_record` (`id`, `tenant_id`, `shop_id`, `del_flag`, `create_time`, `update_time`, `user_id`, `amount`, `description`, `spu_id`, `order_item_id`, `record_type`) VALUES ('1453263502604582914', '1', '1261176336950480898', '0', '2021-10-27 15:33:14', '2021-10-27 15:33:14', '1387751568009359361', 100, '【赠送】购买商品【华为 HUAWEI nova 7 SE 5G 麒麟820 5G SoC芯片 6400万高清AI四摄 40W超级快充 8GB+128GB银月星辉全网通手机】 * 1', '1273186784766128130', '1453263433167880195', '2');
INSERT INTO `points_record` (`id`, `tenant_id`, `shop_id`, `del_flag`, `create_time`, `update_time`, `user_id`, `amount`, `description`, `spu_id`, `order_item_id`, `record_type`) VALUES ('1453266379402244098', '1', '1261176336950480898', '0', '2021-10-27 15:44:39', '2021-10-27 15:44:39', '1387751568009359361', 100, '【赠送】购买商品【华为 HUAWEI nova 7 SE 5G 麒麟820 5G SoC芯片 6400万高清AI四摄 40W超级快充 8GB+128GB银月星辉全网通手机】 * 1', '1273186784766128130', '1453266144475082754', '2');
INSERT INTO `points_record` (`id`, `tenant_id`, `shop_id`, `del_flag`, `create_time`, `update_time`, `user_id`, `amount`, `description`, `spu_id`, `order_item_id`, `record_type`) VALUES ('1453269890374332417', '1', '1261176336950480898', '0', '2021-10-27 15:58:36', '2021-10-27 15:58:36', '1387751568009359361', 100, '【赠送】购买商品【华为 HUAWEI nova 7 SE 5G 麒麟820 5G SoC芯片 6400万高清AI四摄 40W超级快充 8GB+128GB银月星辉全网通手机】 * 1', '1273186784766128130', '1453269782584913921', '2');
INSERT INTO `points_record` (`id`, `tenant_id`, `shop_id`, `del_flag`, `create_time`, `update_time`, `user_id`, `amount`, `description`, `spu_id`, `order_item_id`, `record_type`) VALUES ('1453284009655713794', '1', '1261176336950480898', '0', '2021-10-27 16:54:43', '2021-10-27 16:54:43', '1387751568009359361', 100, '【赠送】购买商品【华为 HUAWEI nova 7 SE 5G 麒麟820 5G SoC芯片 6400万高清AI四摄 40W超级快充 8GB+128GB银月星辉全网通手机】 * 1', '1273186784766128130', '1453283910674333698', '2');
INSERT INTO `points_record` (`id`, `tenant_id`, `shop_id`, `del_flag`, `create_time`, `update_time`, `user_id`, `amount`, `description`, `spu_id`, `order_item_id`, `record_type`) VALUES ('1455070391877349377', '1', '1261176336950480898', '0', '2021-11-01 15:13:09', '2021-11-01 15:13:09', '1387751568009359361', 100, '【赠送】购买商品【华为 HUAWEI nova 7 SE 5G 麒麟820 5G SoC芯片 6400万高清AI四摄 40W超级快充 8GB+128GB银月星辉全网通手机】 * 1', '1273186784766128130', '1455070325699620867', '2');
INSERT INTO `points_record` (`id`, `tenant_id`, `shop_id`, `del_flag`, `create_time`, `update_time`, `user_id`, `amount`, `description`, `spu_id`, `order_item_id`, `record_type`) VALUES ('1455075783848042498', '1', '1261176336950480898', '0', '2021-11-01 15:34:35', '2021-11-01 15:34:35', '1387751568009359361', 100, '【赠送】购买商品【华为 HUAWEI nova 7 SE 5G 麒麟820 5G SoC芯片 6400万高清AI四摄 40W超级快充 8GB+128GB银月星辉全网通手机】 * 1', '1273186784766128130', '1455075716642709507', '2');
INSERT INTO `points_record` (`id`, `tenant_id`, `shop_id`, `del_flag`, `create_time`, `update_time`, `user_id`, `amount`, `description`, `spu_id`, `order_item_id`, `record_type`) VALUES ('1455084704360837121', '1', '1261176336950480898', '0', '2021-11-01 16:10:02', '2021-11-01 16:10:02', '1387751568009359361', 100, '【赠送】购买商品【华为 HUAWEI nova 7 SE 5G 麒麟820 5G SoC芯片 6400万高清AI四摄 40W超级快充 8GB+128GB银月星辉全网通手机】 * 1', '1273186784766128130', '1455084625075908609', '2');
COMMIT;

-- ----------------------------
-- Table structure for seckill_hall
-- ----------------------------
DROP TABLE IF EXISTS `seckill_hall`;
CREATE TABLE `seckill_hall` (
  `id` varchar(32) CHARACTER SET utf8mb4 COLLATE utf8mb4_0900_ai_ci NOT NULL COMMENT 'PK',
  `tenant_id` varchar(32) CHARACTER SET utf8mb4 COLLATE utf8mb4_0900_ai_ci NOT NULL COMMENT '所属租户',
  `del_flag` char(2) CHARACTER SET utf8mb4 COLLATE utf8mb4_0900_ai_ci NOT NULL DEFAULT '0' COMMENT '逻辑删除标记（0：显示；1：隐藏）',
  `create_time` datetime NOT NULL DEFAULT CURRENT_TIMESTAMP COMMENT '创建时间',
  `update_time` timestamp NOT NULL DEFAULT CURRENT_TIMESTAMP ON UPDATE CURRENT_TIMESTAMP COMMENT '最后更新时间',
  `create_id` varchar(32) CHARACTER SET utf8mb3 COLLATE utf8mb3_general_ci DEFAULT NULL COMMENT '创建者ID',
  `sort` int NOT NULL DEFAULT '0' COMMENT '排序字段',
  `hall_date` varchar(20) NOT NULL COMMENT '会场日期',
  `hall_time` int NOT NULL COMMENT '会场时间（单位时：0~23）',
  `enable` char(2) NOT NULL COMMENT '（1：开启；0：关闭）',
  PRIMARY KEY (`id`) USING BTREE,
  UNIQUE KEY `uk_date_time` (`hall_date`,`hall_time`),
  KEY `ids_tenant_id` (`tenant_id`) USING BTREE
) ENGINE=InnoDB DEFAULT CHARSET=utf8mb4 COLLATE=utf8mb4_0900_ai_ci ROW_FORMAT=DYNAMIC COMMENT='秒杀会场';

-- ----------------------------
-- Records of seckill_hall
-- ----------------------------
BEGIN;
INSERT INTO `seckill_hall` (`id`, `tenant_id`, `del_flag`, `create_time`, `update_time`, `create_id`, `sort`, `hall_date`, `hall_time`, `enable`) VALUES ('1293453653337763841', '1', '0', '2020-08-12 15:45:56', '2020-08-13 10:11:27', NULL, 0, '2021-07-20', 11, '1');
INSERT INTO `seckill_hall` (`id`, `tenant_id`, `del_flag`, `create_time`, `update_time`, `create_id`, `sort`, `hall_date`, `hall_time`, `enable`) VALUES ('1293749992013459457', '1', '0', '2020-08-13 11:23:29', '2020-08-13 11:23:29', NULL, 0, '2020-09-17', 2, '1');
INSERT INTO `seckill_hall` (`id`, `tenant_id`, `del_flag`, `create_time`, `update_time`, `create_id`, `sort`, `hall_date`, `hall_time`, `enable`) VALUES ('1294154049945374721', '1', '0', '2020-08-14 14:09:04', '2020-08-14 14:09:04', NULL, 0, '2020-09-16', 6, '1');
INSERT INTO `seckill_hall` (`id`, `tenant_id`, `del_flag`, `create_time`, `update_time`, `create_id`, `sort`, `hall_date`, `hall_time`, `enable`) VALUES ('1297787646778593282', '1', '0', '2020-08-24 14:47:41', '2020-08-24 14:47:41', NULL, 0, '2020-09-10', 22, '1');
INSERT INTO `seckill_hall` (`id`, `tenant_id`, `del_flag`, `create_time`, `update_time`, `create_id`, `sort`, `hall_date`, `hall_time`, `enable`) VALUES ('1297787703284256769', '1', '0', '2020-08-24 14:47:54', '2020-10-24 21:52:27', NULL, 0, '2020-10-24', 15, '1');
INSERT INTO `seckill_hall` (`id`, `tenant_id`, `del_flag`, `create_time`, `update_time`, `create_id`, `sort`, `hall_date`, `hall_time`, `enable`) VALUES ('1297787782170726402', '1', '0', '2020-08-24 14:48:13', '2020-10-24 21:52:27', NULL, 0, '2020-10-24', 14, '1');
INSERT INTO `seckill_hall` (`id`, `tenant_id`, `del_flag`, `create_time`, `update_time`, `create_id`, `sort`, `hall_date`, `hall_time`, `enable`) VALUES ('1297880647299260417', '1', '0', '2020-08-24 20:57:14', '2020-10-24 21:52:27', NULL, 0, '2020-10-24', 20, '1');
INSERT INTO `seckill_hall` (`id`, `tenant_id`, `del_flag`, `create_time`, `update_time`, `create_id`, `sort`, `hall_date`, `hall_time`, `enable`) VALUES ('1298075069257375746', '1', '0', '2020-08-25 09:49:48', '2020-08-25 14:15:26', NULL, 0, '2020-08-25', 15, '1');
INSERT INTO `seckill_hall` (`id`, `tenant_id`, `del_flag`, `create_time`, `update_time`, `create_id`, `sort`, `hall_date`, `hall_time`, `enable`) VALUES ('1298075188195254274', '1', '0', '2020-08-25 09:50:16', '2020-08-25 09:50:16', NULL, 0, '2020-08-25', 9, '1');
INSERT INTO `seckill_hall` (`id`, `tenant_id`, `del_flag`, `create_time`, `update_time`, `create_id`, `sort`, `hall_date`, `hall_time`, `enable`) VALUES ('1298141885782634498', '1', '0', '2020-08-25 14:15:18', '2020-08-25 14:15:18', NULL, 0, '2020-08-25', 14, '1');
INSERT INTO `seckill_hall` (`id`, `tenant_id`, `del_flag`, `create_time`, `update_time`, `create_id`, `sort`, `hall_date`, `hall_time`, `enable`) VALUES ('1349249276667047937', '1', '0', '2021-01-13 14:57:50', '2021-01-13 14:57:50', NULL, 0, '2021-01-13', 5, '1');
COMMIT;

-- ----------------------------
-- Table structure for seckill_hall_info
-- ----------------------------
DROP TABLE IF EXISTS `seckill_hall_info`;
CREATE TABLE `seckill_hall_info` (
  `id` varchar(32) CHARACTER SET utf8mb4 COLLATE utf8mb4_0900_ai_ci NOT NULL COMMENT 'PK',
  `tenant_id` varchar(32) CHARACTER SET utf8mb4 COLLATE utf8mb4_0900_ai_ci NOT NULL COMMENT '所属租户',
  `shop_id` varchar(32) NOT NULL COMMENT '店铺Id',
  `del_flag` char(2) CHARACTER SET utf8mb4 COLLATE utf8mb4_0900_ai_ci NOT NULL DEFAULT '0' COMMENT '逻辑删除标记（0：显示；1：隐藏）',
  `create_time` datetime NOT NULL DEFAULT CURRENT_TIMESTAMP COMMENT '创建时间',
  `update_time` timestamp NOT NULL DEFAULT CURRENT_TIMESTAMP ON UPDATE CURRENT_TIMESTAMP COMMENT '最后更新时间',
  `create_id` varchar(32) CHARACTER SET utf8mb3 COLLATE utf8mb3_general_ci DEFAULT NULL COMMENT '创建者ID',
  `sort` int NOT NULL DEFAULT '0' COMMENT '排序字段',
  `seckill_hall_id` varchar(32) NOT NULL COMMENT '会场Id',
  `seckill_info_id` varchar(32) CHARACTER SET utf8mb4 COLLATE utf8mb4_0900_ai_ci NOT NULL COMMENT '秒杀商品Id',
  PRIMARY KEY (`id`) USING BTREE,
  KEY `ids_tenant_id` (`tenant_id`) USING BTREE
) ENGINE=InnoDB DEFAULT CHARSET=utf8mb4 COLLATE=utf8mb4_0900_ai_ci ROW_FORMAT=DYNAMIC COMMENT='秒杀会场商品';

-- ----------------------------
-- Records of seckill_hall_info
-- ----------------------------
BEGIN;
INSERT INTO `seckill_hall_info` (`id`, `tenant_id`, `shop_id`, `del_flag`, `create_time`, `update_time`, `create_id`, `sort`, `seckill_hall_id`, `seckill_info_id`) VALUES ('1417328474249572353', '1', '1261176336950480898', '0', '2021-07-20 11:40:15', '2021-07-20 11:40:15', NULL, 0, '1293453653337763841', '1315832419623915521');
COMMIT;

-- ----------------------------
-- Table structure for seckill_info
-- ----------------------------
DROP TABLE IF EXISTS `seckill_info`;
CREATE TABLE `seckill_info` (
  `id` varchar(32) CHARACTER SET utf8mb4 COLLATE utf8mb4_0900_ai_ci NOT NULL COMMENT 'PK',
  `tenant_id` varchar(32) CHARACTER SET utf8mb4 COLLATE utf8mb4_0900_ai_ci NOT NULL COMMENT '所属租户',
  `shop_id` varchar(32) NOT NULL COMMENT '店铺Id',
  `del_flag` char(2) CHARACTER SET utf8mb4 COLLATE utf8mb4_0900_ai_ci NOT NULL DEFAULT '0' COMMENT '逻辑删除标记（0：显示；1：隐藏）',
  `create_time` datetime NOT NULL DEFAULT CURRENT_TIMESTAMP COMMENT '创建时间',
  `update_time` timestamp NOT NULL DEFAULT CURRENT_TIMESTAMP ON UPDATE CURRENT_TIMESTAMP COMMENT '最后更新时间',
  `create_id` varchar(32) CHARACTER SET utf8mb3 COLLATE utf8mb3_general_ci DEFAULT NULL COMMENT '创建者ID',
  `sort` int NOT NULL DEFAULT '0' COMMENT '排序字段',
  `enable` char(2) CHARACTER SET utf8mb4 COLLATE utf8mb4_0900_ai_ci NOT NULL COMMENT '（1：开启；0：关闭）',
  `spu_id` varchar(32) CHARACTER SET utf8mb4 COLLATE utf8mb4_0900_ai_ci NOT NULL COMMENT '商品Id',
  `sku_id` varchar(32) CHARACTER SET utf8mb4 COLLATE utf8mb4_0900_ai_ci NOT NULL COMMENT 'skuId',
  `name` varchar(100) DEFAULT NULL COMMENT '秒杀名称',
  `seckill_price` decimal(10,2) NOT NULL COMMENT '秒杀底价',
  `seckill_num` int DEFAULT '0' COMMENT '已售数量',
  `limit_num` int NOT NULL COMMENT '总限量',
  `each_limit_num` int NOT NULL COMMENT '每人限购数量',
  `pic_url` varchar(500) DEFAULT NULL COMMENT '图片',
  `seckill_rule` text COMMENT '秒杀规则',
  `share_title` varchar(30) CHARACTER SET utf8mb4 COLLATE utf8mb4_0900_ai_ci NOT NULL COMMENT '分享标题 ',
  `version` int DEFAULT NULL COMMENT '版本号',
  PRIMARY KEY (`id`) USING BTREE,
  KEY `ids_tenant_id` (`tenant_id`) USING BTREE
) ENGINE=InnoDB DEFAULT CHARSET=utf8mb4 COLLATE=utf8mb4_0900_ai_ci ROW_FORMAT=DYNAMIC COMMENT='秒杀商品';

-- ----------------------------
-- Records of seckill_info
-- ----------------------------
BEGIN;
INSERT INTO `seckill_info` (`id`, `tenant_id`, `shop_id`, `del_flag`, `create_time`, `update_time`, `create_id`, `sort`, `enable`, `spu_id`, `sku_id`, `name`, `seckill_price`, `seckill_num`, `limit_num`, `each_limit_num`, `pic_url`, `seckill_rule`, `share_title`, `version`) VALUES ('1315832419623915521', '1', '1261176336950480898', '0', '2020-10-13 09:51:10', '2021-10-26 10:12:28', NULL, 0, '1', '1273187904351694850', '1273187904360083458', 'tesdtsd', 0.01, 0, 1, 1, 'https://minio.joolun.com/joolun/1/material/4e209339-40e6-4999-bef9-16660eda6e3a.jpg', 'wetewtwetwe\nwetwetewtewt', 'sdgsdgwetwetwe', NULL);
COMMIT;

-- ----------------------------
-- Table structure for shop_apply
-- ----------------------------
DROP TABLE IF EXISTS `shop_apply`;
CREATE TABLE `shop_apply` (
  `id` varchar(32) CHARACTER SET utf8mb4 COLLATE utf8mb4_0900_ai_ci NOT NULL COMMENT 'PK',
  `tenant_id` varchar(32) CHARACTER SET utf8mb4 COLLATE utf8mb4_0900_ai_ci NOT NULL COMMENT '所属租户',
  `del_flag` char(2) CHARACTER SET utf8mb4 COLLATE utf8mb4_0900_ai_ci NOT NULL DEFAULT '0' COMMENT '逻辑删除标记（0：显示；1：隐藏）',
  `create_time` datetime NOT NULL DEFAULT CURRENT_TIMESTAMP COMMENT '创建时间',
  `update_time` timestamp NOT NULL DEFAULT CURRENT_TIMESTAMP ON UPDATE CURRENT_TIMESTAMP COMMENT '最后更新时间',
  `phone` varchar(15) CHARACTER SET utf8mb3 COLLATE utf8mb3_general_ci NOT NULL COMMENT '电话号码',
  `name` varchar(100) CHARACTER SET utf8mb4 COLLATE utf8mb4_0900_ai_ci NOT NULL COMMENT '店铺名',
  `img_url` varchar(1000) CHARACTER SET utf8mb4 COLLATE utf8mb4_0900_ai_ci NOT NULL COMMENT '图片',
  `city` varchar(64) DEFAULT NULL COMMENT '所在城市',
  `country` varchar(64) DEFAULT NULL COMMENT '所在国家',
  `province` varchar(64) DEFAULT NULL COMMENT '所在省份',
  `address` varchar(225) DEFAULT NULL COMMENT '详细地址',
  `longitude` varchar(64) DEFAULT NULL COMMENT '经度',
  `latitude` varchar(64) DEFAULT NULL COMMENT '纬度',
  `detail` varchar(225) DEFAULT NULL COMMENT '详细介绍',
  `user_username` varchar(64) CHARACTER SET utf8mb3 COLLATE utf8mb3_general_ci NOT NULL COMMENT '店长用户名',
  `user_password` varchar(255) CHARACTER SET utf8mb4 COLLATE utf8mb4_bin NOT NULL COMMENT '店长密码',
  `user_phone` varchar(15) CHARACTER SET utf8mb4 COLLATE utf8mb4_0900_ai_ci NOT NULL COMMENT '店长手机号',
  `user_email` varchar(64) CHARACTER SET utf8mb4 COLLATE utf8mb4_0900_ai_ci NOT NULL COMMENT '店长邮箱',
  `user_avatar` varchar(1000) CHARACTER SET utf8mb4 COLLATE utf8mb4_0900_ai_ci DEFAULT NULL COMMENT '店长头像',
  `user_nickname` varchar(64) CHARACTER SET utf8mb4 COLLATE utf8mb4_0900_ai_ci DEFAULT NULL COMMENT '店长昵称（客服系统中展示的名称）',
  `status` char(2) NOT NULL DEFAULT '0' COMMENT '审核状态（0：审核中；1：审核通过；2：审核不通过）',
  `apply_detail` varchar(500) DEFAULT NULL COMMENT '审核细节说明',
  `shop_id` varchar(64) DEFAULT NULL COMMENT '店铺ID；审核通过后才会生成',
  PRIMARY KEY (`id`),
  KEY `ids_tenant_id` (`tenant_id`) USING BTREE
) ENGINE=InnoDB DEFAULT CHARSET=utf8mb4 COLLATE=utf8mb4_0900_ai_ci ROW_FORMAT=DYNAMIC COMMENT='店铺入驻申请表';

-- ----------------------------
-- Records of shop_apply
-- ----------------------------
BEGIN;
INSERT INTO `shop_apply` (`id`, `tenant_id`, `del_flag`, `create_time`, `update_time`, `phone`, `name`, `img_url`, `city`, `country`, `province`, `address`, `longitude`, `latitude`, `detail`, `user_username`, `user_password`, `user_phone`, `user_email`, `user_avatar`, `user_nickname`, `status`, `apply_detail`, `shop_id`) VALUES ('1322086254956818433', '1', '0', '2020-10-30 16:01:41', '2020-10-30 16:01:41', '1865365321', '炒喖月店', 'http://minio.joolun.com/joolun/1/material/32f19366-3c43-4002-9a82-c984a2d20bbf.png', '', '', '', '', '', '', '', '158657564', '$2a$10$EiFZ2is0hyPhis77ve7o1OfBW2GQ2zY7aTe4WN0WEkZoU/F1R/2E6', '15865756436', '53535sd@qq.com', 'http://minio.joolun.com/joolun/1/material/32f19366-3c43-4002-9a82-c984a2d20bbf.png', '炒喖', '1', '', '1322086254956818433');
INSERT INTO `shop_apply` (`id`, `tenant_id`, `del_flag`, `create_time`, `update_time`, `phone`, `name`, `img_url`, `city`, `country`, `province`, `address`, `longitude`, `latitude`, `detail`, `user_username`, `user_password`, `user_phone`, `user_email`, `user_avatar`, `user_nickname`, `status`, `apply_detail`, `shop_id`) VALUES ('1322088502470422529', '1', '0', '2020-10-30 16:10:36', '2020-10-30 16:10:36', '1862365472', '不貊枯店', 'http://minio.joolun.com/joolun/1/material/32f19366-3c43-4002-9a82-c984a2d20bbf.png', '', '', '', '', '', '', '', '1585654', '$2a$10$lvW5D9Nj.KBZyvsSeZeC8eQI9NsC3zcKFaD2ZClj5xp44O3VfPsr2', '186532565', '5455@qq.com', 'http://minio.joolun.com/joolun/1/material/32f19366-3c43-4002-9a82-c984a2d20bbf.png', '貊枯', '1', '', '1322088502470422529');
INSERT INTO `shop_apply` (`id`, `tenant_id`, `del_flag`, `create_time`, `update_time`, `phone`, `name`, `img_url`, `city`, `country`, `province`, `address`, `longitude`, `latitude`, `detail`, `user_username`, `user_password`, `user_phone`, `user_email`, `user_avatar`, `user_nickname`, `status`, `apply_detail`, `shop_id`) VALUES ('1322091667110498306', '1', '0', '2020-10-30 16:23:11', '2020-10-30 16:23:11', '18653654875', '中有人店', 'http://minio.joolun.com/joolun/1/material/32f19366-3c43-4002-9a82-c984a2d20bbf.png', '', '', '', '', '', '', '', '15865864442', '123456', '15865864442', '15865864442@qq.com', 'http://minio.joolun.com/joolun/1/material/32f19366-3c43-4002-9a82-c984a2d20bbf.png', 'sg仍', '1', '', '1322091667110498306');
INSERT INTO `shop_apply` (`id`, `tenant_id`, `del_flag`, `create_time`, `update_time`, `phone`, `name`, `img_url`, `city`, `country`, `province`, `address`, `longitude`, `latitude`, `detail`, `user_username`, `user_password`, `user_phone`, `user_email`, `user_avatar`, `user_nickname`, `status`, `apply_detail`, `shop_id`) VALUES ('1322734198567473153', '1', '0', '2020-11-01 10:56:22', '2020-11-01 10:56:22', '1865565632', 'sdgsgsdg', 'http://minio.joolun.com/joolun/1/material/32f19366-3c43-4002-9a82-c984a2d20bbf.png', NULL, NULL, NULL, '山西省太原市杏花岭区中涧河乡山西懒熊火锅超市管理有限公司太原现代都市农业主题产业园', '112.60850375533101', '37.92577531817118', '', 'sdgdsg', '123456', '1865365425', 'wetwett@qq.com', 'http://minio.joolun.com/joolun/1/material/32f19366-3c43-4002-9a82-c984a2d20bbf.png', 'sdgwetwet', '2', '杨艳玲有', NULL);
INSERT INTO `shop_apply` (`id`, `tenant_id`, `del_flag`, `create_time`, `update_time`, `phone`, `name`, `img_url`, `city`, `country`, `province`, `address`, `longitude`, `latitude`, `detail`, `user_username`, `user_password`, `user_phone`, `user_email`, `user_avatar`, `user_nickname`, `status`, `apply_detail`, `shop_id`) VALUES ('1322757367789522945', '1', '0', '2020-11-01 12:28:26', '2020-11-01 12:28:26', '18608419761', '杨艳玲有仍', 'http://minio.joolun.com/joolun/1/material/32f19366-3c43-4002-9a82-c984a2d20bbf.png', NULL, NULL, NULL, NULL, NULL, NULL, '', '18608419761', '18608419761', '18608419761', '18608419761', 'http://minio.joolun.com/joolun/1/material/32f19366-3c43-4002-9a82-c984a2d20bbf.png', '18608419761', '2', '热也容易', NULL);
INSERT INTO `shop_apply` (`id`, `tenant_id`, `del_flag`, `create_time`, `update_time`, `phone`, `name`, `img_url`, `city`, `country`, `province`, `address`, `longitude`, `latitude`, `detail`, `user_username`, `user_password`, `user_phone`, `user_email`, `user_avatar`, `user_nickname`, `status`, `apply_detail`, `shop_id`) VALUES ('1322757834225487873', '1', '0', '2020-11-01 12:30:18', '2020-11-01 12:30:18', '18608419761', '杰奎琳一', 'http://minio.joolun.com/joolun/1/material/32f19366-3c43-4002-9a82-c984a2d20bbf.png', NULL, NULL, NULL, '北京市西城区金融街街道金亚光大厦石油金融大厦', '116.35922634691002', '39.92316743526548', 'fhdfhfdh325', '18608419761', '18608419761', '18608419761', '18608419761', 'http://minio.joolun.com/joolun/1/material/32f19366-3c43-4002-9a82-c984a2d20bbf.png', '18608419761', '0', 's各位', NULL);
INSERT INTO `shop_apply` (`id`, `tenant_id`, `del_flag`, `create_time`, `update_time`, `phone`, `name`, `img_url`, `city`, `country`, `province`, `address`, `longitude`, `latitude`, `detail`, `user_username`, `user_password`, `user_phone`, `user_email`, `user_avatar`, `user_nickname`, `status`, `apply_detail`, `shop_id`) VALUES ('1323450999605616642', '1', '0', '2020-11-03 10:24:41', '2020-11-03 10:24:41', '18608419763', 'wetwett', 'http://minio.joolun.com/joolun/1/material/32f19366-3c43-4002-9a82-c984a2d20bbf.png', NULL, NULL, NULL, '北京市海淀区八里庄街道百年兰氏庆福园酒家北京市地质工程勘察院', '116.30137646287682', '39.925142128167565', '', '18608419763', '18608419763', '18608419763', '18608419763', 'http://minio.joolun.com/joolun/1/material/32f19366-3c43-4002-9a82-c984a2d20bbf.png', '18608419763', '0', NULL, NULL);
INSERT INTO `shop_apply` (`id`, `tenant_id`, `del_flag`, `create_time`, `update_time`, `phone`, `name`, `img_url`, `city`, `country`, `province`, `address`, `longitude`, `latitude`, `detail`, `user_username`, `user_password`, `user_phone`, `user_email`, `user_avatar`, `user_nickname`, `status`, `apply_detail`, `shop_id`) VALUES ('1323451120498040834', '1', '0', '2020-11-03 10:25:10', '2020-11-03 10:25:10', '18608419763', 'wetwett', 'http://minio.joolun.com/joolun/1/material/32f19366-3c43-4002-9a82-c984a2d20bbf.png', NULL, NULL, NULL, '北京市海淀区八里庄街道百年兰氏庆福园酒家北京市地质工程勘察院', '116.30137646287682', '39.925142128167565', '', '18608419763', '18608419763', '18608419763', '18608419763', 'http://minio.joolun.com/joolun/1/material/32f19366-3c43-4002-9a82-c984a2d20bbf.png', '18608419763', '0', NULL, NULL);
INSERT INTO `shop_apply` (`id`, `tenant_id`, `del_flag`, `create_time`, `update_time`, `phone`, `name`, `img_url`, `city`, `country`, `province`, `address`, `longitude`, `latitude`, `detail`, `user_username`, `user_password`, `user_phone`, `user_email`, `user_avatar`, `user_nickname`, `status`, `apply_detail`, `shop_id`) VALUES ('1323459043882229761', '1', '0', '2020-11-03 10:56:39', '2020-11-03 10:56:39', '18565425413', '18565425413', 'http://minio.joolun.com/joolun/1/material/10952adc-cad0-4c53-8762-9906d1dde220.jpg', NULL, NULL, NULL, NULL, NULL, NULL, '', '18565425413', '18565425413', '18565425413', '18565425413', 'http://minio.joolun.com/joolun/1/material/d770b0b5-0117-4b1d-8eea-92ded66fbf7e.jpg', '18565425413', '1', '', '1323459043882229761');
INSERT INTO `shop_apply` (`id`, `tenant_id`, `del_flag`, `create_time`, `update_time`, `phone`, `name`, `img_url`, `city`, `country`, `province`, `address`, `longitude`, `latitude`, `detail`, `user_username`, `user_password`, `user_phone`, `user_email`, `user_avatar`, `user_nickname`, `status`, `apply_detail`, `shop_id`) VALUES ('1343382944263188482', '1', '0', '2020-12-28 10:27:07', '2020-12-28 10:27:07', '18608419761', '346346', 'http://minio.joolun.com/joolun/1/material/52152ce2-84fc-4f5b-ac35-92a9f067e1eb.jpg', NULL, NULL, NULL, '湖南省长沙市芙蓉区定王台街道苏宁电器(五一广场店)惠农大厦', '112.97695749744776', '28.193543920951303', 'eryery', '34636', '234', '34624362363', '34636', 'http://minio.joolun.com/joolun/1/material/4e209339-40e6-4999-bef9-16660eda6e3a.jpg', '364236', '2', '', NULL);
COMMIT;

-- ----------------------------
-- Table structure for shop_info
-- ----------------------------
DROP TABLE IF EXISTS `shop_info`;
CREATE TABLE `shop_info` (
  `id` varchar(32) CHARACTER SET utf8mb4 COLLATE utf8mb4_0900_ai_ci NOT NULL COMMENT 'PK',
  `tenant_id` varchar(32) CHARACTER SET utf8mb4 COLLATE utf8mb4_0900_ai_ci NOT NULL COMMENT '所属租户',
  `del_flag` char(2) CHARACTER SET utf8mb4 COLLATE utf8mb4_0900_ai_ci NOT NULL DEFAULT '0' COMMENT '逻辑删除标记（0：显示；1：隐藏）',
  `create_time` datetime NOT NULL DEFAULT CURRENT_TIMESTAMP COMMENT '创建时间',
  `update_time` timestamp NOT NULL DEFAULT CURRENT_TIMESTAMP ON UPDATE CURRENT_TIMESTAMP COMMENT '最后更新时间',
  `enable` char(2) NOT NULL COMMENT '（1：开启；0：关闭）',
  `phone` varchar(15) CHARACTER SET utf8mb3 COLLATE utf8mb3_general_ci NOT NULL COMMENT '电话号码',
  `name` varchar(100) CHARACTER SET utf8mb4 COLLATE utf8mb4_0900_ai_ci NOT NULL COMMENT '店铺名',
  `img_url` varchar(1000) CHARACTER SET utf8mb4 COLLATE utf8mb4_0900_ai_ci NOT NULL COMMENT '图片',
  `city` varchar(64) DEFAULT NULL COMMENT '所在城市',
  `country` varchar(64) DEFAULT NULL COMMENT '所在国家',
  `province` varchar(64) DEFAULT NULL COMMENT '所在省份',
  `address` varchar(225) DEFAULT NULL COMMENT '详细地址',
  `longitude` varchar(64) DEFAULT NULL COMMENT '经度',
  `latitude` varchar(64) DEFAULT NULL COMMENT '纬度',
  `detail` varchar(225) DEFAULT NULL COMMENT '详细介绍',
  `wx_mch_id` varchar(32) CHARACTER SET utf8mb4 COLLATE utf8mb4_0900_ai_ci DEFAULT NULL COMMENT '微信商户号',
  `ali_auth_token` varchar(64) CHARACTER SET utf8mb4 COLLATE utf8mb4_0900_ai_ci DEFAULT NULL COMMENT '支付宝app_auth_token',
  PRIMARY KEY (`id`),
  UNIQUE KEY `uk_name` (`tenant_id`,`name`),
  KEY `ids_tenant_id` (`tenant_id`) USING BTREE
) ENGINE=InnoDB DEFAULT CHARSET=utf8mb4 COLLATE=utf8mb4_0900_ai_ci ROW_FORMAT=DYNAMIC COMMENT='店铺表';

-- ----------------------------
-- Records of shop_info
-- ----------------------------
BEGIN;
INSERT INTO `shop_info` (`id`, `tenant_id`, `del_flag`, `create_time`, `update_time`, `enable`, `phone`, `name`, `img_url`, `city`, `country`, `province`, `address`, `longitude`, `latitude`, `detail`, `wx_mch_id`, `ali_auth_token`) VALUES ('1261176336950480898', '1', '0', '2020-05-15 14:07:24', '2021-10-06 14:33:11', '1', '18554634634', '华为正品-长沙官方旗舰店', 'http://minio.joolun.com/joolun/1/material/8616b42b-b6ea-4a86-9038-ef63cef8e96b.png', '成都市', '', '四川省', '北京市门头沟区雁翅镇蟠罗', '115.91800564885136', '40.03204213893878', '华为正品-长沙官方旗舰店', '1602674121', '202110BBe1f1a5537b0240889687ad730abc5B03');
INSERT INTO `shop_info` (`id`, `tenant_id`, `del_flag`, `create_time`, `update_time`, `enable`, `phone`, `name`, `img_url`, `city`, `country`, `province`, `address`, `longitude`, `latitude`, `detail`, `wx_mch_id`, `ali_auth_token`) VALUES ('1261193346845495297', '1', '0', '2020-05-15 15:15:00', '2021-10-06 15:56:39', '1', '15173886565', 'Apple正品-上海官方旗舰店', 'http://minio.joolun.com/joolun/1/material/99b1154c-a1cb-4a8a-888a-cffe3134883e.png', '', '', '上海市', '上海市青浦区重固镇重固镇社区卫生服务中心', '121.19090713754298', '31.19646312546861', 'Apple正品-上海官方旗舰店', '1604508213', '202110BB8f5251904d6d474b9a4f8850de841X03');
INSERT INTO `shop_info` (`id`, `tenant_id`, `del_flag`, `create_time`, `update_time`, `enable`, `phone`, `name`, `img_url`, `city`, `country`, `province`, `address`, `longitude`, `latitude`, `detail`, `wx_mch_id`, `ali_auth_token`) VALUES ('1261193631538073602', '1', '0', '2020-05-15 15:16:08', '2021-10-06 15:56:39', '1', '15864652656', '小米正品-四川官方旗舰店', 'http://minio.joolun.com/joolun/1/material/eef77972-ce25-4fe9-bb1a-72ac994e04cf.png', '成都市', '', '四川省', '四川省成都市青羊区西御河街道横金家坝街7号横金家坝街7号院', '104.06104053229092', '30.660727998421127', '小米正品-四川官方旗舰店', '1604508213', '202110BB8f5251904d6d474b9a4f8850de841X03');
INSERT INTO `shop_info` (`id`, `tenant_id`, `del_flag`, `create_time`, `update_time`, `enable`, `phone`, `name`, `img_url`, `city`, `country`, `province`, `address`, `longitude`, `latitude`, `detail`, `wx_mch_id`, `ali_auth_token`) VALUES ('1273181905968492546', '1', '0', '2020-06-17 17:13:15', '2021-10-06 15:56:40', '1', '12323569876', '联想电脑-旗舰店', 'http://minio.joolun.com/joolun/1/material/8cf99f69-9d25-4d6f-abb2-3d08ef26d69e.png', '深圳市', NULL, '广东省', '广东省深圳市南山区西丽街道南丰果农场', '113.96773441269994', '22.627227500647876', '联想电脑-旗舰店', '1604508213', '202110BB8f5251904d6d474b9a4f8850de841X03');
INSERT INTO `shop_info` (`id`, `tenant_id`, `del_flag`, `create_time`, `update_time`, `enable`, `phone`, `name`, `img_url`, `city`, `country`, `province`, `address`, `longitude`, `latitude`, `detail`, `wx_mch_id`, `ali_auth_token`) VALUES ('1273182622464667650', '1', '0', '2020-06-17 17:16:06', '2021-10-06 15:56:41', '1', '12365236523', '苹果电脑-安徽旗舰店', 'http://minio.joolun.com/joolun/1/material/bc753593-c8e1-4296-8702-007db7f19346.png', '合肥市', NULL, '安徽省', '安徽省合肥市蜀山区小庙镇秦大郢', '117.03338249579076', '31.82666278123793', '苹果电脑-安徽旗舰店', '1604508213', '202110BB8f5251904d6d474b9a4f8850de841X03');
INSERT INTO `shop_info` (`id`, `tenant_id`, `del_flag`, `create_time`, `update_time`, `enable`, `phone`, `name`, `img_url`, `city`, `country`, `province`, `address`, `longitude`, `latitude`, `detail`, `wx_mch_id`, `ali_auth_token`) VALUES ('1273182913641639938', '1', '0', '2020-06-17 17:17:15', '2021-10-06 15:56:42', '1', '1589658965', '佳能相机-广州旗舰店', 'http://minio.joolun.com/joolun/1/material/ce3daaa3-dffe-4c4d-bd25-ca0840f3e7e6.png', '广州市', NULL, '广东省', '广东省广州市黄埔区云埔街道开发大道', '113.51292182162399', '23.137719971619788', '佳能相机-广州旗舰店', '1604508213', '202110BB8f5251904d6d474b9a4f8850de841X03');
INSERT INTO `shop_info` (`id`, `tenant_id`, `del_flag`, `create_time`, `update_time`, `enable`, `phone`, `name`, `img_url`, `city`, `country`, `province`, `address`, `longitude`, `latitude`, `detail`, `wx_mch_id`, `ali_auth_token`) VALUES ('1273183281356271617', '1', '0', '2020-06-17 17:18:43', '2021-10-06 15:56:42', '1', '17896542265', '达芙妮女鞋-特惠旗舰店', 'http://minio.joolun.com/joolun/1/material/86bbea32-b600-4851-8c54-93ef5c376b5b.png', '成都市', NULL, '四川省', '四川省成都市温江区万春镇天乡路二段1061号', '103.8070171827078', '30.725424854334463', '达芙妮女鞋-特惠旗舰店', '1604508213', '202110BB8f5251904d6d474b9a4f8850de841X03');
INSERT INTO `shop_info` (`id`, `tenant_id`, `del_flag`, `create_time`, `update_time`, `enable`, `phone`, `name`, `img_url`, `city`, `country`, `province`, `address`, `longitude`, `latitude`, `detail`, `wx_mch_id`, `ali_auth_token`) VALUES ('1273183568234082306', '1', '0', '2020-06-17 17:19:51', '2021-10-06 15:56:43', '1', '18256896524', '阿迪达斯运动鞋-折扣店', 'http://minio.joolun.com/joolun/1/material/e0a1a0d1-3cf1-4229-a871-5f3fa87550c9.png', '岳阳市', NULL, '湖南省', '湖南省岳阳市平江县三阳乡马西洞', '113.52470389276743', '28.57198140829414', '阿迪达斯运动鞋-折扣店', '1604508213', '202110BB8f5251904d6d474b9a4f8850de841X03');
INSERT INTO `shop_info` (`id`, `tenant_id`, `del_flag`, `create_time`, `update_time`, `enable`, `phone`, `name`, `img_url`, `city`, `country`, `province`, `address`, `longitude`, `latitude`, `detail`, `wx_mch_id`, `ali_auth_token`) VALUES ('1273183837399347201', '1', '0', '2020-06-17 17:20:56', '2021-10-06 15:56:44', '1', '18956552425', '花花公子服饰-南京店', 'http://minio.joolun.com/joolun/1/material/40b1df4f-fb21-4707-a05b-ef1061e31e31.png', '南京市', NULL, '江苏省', '江苏省南京市浦口区汤泉农场517乡道', '118.47935480698942', '32.11218282323772', '花花公子服饰-南京店', '1604508213', '202110BB8f5251904d6d474b9a4f8850de841X03');
INSERT INTO `shop_info` (`id`, `tenant_id`, `del_flag`, `create_time`, `update_time`, `enable`, `phone`, `name`, `img_url`, `city`, `country`, `province`, `address`, `longitude`, `latitude`, `detail`, `wx_mch_id`, `ali_auth_token`) VALUES ('1309131973823905793', '2', '0', '2020-09-24 22:05:59', '2021-10-06 15:56:44', '1', '18656536254', '华为旗舰店', 'http://minio.joolun.com/joolun/2/material/d852729c-90e8-4ac9-af3c-908df4223c2e.png', NULL, NULL, NULL, '北京市海淀区甘家口街道玉渊潭玉渊潭公园', '116.31780499041076', '39.91554581976805', '', '', '202110BB8f5251904d6d474b9a4f8850de841X03');
INSERT INTO `shop_info` (`id`, `tenant_id`, `del_flag`, `create_time`, `update_time`, `enable`, `phone`, `name`, `img_url`, `city`, `country`, `province`, `address`, `longitude`, `latitude`, `detail`, `wx_mch_id`, `ali_auth_token`) VALUES ('1322091667110498306', '1', '0', '2020-10-30 16:23:11', '2020-10-30 16:23:11', '1', '18653654875', '中有人店', 'http://minio.joolun.com/joolun/1/material/32f19366-3c43-4002-9a82-c984a2d20bbf.png', '', '', '', '', '', '', '', NULL, NULL);
COMMIT;

-- ----------------------------
-- Table structure for shopping_cart
-- ----------------------------
DROP TABLE IF EXISTS `shopping_cart`;
CREATE TABLE `shopping_cart` (
  `id` varchar(32) CHARACTER SET utf8mb4 COLLATE utf8mb4_0900_ai_ci NOT NULL COMMENT 'PK',
  `tenant_id` varchar(32) CHARACTER SET utf8mb4 COLLATE utf8mb4_0900_ai_ci NOT NULL COMMENT '所属租户',
  `shop_id` varchar(32) NOT NULL COMMENT '店铺Id',
  `del_flag` char(2) CHARACTER SET utf8mb4 COLLATE utf8mb4_0900_ai_ci NOT NULL DEFAULT '0' COMMENT '逻辑删除标记（0：显示；1：隐藏）',
  `create_time` datetime NOT NULL DEFAULT CURRENT_TIMESTAMP COMMENT '创建时间',
  `update_time` timestamp NOT NULL DEFAULT CURRENT_TIMESTAMP ON UPDATE CURRENT_TIMESTAMP COMMENT '最后更新时间',
  `user_id` varchar(32) CHARACTER SET utf8mb4 COLLATE utf8mb4_0900_ai_ci NOT NULL COMMENT '用户编号',
  `spu_id` varchar(32) CHARACTER SET utf8mb4 COLLATE utf8mb4_0900_ai_ci NOT NULL COMMENT '商品SPU',
  `sku_id` varchar(32) CHARACTER SET utf8mb4 COLLATE utf8mb4_0900_ai_ci NOT NULL COMMENT '商品SKU',
  `quantity` int NOT NULL COMMENT '数量',
  `spu_name` varchar(200) CHARACTER SET utf8mb4 COLLATE utf8mb4_0900_ai_ci DEFAULT NULL COMMENT '加入时的spu名字',
  `add_price` decimal(10,2) DEFAULT NULL COMMENT '加入时价格',
  `spec_info` varchar(200) CHARACTER SET utf8mb4 COLLATE utf8mb4_0900_ai_ci DEFAULT NULL COMMENT '加入时的规格信息',
  `pic_url` varchar(500) CHARACTER SET utf8mb4 COLLATE utf8mb4_0900_ai_ci DEFAULT NULL COMMENT '图片',
  PRIMARY KEY (`id`) USING BTREE,
  UNIQUE KEY `uk_user_spu_sku` (`tenant_id`,`user_id`,`spu_id`,`sku_id`),
  KEY `ids_tenant_id` (`tenant_id`) USING BTREE,
  KEY `ids_user` (`tenant_id`,`user_id`)
) ENGINE=InnoDB DEFAULT CHARSET=utf8mb4 COLLATE=utf8mb4_0900_ai_ci ROW_FORMAT=DYNAMIC COMMENT='购物车';

-- ----------------------------
-- Records of shopping_cart
-- ----------------------------
BEGIN;
COMMIT;

-- ----------------------------
-- Table structure for sign_config
-- ----------------------------
DROP TABLE IF EXISTS `sign_config`;
CREATE TABLE `sign_config` (
  `id` varchar(32) CHARACTER SET utf8mb4 COLLATE utf8mb4_0900_ai_ci NOT NULL COMMENT 'PK',
  `tenant_id` varchar(32) CHARACTER SET utf8mb4 COLLATE utf8mb4_0900_ai_ci NOT NULL COMMENT '所属租户',
  `del_flag` char(2) CHARACTER SET utf8mb4 COLLATE utf8mb4_0900_ai_ci NOT NULL DEFAULT '0' COMMENT '逻辑删除标记（0：显示；1：隐藏）',
  `create_time` datetime NOT NULL DEFAULT CURRENT_TIMESTAMP COMMENT '创建时间',
  `update_time` timestamp NOT NULL DEFAULT CURRENT_TIMESTAMP ON UPDATE CURRENT_TIMESTAMP COMMENT '最后更新时间',
  `sort` int NOT NULL DEFAULT '0' COMMENT '排序字段',
  `name` varchar(20) CHARACTER SET utf8mb4 COLLATE utf8mb4_0900_ai_ci NOT NULL COMMENT '名字',
  `posts` int NOT NULL COMMENT '积分数',
  PRIMARY KEY (`id`),
  UNIQUE KEY `uk_sort` (`tenant_id`,`sort`),
  KEY `ids_tenant_id` (`tenant_id`) USING BTREE
) ENGINE=InnoDB DEFAULT CHARSET=utf8mb4 COLLATE=utf8mb4_0900_ai_ci COMMENT='签到设置';

-- ----------------------------
-- Records of sign_config
-- ----------------------------
BEGIN;
INSERT INTO `sign_config` (`id`, `tenant_id`, `del_flag`, `create_time`, `update_time`, `sort`, `name`, `posts`) VALUES ('1349249765605453826', '1', '0', '2021-01-13 14:59:46', '2021-01-13 14:59:46', 1, '第一天', 10);
INSERT INTO `sign_config` (`id`, `tenant_id`, `del_flag`, `create_time`, `update_time`, `sort`, `name`, `posts`) VALUES ('1349249971986182145', '1', '0', '2021-01-13 15:00:35', '2021-01-13 15:00:35', 2, '第二天', 20);
INSERT INTO `sign_config` (`id`, `tenant_id`, `del_flag`, `create_time`, `update_time`, `sort`, `name`, `posts`) VALUES ('1349251507113967617', '1', '0', '2021-01-13 15:06:41', '2021-01-13 15:06:41', 3, '第三天', 30);
COMMIT;

-- ----------------------------
-- Table structure for sign_record
-- ----------------------------
DROP TABLE IF EXISTS `sign_record`;
CREATE TABLE `sign_record` (
  `id` varchar(32) CHARACTER SET utf8mb4 COLLATE utf8mb4_0900_ai_ci NOT NULL COMMENT 'PK',
  `tenant_id` varchar(32) CHARACTER SET utf8mb4 COLLATE utf8mb4_0900_ai_ci NOT NULL COMMENT '所属租户',
  `del_flag` char(2) CHARACTER SET utf8mb4 COLLATE utf8mb4_0900_ai_ci NOT NULL DEFAULT '0' COMMENT '逻辑删除标记（0：显示；1：隐藏）',
  `create_time` datetime NOT NULL DEFAULT CURRENT_TIMESTAMP COMMENT '创建时间',
  `update_time` timestamp NULL DEFAULT NULL ON UPDATE CURRENT_TIMESTAMP COMMENT '最后更新（签到）时间',
  `user_id` varchar(32) CHARACTER SET utf8mb4 COLLATE utf8mb4_0900_ai_ci NOT NULL COMMENT '用户ID',
  `continu_days` int NOT NULL COMMENT '连续天数',
  `cumulate_days` int NOT NULL COMMENT '累计天数',
  PRIMARY KEY (`id`),
  UNIQUE KEY `uk_user_id` (`user_id`),
  KEY `ids_tenant_id` (`tenant_id`) USING BTREE
) ENGINE=InnoDB DEFAULT CHARSET=utf8mb4 COLLATE=utf8mb4_0900_ai_ci COMMENT='签到记录';

-- ----------------------------
-- Records of sign_record
-- ----------------------------
BEGIN;
INSERT INTO `sign_record` (`id`, `tenant_id`, `del_flag`, `create_time`, `update_time`, `user_id`, `continu_days`, `cumulate_days`) VALUES ('1385084153272086529', '1', '0', '2021-04-22 12:12:50', '2021-04-22 12:12:58', '1385064426583863297', 1, 1);
COMMIT;

-- ----------------------------
-- Table structure for theme_mobile
-- ----------------------------
DROP TABLE IF EXISTS `theme_mobile`;
CREATE TABLE `theme_mobile` (
  `id` varchar(32) CHARACTER SET utf8mb4 COLLATE utf8mb4_0900_ai_ci NOT NULL COMMENT 'PK',
  `tenant_id` varchar(32) CHARACTER SET utf8mb4 COLLATE utf8mb4_0900_ai_ci NOT NULL COMMENT '所属租户',
  `del_flag` char(2) CHARACTER SET utf8mb4 COLLATE utf8mb4_0900_ai_ci NOT NULL DEFAULT '0' COMMENT '逻辑删除标记（0：显示；1：隐藏）',
  `create_time` datetime NOT NULL DEFAULT CURRENT_TIMESTAMP COMMENT '创建时间',
  `update_time` timestamp NOT NULL DEFAULT CURRENT_TIMESTAMP ON UPDATE CURRENT_TIMESTAMP COMMENT '最后更新时间',
  `create_id` varchar(32) CHARACTER SET utf8mb3 COLLATE utf8mb3_general_ci DEFAULT NULL COMMENT '创建者ID',
  `theme_color` varchar(20) CHARACTER SET utf8mb4 COLLATE utf8mb4_0900_ai_ci NOT NULL COMMENT '主题颜色：colorUI中的类名',
  `background_color` varchar(20) CHARACTER SET utf8mb4 COLLATE utf8mb4_0900_ai_ci NOT NULL COMMENT '背景颜色',
  `tabbar_color` varchar(10) CHARACTER SET utf8mb4 COLLATE utf8mb4_0900_ai_ci NOT NULL COMMENT 'tabBar上的文字默认颜色：色值代码，如#ffffff',
  `tabbar_selected_color` varchar(10) CHARACTER SET utf8mb4 COLLATE utf8mb4_0900_ai_ci NOT NULL COMMENT 'tabBar上的文字选中时的颜色：色值代码，如#ffffff',
  `tabbar_background_color` varchar(10) CHARACTER SET utf8mb4 COLLATE utf8mb4_0900_ai_ci NOT NULL COMMENT 'tabBar的背景色：色值代码，如#ffffff',
  `tabbar_border_style` varchar(10) CHARACTER SET utf8mb4 COLLATE utf8mb4_0900_ai_ci NOT NULL COMMENT 'tabBar上边框的颜色， 仅支持 black/white',
  `tabbar_item` mediumtext COMMENT 'tabBar明细设置',
  PRIMARY KEY (`id`) USING BTREE,
  KEY `ids_tenant_id` (`tenant_id`) USING BTREE
) ENGINE=InnoDB DEFAULT CHARSET=utf8mb4 COLLATE=utf8mb4_0900_ai_ci ROW_FORMAT=DYNAMIC COMMENT='移动端主题配置';

-- ----------------------------
-- Records of theme_mobile
-- ----------------------------
BEGIN;
INSERT INTO `theme_mobile` (`id`, `tenant_id`, `del_flag`, `create_time`, `update_time`, `create_id`, `theme_color`, `background_color`, `tabbar_color`, `tabbar_selected_color`, `tabbar_background_color`, `tabbar_border_style`, `tabbar_item`) VALUES ('1280415895849545730', '1', '0', '2020-07-07 16:18:33', '2020-07-07 16:18:33', NULL, 'blue', 'gradual-scarlet', '#666666', '#0612EE', '#ffffff', '#black', '{\"info\":[{\"selectedIconPath\":\"/static/public/img/icon-3/1-002.png\",\"index\":0,\"text\":\"首页\",\"iconPath\":\"/static/public/img/icon-3/1-001.png\"},{\"selectedIconPath\":\"/static/public/img/icon-3/2-002.png\",\"index\":1,\"text\":\"类别\",\"iconPath\":\"/static/public/img/icon-3/2-001.png\"},{\"selectedIconPath\":\"/static/public/img/icon-3/3-002.png\",\"index\":2,\"text\":\"消息\",\"iconPath\":\"/static/public/img/icon-3/3-001.png\"},{\"selectedIconPath\":\"/static/public/img/icon-3/4-002.png\",\"index\":3,\"text\":\"购物车\",\"iconPath\":\"/static/public/img/icon-3/4-001.png\"},{\"selectedIconPath\":\"/static/public/img/icon-3/5-002.png\",\"index\":4,\"text\":\"我的\",\"iconPath\":\"/static/public/img/icon-3/5-001.png\"}]}');
INSERT INTO `theme_mobile` (`id`, `tenant_id`, `del_flag`, `create_time`, `update_time`, `create_id`, `theme_color`, `background_color`, `tabbar_color`, `tabbar_selected_color`, `tabbar_background_color`, `tabbar_border_style`, `tabbar_item`) VALUES ('1331073316963758081', '2', '0', '2020-11-24 11:13:03', '2020-11-24 11:13:03', NULL, 'scarlet', 'gradual-scarlet', '#666666', '#e53c43', '#ffffff', '#black', '{\"info\":[{\"selectedIconPath\":\"/img/thememobile/icon-1/1-002.png\",\"index\":0,\"text\":\"首页\",\"iconPath\":\"/img/thememobile/icon-1/1-001.png\"},{\"selectedIconPath\":\"/img/thememobile/icon-1/2-002.png\",\"index\":1,\"text\":\"类别\",\"iconPath\":\"/img/thememobile/icon-1/2-001.png\"},{\"selectedIconPath\":\"/img/thememobile/icon-1/3-002.png\",\"index\":2,\"text\":\"消息\",\"iconPath\":\"/img/thememobile/icon-1/3-001.png\"},{\"selectedIconPath\":\"/img/thememobile/icon-1/4-002.png\",\"index\":3,\"text\":\"购物车\",\"iconPath\":\"/img/thememobile/icon-1/4-001.png\"},{\"selectedIconPath\":\"/img/thememobile/icon-1/5-002.png\",\"index\":4,\"text\":\"我的\",\"iconPath\":\"/img/thememobile/icon-1/5-001.png\"}]}');
COMMIT;

-- ----------------------------
-- Table structure for undo_log
-- ----------------------------
DROP TABLE IF EXISTS `undo_log`;
CREATE TABLE `undo_log` (
  `id` bigint NOT NULL AUTO_INCREMENT,
  `branch_id` bigint NOT NULL,
  `xid` varchar(100) NOT NULL,
  `context` varchar(128) NOT NULL,
  `rollback_info` longblob NOT NULL,
  `log_status` int NOT NULL,
  `log_created` datetime NOT NULL,
  `log_modified` datetime NOT NULL,
  `ext` varchar(100) DEFAULT NULL,
  PRIMARY KEY (`id`),
  UNIQUE KEY `ux_undo_log` (`xid`,`branch_id`)
) ENGINE=InnoDB AUTO_INCREMENT=12 DEFAULT CHARSET=utf8mb3;

-- ----------------------------
-- Records of undo_log
-- ----------------------------
BEGIN;
COMMIT;

-- ----------------------------
-- Table structure for user_address
-- ----------------------------
DROP TABLE IF EXISTS `user_address`;
CREATE TABLE `user_address` (
  `id` varchar(32) CHARACTER SET utf8mb4 COLLATE utf8mb4_0900_ai_ci NOT NULL COMMENT 'PK',
  `tenant_id` varchar(32) CHARACTER SET utf8mb4 COLLATE utf8mb4_0900_ai_ci NOT NULL COMMENT '所属租户',
  `del_flag` char(2) CHARACTER SET utf8mb4 COLLATE utf8mb4_0900_ai_ci NOT NULL DEFAULT '0' COMMENT '逻辑删除标记（0：显示；1：隐藏）',
  `create_time` datetime NOT NULL DEFAULT CURRENT_TIMESTAMP COMMENT '创建时间',
  `update_time` timestamp NOT NULL DEFAULT CURRENT_TIMESTAMP ON UPDATE CURRENT_TIMESTAMP COMMENT '最后更新时间',
  `user_id` varchar(32) CHARACTER SET utf8mb4 COLLATE utf8mb4_0900_ai_ci NOT NULL COMMENT '用户编号',
  `user_name` varchar(50) CHARACTER SET utf8mb4 COLLATE utf8mb4_0900_ai_ci DEFAULT NULL COMMENT '收货人名字',
  `postal_code` varchar(50) CHARACTER SET utf8mb4 COLLATE utf8mb4_0900_ai_ci DEFAULT NULL COMMENT '邮编',
  `province_name` varchar(50) CHARACTER SET utf8mb4 COLLATE utf8mb4_0900_ai_ci DEFAULT NULL COMMENT '省名',
  `city_name` varchar(50) CHARACTER SET utf8mb4 COLLATE utf8mb4_0900_ai_ci DEFAULT NULL COMMENT '市名',
  `county_name` varchar(50) CHARACTER SET utf8mb4 COLLATE utf8mb4_0900_ai_ci DEFAULT NULL COMMENT '区名',
  `detail_info` varchar(50) CHARACTER SET utf8mb4 COLLATE utf8mb4_0900_ai_ci DEFAULT NULL COMMENT '详情地址',
  `tel_num` varchar(50) CHARACTER SET utf8mb4 COLLATE utf8mb4_0900_ai_ci DEFAULT NULL COMMENT '电话号码',
  `is_default` char(2) CHARACTER SET utf8mb4 COLLATE utf8mb4_0900_ai_ci DEFAULT NULL COMMENT '是否默认 1是0否',
  PRIMARY KEY (`id`) USING BTREE,
  KEY `ids_tenant_id` (`tenant_id`) USING BTREE
) ENGINE=InnoDB DEFAULT CHARSET=utf8mb4 COLLATE=utf8mb4_0900_ai_ci ROW_FORMAT=DYNAMIC COMMENT='用户地址';

-- ----------------------------
-- Records of user_address
-- ----------------------------
BEGIN;
INSERT INTO `user_address` (`id`, `tenant_id`, `del_flag`, `create_time`, `update_time`, `user_id`, `user_name`, `postal_code`, `province_name`, `city_name`, `county_name`, `detail_info`, `tel_num`, `is_default`) VALUES ('1417314123258105858', '1', '0', '2021-07-20 10:43:14', '2021-07-20 10:43:14', '1385064426583863297', '耳热', NULL, '山西省', '太原市', '小店区', '什么作用和', '18656563215', '1');
INSERT INTO `user_address` (`id`, `tenant_id`, `del_flag`, `create_time`, `update_time`, `user_id`, `user_name`, `postal_code`, `province_name`, `city_name`, `county_name`, `detail_info`, `tel_num`, `is_default`) VALUES ('1451018383390232578', '1', '0', '2021-10-21 10:51:55', '2021-10-21 10:51:55', '1387751568009359361', 'eryd', NULL, '山西省', '太原市', '迎泽区', '仍签名 欠weteqyewy', '18608415435', '1');
COMMIT;

-- ----------------------------
-- Table structure for user_collect
-- ----------------------------
DROP TABLE IF EXISTS `user_collect`;
CREATE TABLE `user_collect` (
  `id` varchar(32) CHARACTER SET utf8mb4 COLLATE utf8mb4_0900_ai_ci NOT NULL COMMENT 'PK',
  `tenant_id` varchar(32) CHARACTER SET utf8mb4 COLLATE utf8mb4_0900_ai_ci NOT NULL COMMENT '所属租户',
  `del_flag` char(2) CHARACTER SET utf8mb4 COLLATE utf8mb4_0900_ai_ci NOT NULL DEFAULT '0' COMMENT '逻辑删除标记（0：显示；1：隐藏）',
  `create_time` datetime NOT NULL DEFAULT CURRENT_TIMESTAMP COMMENT '创建时间',
  `update_time` timestamp NOT NULL DEFAULT CURRENT_TIMESTAMP ON UPDATE CURRENT_TIMESTAMP COMMENT '最后更新时间',
  `type` char(2) CHARACTER SET utf8mb4 COLLATE utf8mb4_0900_ai_ci NOT NULL COMMENT '类型1、商品，2、商铺',
  `user_id` varchar(32) CHARACTER SET utf8mb4 COLLATE utf8mb4_0900_ai_ci NOT NULL COMMENT '用户编号',
  `relation_id` varchar(32) CHARACTER SET utf8mb4 COLLATE utf8mb4_0900_ai_ci NOT NULL COMMENT '关联ID：商品类型为商品ID，商铺类型为店铺ID',
  PRIMARY KEY (`id`) USING BTREE,
  UNIQUE KEY `uk_type_user_relation` (`type`,`user_id`,`relation_id`),
  KEY `ids_tenant_id` (`tenant_id`) USING BTREE
) ENGINE=InnoDB DEFAULT CHARSET=utf8mb4 COLLATE=utf8mb4_0900_ai_ci ROW_FORMAT=DYNAMIC COMMENT='用户收藏';

-- ----------------------------
-- Records of user_collect
-- ----------------------------
BEGIN;
COMMIT;

-- ----------------------------
-- Table structure for user_footprint
-- ----------------------------
DROP TABLE IF EXISTS `user_footprint`;
CREATE TABLE `user_footprint` (
  `id` varchar(32) CHARACTER SET utf8mb4 COLLATE utf8mb4_0900_ai_ci NOT NULL COMMENT 'PK',
  `tenant_id` varchar(32) CHARACTER SET utf8mb4 COLLATE utf8mb4_0900_ai_ci NOT NULL COMMENT '所属租户',
  `del_flag` char(2) CHARACTER SET utf8mb4 COLLATE utf8mb4_0900_ai_ci NOT NULL DEFAULT '0' COMMENT '逻辑删除标记（0：显示；1：隐藏）',
  `create_time` datetime NOT NULL DEFAULT CURRENT_TIMESTAMP COMMENT '创建时间',
  `update_time` timestamp NOT NULL DEFAULT CURRENT_TIMESTAMP ON UPDATE CURRENT_TIMESTAMP COMMENT '最后更新时间',
  `user_id` varchar(32) CHARACTER SET utf8mb4 COLLATE utf8mb4_0900_ai_ci NOT NULL COMMENT '用户编号',
  `relation_id` varchar(32) CHARACTER SET utf8mb4 COLLATE utf8mb4_0900_ai_ci NOT NULL COMMENT '关联ID：商品ID',
  PRIMARY KEY (`id`) USING BTREE,
  KEY `ids_tenant_id` (`tenant_id`) USING BTREE
) ENGINE=InnoDB DEFAULT CHARSET=utf8mb4 COLLATE=utf8mb4_0900_ai_ci ROW_FORMAT=DYNAMIC COMMENT='用户足迹';

-- ----------------------------
-- Records of user_footprint
-- ----------------------------
BEGIN;
INSERT INTO `user_footprint` (`id`, `tenant_id`, `del_flag`, `create_time`, `update_time`, `user_id`, `relation_id`) VALUES ('1385084280762150914', '1', '0', '2021-04-22 12:13:20', '2021-04-22 12:13:20', '1385064426583863297', '2835671ff031c18cb181b1a199f86b01');
INSERT INTO `user_footprint` (`id`, `tenant_id`, `del_flag`, `create_time`, `update_time`, `user_id`, `relation_id`) VALUES ('1390276325128855553', '1', '0', '2021-05-06 20:04:40', '2021-05-06 20:04:40', '1385064426583863297', '2835671ff031c18cb181b1a199f86b01');
INSERT INTO `user_footprint` (`id`, `tenant_id`, `del_flag`, `create_time`, `update_time`, `user_id`, `relation_id`) VALUES ('1390277780304879617', '1', '0', '2021-05-06 20:10:27', '2021-05-06 20:10:27', '1385064426583863297', '2835671ff031c18cb181b1a199f86b01');
INSERT INTO `user_footprint` (`id`, `tenant_id`, `del_flag`, `create_time`, `update_time`, `user_id`, `relation_id`) VALUES ('1390490828399509505', '1', '0', '2021-05-07 10:17:02', '2021-05-07 10:17:02', '1385064426583863297', '1262322806084739073');
INSERT INTO `user_footprint` (`id`, `tenant_id`, `del_flag`, `create_time`, `update_time`, `user_id`, `relation_id`) VALUES ('1390491424653377538', '1', '0', '2021-05-07 10:19:24', '2021-05-07 10:19:24', '1385064426583863297', '1262322806084739073');
INSERT INTO `user_footprint` (`id`, `tenant_id`, `del_flag`, `create_time`, `update_time`, `user_id`, `relation_id`) VALUES ('1390492334884454401', '1', '0', '2021-05-07 10:23:01', '2021-05-07 10:23:01', '1385064426583863297', '1262322806084739073');
INSERT INTO `user_footprint` (`id`, `tenant_id`, `del_flag`, `create_time`, `update_time`, `user_id`, `relation_id`) VALUES ('1390494364894048258', '1', '0', '2021-05-07 10:31:05', '2021-05-07 10:31:05', '1385064426583863297', '4d06c5157cce971b89166e509cdf63e8');
INSERT INTO `user_footprint` (`id`, `tenant_id`, `del_flag`, `create_time`, `update_time`, `user_id`, `relation_id`) VALUES ('1390494442157322241', '1', '0', '2021-05-07 10:31:23', '2021-05-07 10:31:23', '1385064426583863297', '1262322806084739073');
INSERT INTO `user_footprint` (`id`, `tenant_id`, `del_flag`, `create_time`, `update_time`, `user_id`, `relation_id`) VALUES ('1390872821096329218', '1', '0', '2021-05-08 11:34:56', '2021-05-08 11:34:56', '1385064426583863297', '2835671ff031c18cb181b1a199f86b01');
INSERT INTO `user_footprint` (`id`, `tenant_id`, `del_flag`, `create_time`, `update_time`, `user_id`, `relation_id`) VALUES ('1390873366087430145', '1', '0', '2021-05-08 11:37:06', '2021-05-08 11:37:06', '1385064426583863297', '1262322806084739073');
INSERT INTO `user_footprint` (`id`, `tenant_id`, `del_flag`, `create_time`, `update_time`, `user_id`, `relation_id`) VALUES ('1390873413386596354', '1', '0', '2021-05-08 11:37:17', '2021-05-08 11:37:17', '1385064426583863297', '1262322806084739073');
INSERT INTO `user_footprint` (`id`, `tenant_id`, `del_flag`, `create_time`, `update_time`, `user_id`, `relation_id`) VALUES ('1390873455988142081', '1', '0', '2021-05-08 11:37:27', '2021-05-08 11:37:27', '1385064426583863297', '4d06c5157cce971b89166e509cdf63e8');
INSERT INTO `user_footprint` (`id`, `tenant_id`, `del_flag`, `create_time`, `update_time`, `user_id`, `relation_id`) VALUES ('1390873483515359234', '1', '0', '2021-05-08 11:37:34', '2021-05-08 11:37:34', '1385064426583863297', '1255379800819601410');
INSERT INTO `user_footprint` (`id`, `tenant_id`, `del_flag`, `create_time`, `update_time`, `user_id`, `relation_id`) VALUES ('1390875357211607042', '1', '0', '2021-05-08 11:45:01', '2021-05-08 11:45:01', '1385064426583863297', '4d06c5157cce971b89166e509cdf63e8');
INSERT INTO `user_footprint` (`id`, `tenant_id`, `del_flag`, `create_time`, `update_time`, `user_id`, `relation_id`) VALUES ('1390875384701075457', '1', '0', '2021-05-08 11:45:07', '2021-05-08 11:45:07', '1385064426583863297', '1262322806084739073');
INSERT INTO `user_footprint` (`id`, `tenant_id`, `del_flag`, `create_time`, `update_time`, `user_id`, `relation_id`) VALUES ('1392055367419056130', '1', '0', '2021-05-11 17:53:57', '2021-05-11 17:53:57', '1385064426583863297', '1262322806084739073');
INSERT INTO `user_footprint` (`id`, `tenant_id`, `del_flag`, `create_time`, `update_time`, `user_id`, `relation_id`) VALUES ('1392055385085464577', '1', '0', '2021-05-11 17:54:01', '2021-05-11 17:54:01', '1385064426583863297', '4d06c5157cce971b89166e509cdf63e8');
INSERT INTO `user_footprint` (`id`, `tenant_id`, `del_flag`, `create_time`, `update_time`, `user_id`, `relation_id`) VALUES ('1400277948467019777', '1', '0', '2021-06-03 10:27:33', '2021-06-03 10:27:33', '1385064426583863297', '1273192146906968065');
INSERT INTO `user_footprint` (`id`, `tenant_id`, `del_flag`, `create_time`, `update_time`, `user_id`, `relation_id`) VALUES ('1400278086270877697', '1', '0', '2021-06-03 10:28:06', '2021-06-03 10:28:06', '1385064426583863297', '1273192146906968065');
INSERT INTO `user_footprint` (`id`, `tenant_id`, `del_flag`, `create_time`, `update_time`, `user_id`, `relation_id`) VALUES ('1400278100900610049', '1', '0', '2021-06-03 10:28:09', '2021-06-03 10:28:09', '1385064426583863297', '1273191752084549634');
INSERT INTO `user_footprint` (`id`, `tenant_id`, `del_flag`, `create_time`, `update_time`, `user_id`, `relation_id`) VALUES ('1400299730213306370', '1', '0', '2021-06-03 11:54:06', '2021-06-03 11:54:06', '1385064426583863297', '1273191752084549634');
INSERT INTO `user_footprint` (`id`, `tenant_id`, `del_flag`, `create_time`, `update_time`, `user_id`, `relation_id`) VALUES ('1400300406704209921', '1', '0', '2021-06-03 11:56:47', '2021-06-03 11:56:47', '1385064426583863297', '1273191752084549634');
INSERT INTO `user_footprint` (`id`, `tenant_id`, `del_flag`, `create_time`, `update_time`, `user_id`, `relation_id`) VALUES ('1400301088660291586', '1', '0', '2021-06-03 11:59:30', '2021-06-03 11:59:30', '1385064426583863297', '1273191752084549634');
INSERT INTO `user_footprint` (`id`, `tenant_id`, `del_flag`, `create_time`, `update_time`, `user_id`, `relation_id`) VALUES ('1400301516156338178', '1', '0', '2021-06-03 12:01:12', '2021-06-03 12:01:12', '1385064426583863297', '1273192146906968065');
INSERT INTO `user_footprint` (`id`, `tenant_id`, `del_flag`, `create_time`, `update_time`, `user_id`, `relation_id`) VALUES ('1400303181999669249', '1', '0', '2021-06-03 12:07:49', '2021-06-03 12:07:49', '1387751568009359361', '1273192146906968065');
INSERT INTO `user_footprint` (`id`, `tenant_id`, `del_flag`, `create_time`, `update_time`, `user_id`, `relation_id`) VALUES ('1400305453659881473', '1', '0', '2021-06-03 12:16:51', '2021-06-03 12:16:51', '1385064426583863297', '1273191752084549634');
INSERT INTO `user_footprint` (`id`, `tenant_id`, `del_flag`, `create_time`, `update_time`, `user_id`, `relation_id`) VALUES ('1400305587831472130', '1', '0', '2021-06-03 12:17:23', '2021-06-03 12:17:23', '1385064426583863297', '1273191752084549634');
INSERT INTO `user_footprint` (`id`, `tenant_id`, `del_flag`, `create_time`, `update_time`, `user_id`, `relation_id`) VALUES ('1400305909765275649', '1', '0', '2021-06-03 12:18:39', '2021-06-03 12:18:39', '1385064426583863297', '1273191752084549634');
INSERT INTO `user_footprint` (`id`, `tenant_id`, `del_flag`, `create_time`, `update_time`, `user_id`, `relation_id`) VALUES ('1417313130172727297', '1', '0', '2021-07-20 10:39:17', '2021-07-20 10:39:17', '1385064426583863297', '1273192146906968065');
INSERT INTO `user_footprint` (`id`, `tenant_id`, `del_flag`, `create_time`, `update_time`, `user_id`, `relation_id`) VALUES ('1417313163681021954', '1', '0', '2021-07-20 10:39:25', '2021-07-20 10:39:25', '1385064426583863297', '1273192146906968065');
INSERT INTO `user_footprint` (`id`, `tenant_id`, `del_flag`, `create_time`, `update_time`, `user_id`, `relation_id`) VALUES ('1417313287865974786', '1', '0', '2021-07-20 10:39:54', '2021-07-20 10:39:54', '1385064426583863297', '1273189745068142593');
INSERT INTO `user_footprint` (`id`, `tenant_id`, `del_flag`, `create_time`, `update_time`, `user_id`, `relation_id`) VALUES ('1417314010523602945', '1', '0', '2021-07-20 10:42:47', '2021-07-20 10:42:47', '1385064426583863297', '1273187904351694850');
INSERT INTO `user_footprint` (`id`, `tenant_id`, `del_flag`, `create_time`, `update_time`, `user_id`, `relation_id`) VALUES ('1417319744535588866', '1', '0', '2021-07-20 11:05:34', '2021-07-20 11:05:34', '1385064426583863297', '1273189745068142593');
INSERT INTO `user_footprint` (`id`, `tenant_id`, `del_flag`, `create_time`, `update_time`, `user_id`, `relation_id`) VALUES ('1417320673469108226', '1', '0', '2021-07-20 11:09:15', '2021-07-20 11:09:15', '1385064426583863297', '1273187904351694850');
INSERT INTO `user_footprint` (`id`, `tenant_id`, `del_flag`, `create_time`, `update_time`, `user_id`, `relation_id`) VALUES ('1417320804662743042', '1', '0', '2021-07-20 11:09:47', '2021-07-20 11:09:47', '1385064426583863297', '1273187904351694850');
INSERT INTO `user_footprint` (`id`, `tenant_id`, `del_flag`, `create_time`, `update_time`, `user_id`, `relation_id`) VALUES ('1417320899546288129', '1', '0', '2021-07-20 11:10:09', '2021-07-20 11:10:09', '1385064426583863297', '1273187904351694850');
INSERT INTO `user_footprint` (`id`, `tenant_id`, `del_flag`, `create_time`, `update_time`, `user_id`, `relation_id`) VALUES ('1417320937567653890', '1', '0', '2021-07-20 11:10:18', '2021-07-20 11:10:18', '1385064426583863297', '1273189745068142593');
INSERT INTO `user_footprint` (`id`, `tenant_id`, `del_flag`, `create_time`, `update_time`, `user_id`, `relation_id`) VALUES ('1417320975094091778', '1', '0', '2021-07-20 11:10:27', '2021-07-20 11:10:27', '1385064426583863297', '1273187904351694850');
INSERT INTO `user_footprint` (`id`, `tenant_id`, `del_flag`, `create_time`, `update_time`, `user_id`, `relation_id`) VALUES ('1417323291721437185', '1', '0', '2021-07-20 11:19:40', '2021-07-20 11:19:40', '1385064426583863297', '1273187904351694850');
INSERT INTO `user_footprint` (`id`, `tenant_id`, `del_flag`, `create_time`, `update_time`, `user_id`, `relation_id`) VALUES ('1417329441779003393', '1', '0', '2021-07-20 11:44:06', '2021-07-20 11:44:06', '1385064426583863297', '1273187904351694850');
INSERT INTO `user_footprint` (`id`, `tenant_id`, `del_flag`, `create_time`, `update_time`, `user_id`, `relation_id`) VALUES ('1421325322710708225', '1', '0', '2021-07-31 12:22:18', '2021-07-31 12:22:18', '1385064426583863297', '1273191752084549634');
INSERT INTO `user_footprint` (`id`, `tenant_id`, `del_flag`, `create_time`, `update_time`, `user_id`, `relation_id`) VALUES ('1421327175120875522', '1', '0', '2021-07-31 12:29:40', '2021-07-31 12:29:40', '1385064426583863297', '1273189745068142593');
INSERT INTO `user_footprint` (`id`, `tenant_id`, `del_flag`, `create_time`, `update_time`, `user_id`, `relation_id`) VALUES ('1421327192271384578', '1', '0', '2021-07-31 12:29:44', '2021-07-31 12:29:44', '1385064426583863297', '1273187904351694850');
INSERT INTO `user_footprint` (`id`, `tenant_id`, `del_flag`, `create_time`, `update_time`, `user_id`, `relation_id`) VALUES ('1421327201855369217', '1', '0', '2021-07-31 12:29:46', '2021-07-31 12:29:46', '1385064426583863297', '1273186784766128130');
INSERT INTO `user_footprint` (`id`, `tenant_id`, `del_flag`, `create_time`, `update_time`, `user_id`, `relation_id`) VALUES ('1422441442243051522', '1', '0', '2021-08-03 14:17:22', '2021-08-03 14:17:22', '1385064426583863297', '1255379800819601410');
INSERT INTO `user_footprint` (`id`, `tenant_id`, `del_flag`, `create_time`, `update_time`, `user_id`, `relation_id`) VALUES ('1422441458034606081', '1', '0', '2021-08-03 14:17:25', '2021-08-03 14:17:25', '1385064426583863297', '1273189745068142593');
INSERT INTO `user_footprint` (`id`, `tenant_id`, `del_flag`, `create_time`, `update_time`, `user_id`, `relation_id`) VALUES ('1444929177236557825', '1', '0', '2021-10-04 15:35:36', '2021-10-04 15:35:36', '1387751568009359361', '1273189745068142593');
INSERT INTO `user_footprint` (`id`, `tenant_id`, `del_flag`, `create_time`, `update_time`, `user_id`, `relation_id`) VALUES ('1444932124108410882', '1', '0', '2021-10-04 15:47:18', '2021-10-04 15:47:18', '1387751568009359361', '1273189745068142593');
INSERT INTO `user_footprint` (`id`, `tenant_id`, `del_flag`, `create_time`, `update_time`, `user_id`, `relation_id`) VALUES ('1444937813631545345', '1', '0', '2021-10-04 16:09:55', '2021-10-04 16:09:55', '1387751568009359361', '1273189745068142593');
INSERT INTO `user_footprint` (`id`, `tenant_id`, `del_flag`, `create_time`, `update_time`, `user_id`, `relation_id`) VALUES ('1444953957352448002', '1', '0', '2021-10-04 17:14:04', '2021-10-04 17:14:04', '1387751568009359361', '1273189745068142593');
INSERT INTO `user_footprint` (`id`, `tenant_id`, `del_flag`, `create_time`, `update_time`, `user_id`, `relation_id`) VALUES ('1445302633908256769', '1', '0', '2021-10-05 16:19:35', '2021-10-05 16:19:35', '1387751568009359361', '1273189745068142593');
INSERT INTO `user_footprint` (`id`, `tenant_id`, `del_flag`, `create_time`, `update_time`, `user_id`, `relation_id`) VALUES ('1445310765011156994', '1', '0', '2021-10-05 16:51:53', '2021-10-05 16:51:53', '1387751568009359361', '1273191752084549634');
INSERT INTO `user_footprint` (`id`, `tenant_id`, `del_flag`, `create_time`, `update_time`, `user_id`, `relation_id`) VALUES ('1445322905784688642', '1', '0', '2021-10-05 17:40:08', '2021-10-05 17:40:08', '1387751568009359361', '1273191752084549634');
INSERT INTO `user_footprint` (`id`, `tenant_id`, `del_flag`, `create_time`, `update_time`, `user_id`, `relation_id`) VALUES ('1445323102732427265', '1', '0', '2021-10-05 17:40:55', '2021-10-05 17:40:55', '1387751568009359361', '1273191752084549634');
INSERT INTO `user_footprint` (`id`, `tenant_id`, `del_flag`, `create_time`, `update_time`, `user_id`, `relation_id`) VALUES ('1445325476624596994', '1', '0', '2021-10-05 17:50:21', '2021-10-05 17:50:21', '1387751568009359361', '1273191752084549634');
INSERT INTO `user_footprint` (`id`, `tenant_id`, `del_flag`, `create_time`, `update_time`, `user_id`, `relation_id`) VALUES ('1445328506782851073', '1', '0', '2021-10-05 18:02:23', '2021-10-05 18:02:23', '1387751568009359361', '1273191752084549634');
INSERT INTO `user_footprint` (`id`, `tenant_id`, `del_flag`, `create_time`, `update_time`, `user_id`, `relation_id`) VALUES ('1445328512625516545', '1', '0', '2021-10-05 18:02:24', '2021-10-05 18:02:24', '1387751568009359361', '1273191752084549634');
INSERT INTO `user_footprint` (`id`, `tenant_id`, `del_flag`, `create_time`, `update_time`, `user_id`, `relation_id`) VALUES ('1445333523094847489', '1', '0', '2021-10-05 18:22:19', '2021-10-05 18:22:19', '1387751568009359361', '1273191752084549634');
INSERT INTO `user_footprint` (`id`, `tenant_id`, `del_flag`, `create_time`, `update_time`, `user_id`, `relation_id`) VALUES ('1445334774444474369', '1', '0', '2021-10-05 18:27:17', '2021-10-05 18:27:17', '1387751568009359361', '1273189745068142593');
INSERT INTO `user_footprint` (`id`, `tenant_id`, `del_flag`, `create_time`, `update_time`, `user_id`, `relation_id`) VALUES ('1445337216238231553', '1', '0', '2021-10-05 18:37:00', '2021-10-05 18:37:00', '1387751568009359361', '1273191752084549634');
INSERT INTO `user_footprint` (`id`, `tenant_id`, `del_flag`, `create_time`, `update_time`, `user_id`, `relation_id`) VALUES ('1445340326901846017', '1', '0', '2021-10-05 18:49:21', '2021-10-05 18:49:21', '1387751568009359361', '1273191752084549634');
INSERT INTO `user_footprint` (`id`, `tenant_id`, `del_flag`, `create_time`, `update_time`, `user_id`, `relation_id`) VALUES ('1445603817881722882', '1', '0', '2021-10-06 12:16:22', '2021-10-06 12:16:22', '1387751568009359361', '1273191752084549634');
INSERT INTO `user_footprint` (`id`, `tenant_id`, `del_flag`, `create_time`, `update_time`, `user_id`, `relation_id`) VALUES ('1445613995821703170', '1', '0', '2021-10-06 12:56:49', '2021-10-06 12:56:49', '1387751568009359361', '1255379800819601410');
INSERT INTO `user_footprint` (`id`, `tenant_id`, `del_flag`, `create_time`, `update_time`, `user_id`, `relation_id`) VALUES ('1445614035910860801', '1', '0', '2021-10-06 12:56:59', '2021-10-06 12:56:59', '1387751568009359361', '1273187904351694850');
INSERT INTO `user_footprint` (`id`, `tenant_id`, `del_flag`, `create_time`, `update_time`, `user_id`, `relation_id`) VALUES ('1445622856024678402', '1', '0', '2021-10-06 13:32:01', '2021-10-06 13:32:01', '1387751568009359361', '1273187904351694850');
INSERT INTO `user_footprint` (`id`, `tenant_id`, `del_flag`, `create_time`, `update_time`, `user_id`, `relation_id`) VALUES ('1445624350253899777', '1', '0', '2021-10-06 13:37:58', '2021-10-06 13:37:58', '1387751568009359361', '1255379800819601410');
INSERT INTO `user_footprint` (`id`, `tenant_id`, `del_flag`, `create_time`, `update_time`, `user_id`, `relation_id`) VALUES ('1445624367094030337', '1', '0', '2021-10-06 13:38:02', '2021-10-06 13:38:02', '1387751568009359361', '1273190776913063938');
INSERT INTO `user_footprint` (`id`, `tenant_id`, `del_flag`, `create_time`, `update_time`, `user_id`, `relation_id`) VALUES ('1445624690697166850', '1', '0', '2021-10-06 13:39:19', '2021-10-06 13:39:19', '1387751568009359361', '1273187904351694850');
INSERT INTO `user_footprint` (`id`, `tenant_id`, `del_flag`, `create_time`, `update_time`, `user_id`, `relation_id`) VALUES ('1445638612468731906', '1', '0', '2021-10-06 14:34:38', '2021-10-06 14:34:38', '1387751568009359361', '1273187904351694850');
INSERT INTO `user_footprint` (`id`, `tenant_id`, `del_flag`, `create_time`, `update_time`, `user_id`, `relation_id`) VALUES ('1445638967965356034', '1', '0', '2021-10-06 14:36:03', '2021-10-06 14:36:03', '1387751568009359361', '1273190776913063938');
INSERT INTO `user_footprint` (`id`, `tenant_id`, `del_flag`, `create_time`, `update_time`, `user_id`, `relation_id`) VALUES ('1445639124006047745', '1', '0', '2021-10-06 14:36:40', '2021-10-06 14:36:40', '1387751568009359361', '1273190776913063938');
INSERT INTO `user_footprint` (`id`, `tenant_id`, `del_flag`, `create_time`, `update_time`, `user_id`, `relation_id`) VALUES ('1445659186737811458', '1', '0', '2021-10-06 15:56:23', '2021-10-06 15:56:23', '1387751568009359361', '1273191752084549634');
INSERT INTO `user_footprint` (`id`, `tenant_id`, `del_flag`, `create_time`, `update_time`, `user_id`, `relation_id`) VALUES ('1445660053566214145', '1', '0', '2021-10-06 15:59:50', '2021-10-06 15:59:50', '1387751568009359361', '1273191752084549634');
INSERT INTO `user_footprint` (`id`, `tenant_id`, `del_flag`, `create_time`, `update_time`, `user_id`, `relation_id`) VALUES ('1445660554085093378', '1', '0', '2021-10-06 16:01:49', '2021-10-06 16:01:49', '1387751568009359361', '1273189745068142593');
INSERT INTO `user_footprint` (`id`, `tenant_id`, `del_flag`, `create_time`, `update_time`, `user_id`, `relation_id`) VALUES ('1445695467169624066', '1', '0', '2021-10-06 18:20:33', '2021-10-06 18:20:33', '1387751568009359361', '1273191752084549634');
INSERT INTO `user_footprint` (`id`, `tenant_id`, `del_flag`, `create_time`, `update_time`, `user_id`, `relation_id`) VALUES ('1445725013348507649', '1', '0', '2021-10-06 20:17:58', '2021-10-06 20:17:58', '1387751568009359361', '1273187904351694850');
INSERT INTO `user_footprint` (`id`, `tenant_id`, `del_flag`, `create_time`, `update_time`, `user_id`, `relation_id`) VALUES ('1445725054641430530', '1', '0', '2021-10-06 20:18:07', '2021-10-06 20:18:07', '1387751568009359361', '1255379800819601410');
INSERT INTO `user_footprint` (`id`, `tenant_id`, `del_flag`, `create_time`, `update_time`, `user_id`, `relation_id`) VALUES ('1445725345034067970', '1', '0', '2021-10-06 20:19:17', '2021-10-06 20:19:17', '1387751568009359361', '1273186784766128130');
INSERT INTO `user_footprint` (`id`, `tenant_id`, `del_flag`, `create_time`, `update_time`, `user_id`, `relation_id`) VALUES ('1445737927216312322', '1', '0', '2021-10-06 21:09:17', '2021-10-06 21:09:17', '1387751568009359361', '1273187904351694850');
INSERT INTO `user_footprint` (`id`, `tenant_id`, `del_flag`, `create_time`, `update_time`, `user_id`, `relation_id`) VALUES ('1445737936909348865', '1', '0', '2021-10-06 21:09:19', '2021-10-06 21:09:19', '1387751568009359361', '1273186784766128130');
INSERT INTO `user_footprint` (`id`, `tenant_id`, `del_flag`, `create_time`, `update_time`, `user_id`, `relation_id`) VALUES ('1445739243506348034', '1', '0', '2021-10-06 21:14:30', '2021-10-06 21:14:30', '1387751568009359361', '1273186784766128130');
INSERT INTO `user_footprint` (`id`, `tenant_id`, `del_flag`, `create_time`, `update_time`, `user_id`, `relation_id`) VALUES ('1445742163551383553', '1', '0', '2021-10-06 21:26:07', '2021-10-06 21:26:07', '1387751568009359361', '1273186784766128130');
INSERT INTO `user_footprint` (`id`, `tenant_id`, `del_flag`, `create_time`, `update_time`, `user_id`, `relation_id`) VALUES ('1445742188050313218', '1', '0', '2021-10-06 21:26:12', '2021-10-06 21:26:12', '1387751568009359361', '1273186784766128130');
INSERT INTO `user_footprint` (`id`, `tenant_id`, `del_flag`, `create_time`, `update_time`, `user_id`, `relation_id`) VALUES ('1445950073594261505', '1', '0', '2021-10-07 11:12:16', '2021-10-07 11:12:16', '1387751568009359361', '1273186784766128130');
INSERT INTO `user_footprint` (`id`, `tenant_id`, `del_flag`, `create_time`, `update_time`, `user_id`, `relation_id`) VALUES ('1445950715285024769', '1', '0', '2021-10-07 11:14:49', '2021-10-07 11:14:49', '1387751568009359361', '1273186784766128130');
INSERT INTO `user_footprint` (`id`, `tenant_id`, `del_flag`, `create_time`, `update_time`, `user_id`, `relation_id`) VALUES ('1445951955167367170', '1', '0', '2021-10-07 11:19:45', '2021-10-07 11:19:45', '1387751568009359361', '1273186784766128130');
INSERT INTO `user_footprint` (`id`, `tenant_id`, `del_flag`, `create_time`, `update_time`, `user_id`, `relation_id`) VALUES ('1445955934156865537', '1', '0', '2021-10-07 11:35:33', '2021-10-07 11:35:33', '1387751568009359361', '1273186784766128130');
INSERT INTO `user_footprint` (`id`, `tenant_id`, `del_flag`, `create_time`, `update_time`, `user_id`, `relation_id`) VALUES ('1445956662136930306', '1', '0', '2021-10-07 11:38:27', '2021-10-07 11:38:27', '1387751568009359361', '1273186784766128130');
INSERT INTO `user_footprint` (`id`, `tenant_id`, `del_flag`, `create_time`, `update_time`, `user_id`, `relation_id`) VALUES ('1446026166032474113', '1', '0', '2021-10-07 16:14:38', '2021-10-07 16:14:38', '1387751568009359361', '1273186784766128130');
INSERT INTO `user_footprint` (`id`, `tenant_id`, `del_flag`, `create_time`, `update_time`, `user_id`, `relation_id`) VALUES ('1446027055359139842', '1', '0', '2021-10-07 16:18:10', '2021-10-07 16:18:10', '1387751568009359361', '1273186784766128130');
INSERT INTO `user_footprint` (`id`, `tenant_id`, `del_flag`, `create_time`, `update_time`, `user_id`, `relation_id`) VALUES ('1446027980605825025', '1', '0', '2021-10-07 16:21:51', '2021-10-07 16:21:51', '1387751568009359361', '1273186784766128130');
INSERT INTO `user_footprint` (`id`, `tenant_id`, `del_flag`, `create_time`, `update_time`, `user_id`, `relation_id`) VALUES ('1446029381616607234', '1', '0', '2021-10-07 16:27:25', '2021-10-07 16:27:25', '1387751568009359361', '1273186784766128130');
INSERT INTO `user_footprint` (`id`, `tenant_id`, `del_flag`, `create_time`, `update_time`, `user_id`, `relation_id`) VALUES ('1446030673252524034', '1', '0', '2021-10-07 16:32:33', '2021-10-07 16:32:33', '1387751568009359361', '1273186784766128130');
INSERT INTO `user_footprint` (`id`, `tenant_id`, `del_flag`, `create_time`, `update_time`, `user_id`, `relation_id`) VALUES ('1446035121936867329', '1', '0', '2021-10-07 16:50:13', '2021-10-07 16:50:13', '1387751568009359361', '1273186784766128130');
INSERT INTO `user_footprint` (`id`, `tenant_id`, `del_flag`, `create_time`, `update_time`, `user_id`, `relation_id`) VALUES ('1446035904531079169', '1', '0', '2021-10-07 16:53:20', '2021-10-07 16:53:20', '1387751568009359361', '1273186784766128130');
INSERT INTO `user_footprint` (`id`, `tenant_id`, `del_flag`, `create_time`, `update_time`, `user_id`, `relation_id`) VALUES ('1446038192834289665', '1', '0', '2021-10-07 17:02:25', '2021-10-07 17:02:25', '1387751568009359361', '1273186784766128130');
INSERT INTO `user_footprint` (`id`, `tenant_id`, `del_flag`, `create_time`, `update_time`, `user_id`, `relation_id`) VALUES ('1446051732244738050', '1', '0', '2021-10-07 17:56:13', '2021-10-07 17:56:13', '1385064426583863297', '1273189745068142593');
INSERT INTO `user_footprint` (`id`, `tenant_id`, `del_flag`, `create_time`, `update_time`, `user_id`, `relation_id`) VALUES ('1446059331614748673', '1', '0', '2021-10-07 18:26:25', '2021-10-07 18:26:25', '1385064426583863297', '1273189745068142593');
INSERT INTO `user_footprint` (`id`, `tenant_id`, `del_flag`, `create_time`, `update_time`, `user_id`, `relation_id`) VALUES ('1446066969056456705', '1', '0', '2021-10-07 18:56:46', '2021-10-07 18:56:46', '1385064426583863297', '1273189745068142593');
INSERT INTO `user_footprint` (`id`, `tenant_id`, `del_flag`, `create_time`, `update_time`, `user_id`, `relation_id`) VALUES ('1446074591214120962', '1', '0', '2021-10-07 19:27:03', '2021-10-07 19:27:03', '1385064426583863297', '1273189745068142593');
INSERT INTO `user_footprint` (`id`, `tenant_id`, `del_flag`, `create_time`, `update_time`, `user_id`, `relation_id`) VALUES ('1446301251335172098', '1', '0', '2021-10-08 10:27:43', '2021-10-08 10:27:43', '1385064426583863297', '1273189745068142593');
INSERT INTO `user_footprint` (`id`, `tenant_id`, `del_flag`, `create_time`, `update_time`, `user_id`, `relation_id`) VALUES ('1446309038479978498', '1', '0', '2021-10-08 10:58:40', '2021-10-08 10:58:40', '1385064426583863297', '1273189745068142593');
INSERT INTO `user_footprint` (`id`, `tenant_id`, `del_flag`, `create_time`, `update_time`, `user_id`, `relation_id`) VALUES ('1446317040104714242', '1', '0', '2021-10-08 11:30:28', '2021-10-08 11:30:28', '1387751568009359361', '1273191752084549634');
INSERT INTO `user_footprint` (`id`, `tenant_id`, `del_flag`, `create_time`, `update_time`, `user_id`, `relation_id`) VALUES ('1446317107024834562', '1', '0', '2021-10-08 11:30:44', '2021-10-08 11:30:44', '1387751568009359361', '1273186784766128130');
INSERT INTO `user_footprint` (`id`, `tenant_id`, `del_flag`, `create_time`, `update_time`, `user_id`, `relation_id`) VALUES ('1446317578317803522', '1', '0', '2021-10-08 11:32:36', '2021-10-08 11:32:36', '1385064426583863297', '1273186784766128130');
INSERT INTO `user_footprint` (`id`, `tenant_id`, `del_flag`, `create_time`, `update_time`, `user_id`, `relation_id`) VALUES ('1446325048503177218', '1', '0', '2021-10-08 12:02:17', '2021-10-08 12:02:17', '1387751568009359361', '1273186784766128130');
INSERT INTO `user_footprint` (`id`, `tenant_id`, `del_flag`, `create_time`, `update_time`, `user_id`, `relation_id`) VALUES ('1446326439409979394', '1', '0', '2021-10-08 12:07:49', '2021-10-08 12:07:49', '1387751568009359361', '1273186784766128130');
INSERT INTO `user_footprint` (`id`, `tenant_id`, `del_flag`, `create_time`, `update_time`, `user_id`, `relation_id`) VALUES ('1446327183978631170', '1', '0', '2021-10-08 12:10:46', '2021-10-08 12:10:46', '1387751568009359361', '1273186784766128130');
INSERT INTO `user_footprint` (`id`, `tenant_id`, `del_flag`, `create_time`, `update_time`, `user_id`, `relation_id`) VALUES ('1446328580707028993', '1', '0', '2021-10-08 12:16:19', '2021-10-08 12:16:19', '1387751568009359361', '1273189184264531969');
INSERT INTO `user_footprint` (`id`, `tenant_id`, `del_flag`, `create_time`, `update_time`, `user_id`, `relation_id`) VALUES ('1446328589062082561', '1', '0', '2021-10-08 12:16:21', '2021-10-08 12:16:21', '1387751568009359361', '1273186784766128130');
INSERT INTO `user_footprint` (`id`, `tenant_id`, `del_flag`, `create_time`, `update_time`, `user_id`, `relation_id`) VALUES ('1446329521065791489', '1', '0', '2021-10-08 12:20:03', '2021-10-08 12:20:03', '1387751568009359361', '1273186784766128130');
INSERT INTO `user_footprint` (`id`, `tenant_id`, `del_flag`, `create_time`, `update_time`, `user_id`, `relation_id`) VALUES ('1446329642977431553', '1', '0', '2021-10-08 12:20:33', '2021-10-08 12:20:33', '1387751568009359361', '1273190776913063938');
INSERT INTO `user_footprint` (`id`, `tenant_id`, `del_flag`, `create_time`, `update_time`, `user_id`, `relation_id`) VALUES ('1446330558090678274', '1', '0', '2021-10-08 12:24:11', '2021-10-08 12:24:11', '1387751568009359361', '1273186784766128130');
INSERT INTO `user_footprint` (`id`, `tenant_id`, `del_flag`, `create_time`, `update_time`, `user_id`, `relation_id`) VALUES ('1446330927839547394', '1', '0', '2021-10-08 12:25:39', '2021-10-08 12:25:39', '1387751568009359361', '1273191752084549634');
INSERT INTO `user_footprint` (`id`, `tenant_id`, `del_flag`, `create_time`, `update_time`, `user_id`, `relation_id`) VALUES ('1446330975415537666', '1', '0', '2021-10-08 12:25:50', '2021-10-08 12:25:50', '1387751568009359361', '1273186784766128130');
INSERT INTO `user_footprint` (`id`, `tenant_id`, `del_flag`, `create_time`, `update_time`, `user_id`, `relation_id`) VALUES ('1446331760186593282', '1', '0', '2021-10-08 12:28:57', '2021-10-08 12:28:57', '1385064426583863297', '1273189745068142593');
INSERT INTO `user_footprint` (`id`, `tenant_id`, `del_flag`, `create_time`, `update_time`, `user_id`, `relation_id`) VALUES ('1446331868332527618', '1', '0', '2021-10-08 12:29:23', '2021-10-08 12:29:23', '1385064426583863297', '1273189745068142593');
INSERT INTO `user_footprint` (`id`, `tenant_id`, `del_flag`, `create_time`, `update_time`, `user_id`, `relation_id`) VALUES ('1446346764755415041', '1', '0', '2021-10-08 13:28:35', '2021-10-08 13:28:35', '1387751568009359361', '1273186784766128130');
INSERT INTO `user_footprint` (`id`, `tenant_id`, `del_flag`, `create_time`, `update_time`, `user_id`, `relation_id`) VALUES ('1446350601121705986', '1', '0', '2021-10-08 13:43:49', '2021-10-08 13:43:49', '1387751568009359361', '1273186784766128130');
INSERT INTO `user_footprint` (`id`, `tenant_id`, `del_flag`, `create_time`, `update_time`, `user_id`, `relation_id`) VALUES ('1446353935509499906', '1', '0', '2021-10-08 13:57:04', '2021-10-08 13:57:04', '1387751568009359361', '1273186784766128130');
INSERT INTO `user_footprint` (`id`, `tenant_id`, `del_flag`, `create_time`, `update_time`, `user_id`, `relation_id`) VALUES ('1446354504944988161', '1', '0', '2021-10-08 13:59:20', '2021-10-08 13:59:20', '1387751568009359361', '1273186784766128130');
INSERT INTO `user_footprint` (`id`, `tenant_id`, `del_flag`, `create_time`, `update_time`, `user_id`, `relation_id`) VALUES ('1446357325840920578', '1', '0', '2021-10-08 14:10:33', '2021-10-08 14:10:33', '1387751568009359361', '1273186784766128130');
INSERT INTO `user_footprint` (`id`, `tenant_id`, `del_flag`, `create_time`, `update_time`, `user_id`, `relation_id`) VALUES ('1446358177150414849', '1', '0', '2021-10-08 14:13:56', '2021-10-08 14:13:56', '1387751568009359361', '1273186784766128130');
INSERT INTO `user_footprint` (`id`, `tenant_id`, `del_flag`, `create_time`, `update_time`, `user_id`, `relation_id`) VALUES ('1446358969169227777', '1', '0', '2021-10-08 14:17:04', '2021-10-08 14:17:04', '1387751568009359361', '1273186784766128130');
INSERT INTO `user_footprint` (`id`, `tenant_id`, `del_flag`, `create_time`, `update_time`, `user_id`, `relation_id`) VALUES ('1446359517029216257', '1', '0', '2021-10-08 14:19:15', '2021-10-08 14:19:15', '1387751568009359361', '1273186784766128130');
INSERT INTO `user_footprint` (`id`, `tenant_id`, `del_flag`, `create_time`, `update_time`, `user_id`, `relation_id`) VALUES ('1446380195128299521', '1', '0', '2021-10-08 15:41:25', '2021-10-08 15:41:25', '1385064426583863297', '1262322806084739073');
INSERT INTO `user_footprint` (`id`, `tenant_id`, `del_flag`, `create_time`, `update_time`, `user_id`, `relation_id`) VALUES ('1446380995590246401', '1', '0', '2021-10-08 15:44:36', '2021-10-08 15:44:36', '1387751568009359361', '1273187904351694850');
INSERT INTO `user_footprint` (`id`, `tenant_id`, `del_flag`, `create_time`, `update_time`, `user_id`, `relation_id`) VALUES ('1446381173252575234', '1', '0', '2021-10-08 15:45:18', '2021-10-08 15:45:18', '1387751568009359361', '1273186784766128130');
INSERT INTO `user_footprint` (`id`, `tenant_id`, `del_flag`, `create_time`, `update_time`, `user_id`, `relation_id`) VALUES ('1446392869723590658', '1', '0', '2021-10-08 16:31:47', '2021-10-08 16:31:47', '1387751568009359361', '1273191752084549634');
INSERT INTO `user_footprint` (`id`, `tenant_id`, `del_flag`, `create_time`, `update_time`, `user_id`, `relation_id`) VALUES ('1446392894755196929', '1', '0', '2021-10-08 16:31:53', '2021-10-08 16:31:53', '1387751568009359361', '1273190776913063938');
INSERT INTO `user_footprint` (`id`, `tenant_id`, `del_flag`, `create_time`, `update_time`, `user_id`, `relation_id`) VALUES ('1446393643811753986', '1', '0', '2021-10-08 16:34:52', '2021-10-08 16:34:52', '1387751568009359361', '1273189745068142593');
INSERT INTO `user_footprint` (`id`, `tenant_id`, `del_flag`, `create_time`, `update_time`, `user_id`, `relation_id`) VALUES ('1446394994864181250', '1', '0', '2021-10-08 16:40:14', '2021-10-08 16:40:14', '1387751568009359361', '1273190776913063938');
INSERT INTO `user_footprint` (`id`, `tenant_id`, `del_flag`, `create_time`, `update_time`, `user_id`, `relation_id`) VALUES ('1447485567972962305', '1', '0', '2021-10-11 16:53:47', '2021-10-11 16:53:47', '1385064426583863297', '1273187904351694850');
INSERT INTO `user_footprint` (`id`, `tenant_id`, `del_flag`, `create_time`, `update_time`, `user_id`, `relation_id`) VALUES ('1448580096050331650', '1', '0', '2021-10-14 17:23:02', '2021-10-14 17:23:02', '1387751568009359361', '1273189745068142593');
INSERT INTO `user_footprint` (`id`, `tenant_id`, `del_flag`, `create_time`, `update_time`, `user_id`, `relation_id`) VALUES ('1448580213079801858', '1', '0', '2021-10-14 17:23:30', '2021-10-14 17:23:30', '1387751568009359361', '1273189745068142593');
INSERT INTO `user_footprint` (`id`, `tenant_id`, `del_flag`, `create_time`, `update_time`, `user_id`, `relation_id`) VALUES ('1448581238570364930', '1', '0', '2021-10-14 17:27:35', '2021-10-14 17:27:35', '1387751568009359361', '1273189745068142593');
INSERT INTO `user_footprint` (`id`, `tenant_id`, `del_flag`, `create_time`, `update_time`, `user_id`, `relation_id`) VALUES ('1448582138676461569', '1', '0', '2021-10-14 17:31:09', '2021-10-14 17:31:09', '1387751568009359361', '1273189745068142593');
INSERT INTO `user_footprint` (`id`, `tenant_id`, `del_flag`, `create_time`, `update_time`, `user_id`, `relation_id`) VALUES ('1449593070345097217', '1', '0', '2021-10-17 12:28:14', '2021-10-17 12:28:14', '1387751568009359361', '1273189745068142593');
INSERT INTO `user_footprint` (`id`, `tenant_id`, `del_flag`, `create_time`, `update_time`, `user_id`, `relation_id`) VALUES ('1449593120240537601', '1', '0', '2021-10-17 12:28:26', '2021-10-17 12:28:26', '1387751568009359361', '1262322806084739073');
INSERT INTO `user_footprint` (`id`, `tenant_id`, `del_flag`, `create_time`, `update_time`, `user_id`, `relation_id`) VALUES ('1450837754392432642', '1', '0', '2021-10-20 22:54:10', '2021-10-20 22:54:10', '1387751568009359361', '1273189745068142593');
INSERT INTO `user_footprint` (`id`, `tenant_id`, `del_flag`, `create_time`, `update_time`, `user_id`, `relation_id`) VALUES ('1450838672835956738', '1', '0', '2021-10-20 22:57:49', '2021-10-20 22:57:49', '1387751568009359361', '1273189745068142593');
INSERT INTO `user_footprint` (`id`, `tenant_id`, `del_flag`, `create_time`, `update_time`, `user_id`, `relation_id`) VALUES ('1450838807171125249', '1', '0', '2021-10-20 22:58:21', '2021-10-20 22:58:21', '1387751568009359361', '1273189745068142593');
INSERT INTO `user_footprint` (`id`, `tenant_id`, `del_flag`, `create_time`, `update_time`, `user_id`, `relation_id`) VALUES ('1450841289351843842', '1', '0', '2021-10-20 23:08:13', '2021-10-20 23:08:13', '1387751568009359361', '1273190776913063938');
INSERT INTO `user_footprint` (`id`, `tenant_id`, `del_flag`, `create_time`, `update_time`, `user_id`, `relation_id`) VALUES ('1450844897413779458', '1', '0', '2021-10-20 23:22:33', '2021-10-20 23:22:33', '1387751568009359361', '1273191752084549634');
INSERT INTO `user_footprint` (`id`, `tenant_id`, `del_flag`, `create_time`, `update_time`, `user_id`, `relation_id`) VALUES ('1450844966267473921', '1', '0', '2021-10-20 23:22:50', '2021-10-20 23:22:50', '1387751568009359361', '1273187904351694850');
INSERT INTO `user_footprint` (`id`, `tenant_id`, `del_flag`, `create_time`, `update_time`, `user_id`, `relation_id`) VALUES ('1451010374849089537', '1', '0', '2021-10-21 10:20:06', '2021-10-21 10:20:06', '1387751568009359361', '1273187904351694850');
INSERT INTO `user_footprint` (`id`, `tenant_id`, `del_flag`, `create_time`, `update_time`, `user_id`, `relation_id`) VALUES ('1451012910712705025', '1', '0', '2021-10-21 10:30:11', '2021-10-21 10:30:11', '1387751568009359361', '1273187904351694850');
INSERT INTO `user_footprint` (`id`, `tenant_id`, `del_flag`, `create_time`, `update_time`, `user_id`, `relation_id`) VALUES ('1451016272426389505', '1', '0', '2021-10-21 10:43:32', '2021-10-21 10:43:32', '1387751568009359361', '1273187904351694850');
INSERT INTO `user_footprint` (`id`, `tenant_id`, `del_flag`, `create_time`, `update_time`, `user_id`, `relation_id`) VALUES ('1451016704863326209', '1', '0', '2021-10-21 10:45:15', '2021-10-21 10:45:15', '1387751568009359361', '1273187904351694850');
INSERT INTO `user_footprint` (`id`, `tenant_id`, `del_flag`, `create_time`, `update_time`, `user_id`, `relation_id`) VALUES ('1451017133684772866', '1', '0', '2021-10-21 10:46:57', '2021-10-21 10:46:57', '1387751568009359361', '1273187904351694850');
INSERT INTO `user_footprint` (`id`, `tenant_id`, `del_flag`, `create_time`, `update_time`, `user_id`, `relation_id`) VALUES ('1451018086609670145', '1', '0', '2021-10-21 10:50:45', '2021-10-21 10:50:45', '1387751568009359361', '1273190776913063938');
INSERT INTO `user_footprint` (`id`, `tenant_id`, `del_flag`, `create_time`, `update_time`, `user_id`, `relation_id`) VALUES ('1451018279530876929', '1', '0', '2021-10-21 10:51:31', '2021-10-21 10:51:31', '1387751568009359361', '1273190776913063938');
INSERT INTO `user_footprint` (`id`, `tenant_id`, `del_flag`, `create_time`, `update_time`, `user_id`, `relation_id`) VALUES ('1451034818464272385', '1', '0', '2021-10-21 11:57:14', '2021-10-21 11:57:14', '1387751568009359361', '1273187904351694850');
INSERT INTO `user_footprint` (`id`, `tenant_id`, `del_flag`, `create_time`, `update_time`, `user_id`, `relation_id`) VALUES ('1451038537742372866', '1', '0', '2021-10-21 12:12:01', '2021-10-21 12:12:01', '1387751568009359361', '1273190776913063938');
INSERT INTO `user_footprint` (`id`, `tenant_id`, `del_flag`, `create_time`, `update_time`, `user_id`, `relation_id`) VALUES ('1453243108283740161', '1', '0', '2021-10-27 14:12:11', '2021-10-27 14:12:11', '1387751568009359361', '1273186784766128130');
INSERT INTO `user_footprint` (`id`, `tenant_id`, `del_flag`, `create_time`, `update_time`, `user_id`, `relation_id`) VALUES ('1453243340216168449', '1', '0', '2021-10-27 14:13:06', '2021-10-27 14:13:06', '1387751568009359361', '1273186784766128130');
INSERT INTO `user_footprint` (`id`, `tenant_id`, `del_flag`, `create_time`, `update_time`, `user_id`, `relation_id`) VALUES ('1453248185870360577', '1', '0', '2021-10-27 14:32:22', '2021-10-27 14:32:22', '1387751568009359361', '1273186784766128130');
INSERT INTO `user_footprint` (`id`, `tenant_id`, `del_flag`, `create_time`, `update_time`, `user_id`, `relation_id`) VALUES ('1453248980179324930', '1', '0', '2021-10-27 14:35:31', '2021-10-27 14:35:31', '1387751568009359361', '1273186784766128130');
INSERT INTO `user_footprint` (`id`, `tenant_id`, `del_flag`, `create_time`, `update_time`, `user_id`, `relation_id`) VALUES ('1453249008813838338', '1', '0', '2021-10-27 14:35:38', '2021-10-27 14:35:38', '1387751568009359361', '1255379800819601410');
INSERT INTO `user_footprint` (`id`, `tenant_id`, `del_flag`, `create_time`, `update_time`, `user_id`, `relation_id`) VALUES ('1453249481889386497', '1', '0', '2021-10-27 14:37:31', '2021-10-27 14:37:31', '1387751568009359361', '1273186784766128130');
INSERT INTO `user_footprint` (`id`, `tenant_id`, `del_flag`, `create_time`, `update_time`, `user_id`, `relation_id`) VALUES ('1453259355054489601', '1', '0', '2021-10-27 15:16:45', '2021-10-27 15:16:45', '1387751568009359361', '1273186784766128130');
INSERT INTO `user_footprint` (`id`, `tenant_id`, `del_flag`, `create_time`, `update_time`, `user_id`, `relation_id`) VALUES ('1453263353824231426', '1', '0', '2021-10-27 15:32:38', '2021-10-27 15:32:38', '1387751568009359361', '1273186784766128130');
INSERT INTO `user_footprint` (`id`, `tenant_id`, `del_flag`, `create_time`, `update_time`, `user_id`, `relation_id`) VALUES ('1453283885021970434', '1', '0', '2021-10-27 16:54:13', '2021-10-27 16:54:13', '1387751568009359361', '1273186784766128130');
INSERT INTO `user_footprint` (`id`, `tenant_id`, `del_flag`, `create_time`, `update_time`, `user_id`, `relation_id`) VALUES ('1453646991246082050', '1', '0', '2021-10-28 16:57:04', '2021-10-28 16:57:04', '1387751568009359361', '1273186784766128130');
INSERT INTO `user_footprint` (`id`, `tenant_id`, `del_flag`, `create_time`, `update_time`, `user_id`, `relation_id`) VALUES ('1453745286790361090', '1', '0', '2021-10-28 23:27:40', '2021-10-28 23:27:40', '1387751568009359361', '1273186784766128130');
INSERT INTO `user_footprint` (`id`, `tenant_id`, `del_flag`, `create_time`, `update_time`, `user_id`, `relation_id`) VALUES ('1453951285870485506', '1', '0', '2021-10-29 13:06:14', '2021-10-29 13:06:14', '1387751568009359361', '1273186784766128130');
INSERT INTO `user_footprint` (`id`, `tenant_id`, `del_flag`, `create_time`, `update_time`, `user_id`, `relation_id`) VALUES ('1453960812258942977', '1', '0', '2021-10-29 13:44:05', '2021-10-29 13:44:05', '1387751568009359361', '1273186784766128130');
INSERT INTO `user_footprint` (`id`, `tenant_id`, `del_flag`, `create_time`, `update_time`, `user_id`, `relation_id`) VALUES ('1453962712811413506', '1', '0', '2021-10-29 13:51:38', '2021-10-29 13:51:38', '1387751568009359361', '1273186784766128130');
INSERT INTO `user_footprint` (`id`, `tenant_id`, `del_flag`, `create_time`, `update_time`, `user_id`, `relation_id`) VALUES ('1453963051086225410', '1', '0', '2021-10-29 13:52:59', '2021-10-29 13:52:59', '1387751568009359361', '1273186784766128130');
INSERT INTO `user_footprint` (`id`, `tenant_id`, `del_flag`, `create_time`, `update_time`, `user_id`, `relation_id`) VALUES ('1453966029012705281', '1', '0', '2021-10-29 14:04:49', '2021-10-29 14:04:49', '1387751568009359361', '1273186784766128130');
INSERT INTO `user_footprint` (`id`, `tenant_id`, `del_flag`, `create_time`, `update_time`, `user_id`, `relation_id`) VALUES ('1453967299802931202', '1', '0', '2021-10-29 14:09:52', '2021-10-29 14:09:52', '1387751568009359361', '1273186784766128130');
INSERT INTO `user_footprint` (`id`, `tenant_id`, `del_flag`, `create_time`, `update_time`, `user_id`, `relation_id`) VALUES ('1453969783611039745', '1', '0', '2021-10-29 14:19:44', '2021-10-29 14:19:44', '1387751568009359361', '1273186784766128130');
INSERT INTO `user_footprint` (`id`, `tenant_id`, `del_flag`, `create_time`, `update_time`, `user_id`, `relation_id`) VALUES ('1453969963685093377', '1', '0', '2021-10-29 14:20:27', '2021-10-29 14:20:27', '1387751568009359361', '1273186784766128130');
INSERT INTO `user_footprint` (`id`, `tenant_id`, `del_flag`, `create_time`, `update_time`, `user_id`, `relation_id`) VALUES ('1454451539153793026', '1', '0', '2021-10-30 22:14:03', '2021-10-30 22:14:03', '1387751568009359361', '1273186784766128130');
INSERT INTO `user_footprint` (`id`, `tenant_id`, `del_flag`, `create_time`, `update_time`, `user_id`, `relation_id`) VALUES ('1455069883649339393', '1', '0', '2021-11-01 15:11:08', '2021-11-01 15:11:08', '1387751568009359361', '1273189745068142593');
INSERT INTO `user_footprint` (`id`, `tenant_id`, `del_flag`, `create_time`, `update_time`, `user_id`, `relation_id`) VALUES ('1455069943812435970', '1', '0', '2021-11-01 15:11:23', '2021-11-01 15:11:23', '1387751568009359361', '1273191752084549634');
INSERT INTO `user_footprint` (`id`, `tenant_id`, `del_flag`, `create_time`, `update_time`, `user_id`, `relation_id`) VALUES ('1455069986736943106', '1', '0', '2021-11-01 15:11:33', '2021-11-01 15:11:33', '1387751568009359361', '1273191752084549634');
INSERT INTO `user_footprint` (`id`, `tenant_id`, `del_flag`, `create_time`, `update_time`, `user_id`, `relation_id`) VALUES ('1455070010757722113', '1', '0', '2021-11-01 15:11:39', '2021-11-01 15:11:39', '1387751568009359361', '1273186784766128130');
INSERT INTO `user_footprint` (`id`, `tenant_id`, `del_flag`, `create_time`, `update_time`, `user_id`, `relation_id`) VALUES ('1455070307420844034', '1', '0', '2021-11-01 15:12:49', '2021-11-01 15:12:49', '1387751568009359361', '1273186784766128130');
COMMIT;

-- ----------------------------
-- Table structure for user_info
-- ----------------------------
DROP TABLE IF EXISTS `user_info`;
CREATE TABLE `user_info` (
  `id` varchar(32) CHARACTER SET utf8mb4 COLLATE utf8mb4_0900_ai_ci NOT NULL COMMENT 'PK',
  `tenant_id` varchar(32) CHARACTER SET utf8mb4 COLLATE utf8mb4_0900_ai_ci NOT NULL COMMENT '所属租户',
  `del_flag` char(2) CHARACTER SET utf8mb4 COLLATE utf8mb4_0900_ai_ci NOT NULL DEFAULT '0' COMMENT '逻辑删除标记（0：显示；1：隐藏）',
  `create_time` datetime NOT NULL DEFAULT CURRENT_TIMESTAMP COMMENT '创建时间',
  `update_time` timestamp NOT NULL DEFAULT CURRENT_TIMESTAMP ON UPDATE CURRENT_TIMESTAMP COMMENT '最后更新时间',
  `user_code` int NOT NULL AUTO_INCREMENT COMMENT '用户编码',
  `app_type` char(10) CHARACTER SET utf8mb4 COLLATE utf8mb4_0900_ai_ci NOT NULL COMMENT '来源应用（MA：小程序；H5：普通H5；H5-WX：微信H5；APP：app；H5-PC：PC端H5）',
  `app_id` varchar(32) CHARACTER SET utf8mb4 COLLATE utf8mb4_0900_ai_ci DEFAULT NULL COMMENT '来源应用id',
  `phone` varchar(15) CHARACTER SET utf8mb3 COLLATE utf8mb3_general_ci DEFAULT NULL COMMENT '手机号码',
  `password` varchar(255) DEFAULT NULL COMMENT '密码',
  `user_grade` smallint DEFAULT '0' COMMENT '用户等级（0：普通用户，1：普通会员）',
  `points_current` int DEFAULT '0' COMMENT '当前积分',
  `nick_name` varchar(100) CHARACTER SET utf8mb4 COLLATE utf8mb4_0900_ai_ci DEFAULT NULL COMMENT '昵称',
  `sex` char(2) CHARACTER SET utf8mb4 COLLATE utf8mb4_0900_ai_ci DEFAULT NULL COMMENT '性别（1：男，2：女，0：未知）',
  `headimg_url` varchar(1000) DEFAULT NULL COMMENT '头像',
  `city` varchar(64) DEFAULT NULL COMMENT '所在城市',
  `country` varchar(64) DEFAULT NULL COMMENT '所在国家',
  `province` varchar(64) DEFAULT NULL COMMENT '所在省份',
  `parent_id` varchar(32) DEFAULT NULL COMMENT '上级ID',
  `version` int DEFAULT '0' COMMENT '版本号',
  PRIMARY KEY (`id`),
  UNIQUE KEY `uk_phone` (`phone`,`tenant_id`),
  KEY `ids_tenant_id` (`tenant_id`) USING BTREE,
  KEY `ids_code` (`user_code`),
  KEY `ids_phone` (`phone`)
) ENGINE=InnoDB AUTO_INCREMENT=197 DEFAULT CHARSET=utf8mb4 COLLATE=utf8mb4_0900_ai_ci ROW_FORMAT=DYNAMIC COMMENT='商城用户';

-- ----------------------------
-- Records of user_info
-- ----------------------------
BEGIN;
INSERT INTO `user_info` (`id`, `tenant_id`, `del_flag`, `create_time`, `update_time`, `user_code`, `app_type`, `app_id`, `phone`, `password`, `user_grade`, `points_current`, `nick_name`, `sex`, `headimg_url`, `city`, `country`, `province`, `parent_id`, `version`) VALUES ('1385064426583863297', '1', '0', '2021-04-22 10:54:27', '2021-10-08 12:29:15', 194, 'MA', 'wxb5816383d0305790', '15802621281', '$2a$10$3NX7F9TJ9N.N3yil/dk7Be4xWiVLwOoNv7Ru0xe.ks.AqrqTuS4Hq', 1, 25310, 'JL', '1', 'https://thirdwx.qlogo.cn/mmopen/vi_32/Q0j4TwGTfTKRsdzV55M85n8DAsVhH7wrS05ficLFjQMLlZUdUichYqZKKCB2GyibRGJNZ3JvPzVWg5hVVRx9hACEw/132', 'Shenzhen', 'China', 'Guangdong', '1387751568009359361', 1);
INSERT INTO `user_info` (`id`, `tenant_id`, `del_flag`, `create_time`, `update_time`, `user_code`, `app_type`, `app_id`, `phone`, `password`, `user_grade`, `points_current`, `nick_name`, `sex`, `headimg_url`, `city`, `country`, `province`, `parent_id`, `version`) VALUES ('1387751568009359361', '1', '0', '2021-04-29 20:52:11', '2021-11-18 18:17:14', 195, 'MA', 'wxb5816383d0305790', '18608419761', '$2a$10$3NX7F9TJ9N.N3yil/dk7Be4xWiVLwOoNv7Ru0xe.ks.AqrqTuS4Hq', 0, 10600, '问问下', '1', 'http://minio.joolun.com/joolun/1/material/32f19366-3c43-4002-9a82-c984a2d20bbf.png', '', 'China', '', '1387779975556374529', 4);
INSERT INTO `user_info` (`id`, `tenant_id`, `del_flag`, `create_time`, `update_time`, `user_code`, `app_type`, `app_id`, `phone`, `password`, `user_grade`, `points_current`, `nick_name`, `sex`, `headimg_url`, `city`, `country`, `province`, `parent_id`, `version`) VALUES ('1387779975556374529', '1', '0', '2021-04-29 22:45:04', '2021-05-06 21:40:46', 196, 'MA', 'wxb5816383d0305790', '15013780815', NULL, 0, 100, '150*****8155', NULL, 'http://minio.joolun.com/joolun/1/material/32f19366-3c43-4002-9a82-c984a2d20bbf.png', NULL, NULL, NULL, NULL, 2);
COMMIT;

-- ----------------------------
-- Table structure for user_record
-- ----------------------------
DROP TABLE IF EXISTS `user_record`;
CREATE TABLE `user_record` (
  `user_id` varchar(32) CHARACTER SET utf8mb4 COLLATE utf8mb4_0900_ai_ci NOT NULL COMMENT 'PK/商城用户ID',
  `tenant_id` varchar(32) CHARACTER SET utf8mb4 COLLATE utf8mb4_0900_ai_ci NOT NULL COMMENT '所属租户',
  `del_flag` char(2) CHARACTER SET utf8mb4 COLLATE utf8mb4_0900_ai_ci NOT NULL DEFAULT '0' COMMENT '逻辑删除标记（0：显示；1：隐藏）',
  `create_time` datetime NOT NULL DEFAULT CURRENT_TIMESTAMP COMMENT '创建时间',
  `update_time` timestamp NOT NULL DEFAULT CURRENT_TIMESTAMP ON UPDATE CURRENT_TIMESTAMP COMMENT '最后更新时间',
  `total_order` int NOT NULL DEFAULT '0' COMMENT '总计订单数（订单支付后计数）',
  `total_amount` decimal(10,2) NOT NULL DEFAULT '0.00' COMMENT '总计消费金额（订单支付后计数）',
  `remarks` varchar(500) CHARACTER SET utf8mb4 COLLATE utf8mb4_0900_ai_ci DEFAULT NULL COMMENT '备注',
  PRIMARY KEY (`user_id`),
  KEY `ids_tenant_id` (`tenant_id`) USING BTREE
) ENGINE=InnoDB DEFAULT CHARSET=utf8mb4 COLLATE=utf8mb4_0900_ai_ci ROW_FORMAT=DYNAMIC COMMENT='用户消费记录';

-- ----------------------------
-- Records of user_record
-- ----------------------------
BEGIN;
INSERT INTO `user_record` (`user_id`, `tenant_id`, `del_flag`, `create_time`, `update_time`, `total_order`, `total_amount`, `remarks`) VALUES ('1385064426583863297', '1', '0', '2021-05-06 20:17:24', '2021-10-08 11:33:40', 32, 81.35, NULL);
INSERT INTO `user_record` (`user_id`, `tenant_id`, `del_flag`, `create_time`, `update_time`, `total_order`, `total_amount`, `remarks`) VALUES ('1387751568009359361', '1', '0', '2021-10-05 16:55:56', '2021-11-01 16:10:02', 62, 1.94, NULL);
COMMIT;

-- ----------------------------
-- Table structure for user_shop
-- ----------------------------
DROP TABLE IF EXISTS `user_shop`;
CREATE TABLE `user_shop` (
  `id` varchar(32) CHARACTER SET utf8mb4 COLLATE utf8mb4_0900_ai_ci NOT NULL COMMENT 'PK',
  `tenant_id` varchar(32) CHARACTER SET utf8mb4 COLLATE utf8mb4_0900_ai_ci NOT NULL COMMENT '所属租户',
  `del_flag` char(2) CHARACTER SET utf8mb4 COLLATE utf8mb4_0900_ai_ci NOT NULL DEFAULT '0' COMMENT '逻辑删除标记（0：显示；1：隐藏）',
  `create_time` datetime NOT NULL DEFAULT CURRENT_TIMESTAMP COMMENT '创建时间',
  `update_time` timestamp NOT NULL DEFAULT CURRENT_TIMESTAMP ON UPDATE CURRENT_TIMESTAMP COMMENT '最后更新时间',
  `user_code` int NOT NULL AUTO_INCREMENT COMMENT '店铺用户编码',
  `shop_id` varchar(32) CHARACTER SET utf8mb4 COLLATE utf8mb4_0900_ai_ci NOT NULL COMMENT '店铺id',
  `user_id` varchar(32) CHARACTER SET utf8mb4 COLLATE utf8mb4_0900_ai_ci NOT NULL COMMENT '商城用户ID',
  `remarks` varchar(500) DEFAULT NULL COMMENT '备注',
  PRIMARY KEY (`id`),
  UNIQUE KEY `uk_shop_user_id` (`tenant_id`,`shop_id`,`user_id`),
  KEY `ids_tenant_id` (`tenant_id`) USING BTREE,
  KEY `user_code` (`user_code`)
) ENGINE=InnoDB AUTO_INCREMENT=37 DEFAULT CHARSET=utf8mb4 COLLATE=utf8mb4_0900_ai_ci ROW_FORMAT=DYNAMIC COMMENT='店铺用户';

-- ----------------------------
-- Records of user_shop
-- ----------------------------
BEGIN;
INSERT INTO `user_shop` (`id`, `tenant_id`, `del_flag`, `create_time`, `update_time`, `user_code`, `shop_id`, `user_id`, `remarks`) VALUES ('1385064582985265154', '1', '0', '2021-04-22 10:55:04', '2021-04-22 10:55:04', 31, '1261176336950480898', '1385064426583863297', NULL);
INSERT INTO `user_shop` (`id`, `tenant_id`, `del_flag`, `create_time`, `update_time`, `user_code`, `shop_id`, `user_id`, `remarks`) VALUES ('1390490908254863362', '1', '0', '2021-05-07 10:17:21', '2021-05-07 10:17:21', 32, '1261193346845495297', '1385064426583863297', NULL);
INSERT INTO `user_shop` (`id`, `tenant_id`, `del_flag`, `create_time`, `update_time`, `user_code`, `shop_id`, `user_id`, `remarks`) VALUES ('1417313364013563906', '1', '0', '2021-07-20 10:40:13', '2021-07-20 10:40:13', 33, '1261193631538073602', '1385064426583863297', NULL);
INSERT INTO `user_shop` (`id`, `tenant_id`, `del_flag`, `create_time`, `update_time`, `user_code`, `shop_id`, `user_id`, `remarks`) VALUES ('1444928335733346306', '1', '0', '2021-10-04 15:32:15', '2021-10-04 15:32:15', 34, '1261193631538073602', '1387751568009359361', NULL);
INSERT INTO `user_shop` (`id`, `tenant_id`, `del_flag`, `create_time`, `update_time`, `user_code`, `shop_id`, `user_id`, `remarks`) VALUES ('1445310815439273986', '1', '0', '2021-10-05 16:52:05', '2021-10-05 16:52:05', 35, '1261193346845495297', '1387751568009359361', NULL);
INSERT INTO `user_shop` (`id`, `tenant_id`, `del_flag`, `create_time`, `update_time`, `user_code`, `shop_id`, `user_id`, `remarks`) VALUES ('1445614059298299906', '1', '0', '2021-10-06 12:57:04', '2021-10-06 12:57:04', 36, '1261176336950480898', '1387751568009359361', NULL);
COMMIT;

-- ----------------------------
-- Table structure for user_withdraw_record
-- ----------------------------
DROP TABLE IF EXISTS `user_withdraw_record`;
CREATE TABLE `user_withdraw_record` (
  `id` varchar(32) CHARACTER SET utf8mb4 COLLATE utf8mb4_0900_ai_ci NOT NULL COMMENT 'PK',
  `tenant_id` varchar(32) CHARACTER SET utf8mb4 COLLATE utf8mb4_0900_ai_ci NOT NULL COMMENT '所属租户',
  `del_flag` char(2) CHARACTER SET utf8mb4 COLLATE utf8mb4_0900_ai_ci NOT NULL DEFAULT '0' COMMENT '逻辑删除标记（0：显示；1：隐藏）',
  `create_time` datetime NOT NULL DEFAULT CURRENT_TIMESTAMP COMMENT '创建时间',
  `update_time` timestamp NOT NULL DEFAULT CURRENT_TIMESTAMP ON UPDATE CURRENT_TIMESTAMP COMMENT '最后更新时间',
  `user_id` varchar(32) CHARACTER SET utf8mb4 COLLATE utf8mb4_0900_ai_ci NOT NULL COMMENT '商城用户ID',
  `withdraw_type` char(2) CHARACTER SET utf8mb4 COLLATE utf8mb4_0900_ai_ci NOT NULL COMMENT '提现类型（1：分销拥金提现）',
  `apply_amount` decimal(10,2) NOT NULL COMMENT '申请金额',
  `payment_method` char(2) CHARACTER SET utf8mb4 COLLATE utf8mb4_0900_ai_ci NOT NULL COMMENT '收款方式（1：银行卡）',
  `payment_detail` varchar(1024) CHARACTER SET utf8mb4 COLLATE utf8mb4_0900_ai_ci NOT NULL COMMENT '收款明细',
  `status` char(2) CHARACTER SET utf8mb4 COLLATE utf8mb4_0900_ai_ci NOT NULL DEFAULT '0' COMMENT '审核状态（0：审核中；1：审核通过；2：审核不通过）',
  `verify_detail` varchar(50) CHARACTER SET utf8mb4 COLLATE utf8mb4_0900_ai_ci DEFAULT NULL COMMENT '审核明细',
  `remarks` varchar(500) CHARACTER SET utf8mb4 COLLATE utf8mb4_0900_ai_ci DEFAULT NULL COMMENT '备注',
  PRIMARY KEY (`id`),
  KEY `ids_tenant_id` (`tenant_id`) USING BTREE
) ENGINE=InnoDB DEFAULT CHARSET=utf8mb4 COLLATE=utf8mb4_0900_ai_ci ROW_FORMAT=DYNAMIC COMMENT='用户提现记录';

-- ----------------------------
-- Records of user_withdraw_record
-- ----------------------------
BEGIN;
INSERT INTO `user_withdraw_record` (`id`, `tenant_id`, `del_flag`, `create_time`, `update_time`, `user_id`, `withdraw_type`, `apply_amount`, `payment_method`, `payment_detail`, `status`, `verify_detail`, `remarks`) VALUES ('1', '1', '0', '2021-05-10 14:57:44', '2021-05-10 17:11:08', '1387751568009359361', '1', 9.40, '1', '长沙银行困支行15455562245555', '1', '3457437', NULL);
INSERT INTO `user_withdraw_record` (`id`, `tenant_id`, `del_flag`, `create_time`, `update_time`, `user_id`, `withdraw_type`, `apply_amount`, `payment_method`, `payment_detail`, `status`, `verify_detail`, `remarks`) VALUES ('1392349738651729921', '1', '0', '2021-05-12 13:23:40', '2021-05-12 13:23:40', '1385064426583863297', '1', 666.00, '1', '中国银行', '0', NULL, '25235');
COMMIT;

SET FOREIGN_KEY_CHECKS = 1;
